customer_id,tenure_months,contract,internet_service,payment_method,paperless_billing,tech_support,online_security,senior_citizen,partner,dependents,monthly_charges,total_charges,addon_count,support_calls_last_90d,unresolved_ticket_last_90d,churned
CUS-106500,15,Two year,No,Bank transfer,Yes,No,Yes,1,Yes,No,44.42,807.9,1,1,0,0
CUS-102944,26,Month-to-month,No,Credit card,No,No,Yes,0,No,No,78.15,2100.56,4,1,0,1
CUS-102024,26,One year,Fiber optic,Bank transfer,Yes,No,Yes,1,Yes,No,137.52,2991.06,5,2,1,0
CUS-100263,59,Month-to-month,Fiber optic,Mailed check,No,No,No,0,No,Yes,98.83,6198.38,3,5,0,1
CUS-104350,25,Month-to-month,DSL,Bank transfer,No,No,No,0,Yes,No,65.54,1657.52,0,1,0,1
CUS-103424,42,One year,DSL,Bank transfer,No,No internet service,Yes,1,No,No,71.18,3267.89,3,1,0,0
CUS-106748,46,Month-to-month,Fiber optic,Electronic check,No,No,No internet service,0,Yes,Yes,93.56,4143.27,1,3,0,0
CUS-106215,10,One year,Fiber optic,Bank transfer,No,Yes,No,0,No,No,111.57,1424.95,2,5,0,1
CUS-106362,40,Month-to-month,DSL,Credit card,Yes,No internet service,Yes,0,No,No,55.01,1976.48,3,1,0,0
CUS-105589,19,Two year,No,Electronic check,Yes,Yes,Yes,1,Yes,No,70.49,1354.84,4,3,1,0
CUS-100132,29,Two year,DSL,Mailed check,No,No,Yes,0,No,No,54.86,1798.81,1,1,0,0
CUS-106406,72,Month-to-month,Fiber optic,Electronic check,Yes,No,Yes,0,Yes,Yes,98.89,7608.92,3,3,0,1
CUS-104279,33,Month-to-month,Fiber optic,Bank transfer,No,Yes,No internet service,0,Yes,No,105.32,3168.79,4,4,0,1
CUS-102398,72,Month-to-month,Fiber optic,Mailed check,No,Yes,Yes,0,No,No,95.64,7151.79,3,2,0,0
CUS-105712,35,Month-to-month,Fiber optic,Electronic check,No,Yes,No,0,Yes,No,96.25,3804.67,5,1,0,0
CUS-103254,53,Month-to-month,DSL,Electronic check,Yes,No,Yes,0,Yes,No,77.9,3830.94,5,1,0,0
CUS-106026,37,One year,Fiber optic,Electronic check,No,Yes,Yes,0,Yes,No,107.9,4594.46,4,2,1,0
CUS-102264,72,Two year,DSL,Credit card,No,No internet service,No internet service,0,No,Yes,41.22,2981.84,2,0,0,0
CUS-101941,14,Two year,No,Credit card,Yes,Yes,No,0,No,No,81.98,1079.19,3,1,0,0
CUS-100763,11,One year,Fiber optic,Credit card,Yes,No,No internet service,0,No,Yes,96.35,1028.5,1,3,0,1
CUS-103176,40,Month-to-month,Fiber optic,Electronic check,Yes,No,Yes,0,No,Yes,106.1,3635.6,2,1,0,0
CUS-103045,28,Month-to-month,No,Bank transfer,Yes,Yes,Yes,0,Yes,Yes,46.61,1355.65,3,3,0,1
CUS-103064,15,Two year,DSL,Electronic check,Yes,No,Yes,0,Yes,No,91.85,1167.72,5,3,0,0
CUS-100101,3,Month-to-month,Fiber optic,Mailed check,No,Yes,No,0,No,No,89.54,211.63,2,1,0,1
CUS-106237,16,Month-to-month,No,Bank transfer,No,No,No internet service,0,Yes,Yes,46.77,754.58,3,2,1,0
CUS-101371,72,Two year,Fiber optic,Electronic check,Yes,Yes,Yes,1,No,No,110.66,7557.06,5,6,1,0
CUS-100625,6,Month-to-month,Fiber optic,Mailed check,No,No internet service,Yes,0,Yes,No,89.85,737.19,1,3,0,0
CUS-103916,40,Two year,Fiber optic,Bank transfer,No,No,Yes,0,No,No,85.2,3590.76,4,2,1,0
CUS-101075,12,Month-to-month,Fiber optic,Credit card,Yes,No,No internet service,0,Yes,No,57.45,574.19,0,2,0,1
CUS-103256,9,Month-to-month,Fiber optic,Electronic check,Yes,Yes,No internet service,0,Yes,No,116.22,737.11,5,6,0,1
CUS-102316,17,Month-to-month,DSL,Mailed check,Yes,No,No,0,Yes,No,46.28,878.39,0,1,0,0
CUS-100561,25,Month-to-month,DSL,Bank transfer,Yes,No,No,0,No,No,47.54,1171.23,1,1,0,0
CUS-105444,48,One year,Fiber optic,Credit card,Yes,Yes,Yes,0,Yes,No,76.27,3509.14,1,4,0,0
CUS-105103,20,One year,No,Bank transfer,Yes,No internet service,Yes,0,Yes,Yes,56.93,1103.04,4,3,0,0
CUS-103007,13,Month-to-month,Fiber optic,Electronic check,Yes,Yes,No internet service,0,No,Yes,125.39,1483.9,5,5,0,1
CUS-101115,40,One year,No,Credit card,No,No,No internet service,0,Yes,Yes,46.45,1953.29,3,1,1,0
CUS-103908,49,Month-to-month,Fiber optic,Mailed check,Yes,Yes,No,0,Yes,Yes,84.36,4225.56,0,3,0,1
CUS-102153,28,Month-to-month,DSL,Electronic check,Yes,No internet service,No internet service,0,Yes,No,82.0,2473.36,3,0,0,1
CUS-106223,19,Two year,DSL,Electronic check,No,Yes,No,0,No,No,64.34,1186.09,3,2,0,0
CUS-105291,30,Month-to-month,Fiber optic,Credit card,No,No,No,0,No,Yes,107.51,2675.02,4,5,1,1
CUS-103509,27,Month-to-month,Fiber optic,Electronic check,Yes,No,Yes,0,No,Yes,116.62,2480.37,5,2,0,1
CUS-101287,50,One year,DSL,Electronic check,No,No,Yes,1,Yes,Yes,93.07,4902.2,5,6,0,0
CUS-100245,13,Month-to-month,Fiber optic,Bank transfer,Yes,Yes,Yes,0,No,No,75.86,1248.71,2,0,0,0
CUS-101795,20,One year,Fiber optic,Mailed check,No,No,No,0,Yes,No,71.3,1840.76,0,3,0,0
CUS-105253,22,Month-to-month,No,Mailed check,Yes,Yes,No,0,No,Yes,54.46,1528.58,4,0,0,0
CUS-103032,42,Month-to-month,Fiber optic,Bank transfer,Yes,No internet service,Yes,0,Yes,Yes,94.89,4074.58,1,2,0,1
CUS-102862,37,One year,Fiber optic,Electronic check,No,No,No,0,Yes,No,117.2,4250.74,2,1,0,0
CUS-102673,72,Month-to-month,Fiber optic,Mailed check,Yes,Yes,Yes,0,Yes,No,112.69,8630.5,3,1,1,1
CUS-105987,72,One year,No,Bank transfer,No,Yes,No internet service,1,Yes,Yes,81.51,6336.44,4,3,0,0
CUS-100177,44,One year,Fiber optic,Mailed check,Yes,No,No internet service,0,Yes,No,96.82,4255.4,3,1,0,0
CUS-106467,31,Month-to-month,Fiber optic,Mailed check,Yes,No,No,0,Yes,No,98.76,2829.03,4,2,0,0
CUS-100037,18,Month-to-month,No,Credit card,Yes,Yes,No internet service,0,No,No,73.38,1310.66,2,3,0,0
CUS-103396,22,Month-to-month,Fiber optic,Credit card,Yes,No,No,0,Yes,No,87.93,2212.5,1,1,0,1
CUS-103809,24,Two year,DSL,Mailed check,No,No,No,0,Yes,Yes,67.61,1187.01,1,1,0,0
CUS-104708,5,Month-to-month,DSL,Electronic check,No,No,Yes,0,Yes,No,62.81,492.79,3,0,0,0
CUS-103366,45,One year,DSL,Bank transfer,Yes,No internet service,No,0,Yes,No,69.73,3089.08,2,0,0,0
CUS-104672,24,Month-to-month,Fiber optic,Bank transfer,Yes,Yes,Yes,0,Yes,Yes,101.18,2467.22,2,4,0,1
CUS-100585,19,Month-to-month,DSL,Electronic check,Yes,No internet service,No,0,No,No,68.36,1320.12,4,0,0,1
CUS-101438,7,Two year,Fiber optic,Mailed check,Yes,No,No,0,Yes,No,122.69,707.6,5,1,0,0
CUS-101022,6,Month-to-month,Fiber optic,Credit card,Yes,Yes,No internet service,0,No,Yes,88.48,286.48,3,3,1,1
CUS-100544,7,One year,DSL,Bank transfer,No,Yes,No,0,No,Yes,63.46,31.73,3,3,0,0
CUS-103880,48,Month-to-month,Fiber optic,Electronic check,Yes,Yes,No,0,Yes,Yes,81.94,3953.8,0,3,1,1
CUS-101074,13,Month-to-month,No,Electronic check,Yes,No internet service,No,0,No,No,81.18,1311.12,4,0,1,1
CUS-103966,15,Two year,DSL,Electronic check,No,No,No internet service,0,Yes,Yes,60.62,839.76,5,3,0,0
CUS-102549,28,Month-to-month,DSL,Electronic check,Yes,No,No,0,Yes,No,69.68,2123.99,2,2,0,0
CUS-104927,34,Month-to-month,No,Bank transfer,Yes,Yes,No,1,No,Yes,51.57,1875.26,1,2,0,0
CUS-100752,27,One year,DSL,Credit card,Yes,Yes,No internet service,0,Yes,Yes,91.53,2035.71,5,4,0,0
CUS-104812,60,Two year,No,Bank transfer,Yes,No,Yes,0,Yes,No,39.75,2288.71,0,0,0,0
CUS-104303,23,Two year,No,Electronic check,Yes,No,Yes,1,Yes,No,68.14,1741.28,4,2,0,0
CUS-104938,24,One year,Fiber optic,Credit card,No,No internet service,No,0,No,Yes,82.73,1531.02,5,2,0,0
CUS-103433,47,One year,DSL,Electronic check,Yes,No,No,1,No,No,41.69,1970.82,0,0,0,0
CUS-101606,41,One year,No,Credit card,No,Yes,No internet service,0,Yes,No,62.96,2716.35,4,3,0,0
CUS-103915,16,One year,No,Electronic check,Yes,No,No,0,Yes,No,44.11,766.41,0,3,0,0
CUS-106963,8,Two year,DSL,Credit card,Yes,No,Yes,0,Yes,No,44.88,287.04,0,2,1,0
CUS-106649,47,Month-to-month,DSL,Mailed check,No,Yes,No,0,No,Yes,59.41,2813.38,3,1,0,0
CUS-102117,14,Month-to-month,Fiber optic,Credit card,Yes,No internet service,No,0,No,Yes,61.61,1118.37,0,0,0,0
CUS-102440,25,Month-to-month,DSL,Electronic check,Yes,Yes,No,1,Yes,Yes,52.79,1674.18,4,0,0,1
CUS-104343,31,Month-to-month,Fiber optic,Credit card,Yes,No,No,1,Yes,Yes,90.28,3017.45,0,0,1,1
CUS-101934,21,Month-to-month,Fiber optic,Credit card,Yes,No,Yes,0,No,Yes,128.89,2400.91,5,6,0,1
CUS-102199,21,Month-to-month,DSL,Bank transfer,Yes,Yes,No,0,No,No,41.71,859.83,2,5,0,0
CUS-100050,19,Month-to-month,Fiber optic,Credit card,Yes,No internet service,No,0,No,No,108.94,1161.23,4,4,0,1
CUS-103639,20,Month-to-month,No,Bank transfer,Yes,No,No,0,No,Yes,44.34,804.09,3,0,0,0
CUS-104766,35,Month-to-month,No,Electronic check,Yes,No,No,0,Yes,No,82.15,2850.4,4,2,0,0
CUS-106952,36,Month-to-month,Fiber optic,Electronic check,Yes,No internet service,Yes,0,Yes,No,52.08,1808.28,0,1,0,0
CUS-102860,4,Month-to-month,Fiber optic,Mailed check,Yes,No,No,0,No,No,65.44,32.72,1,5,0,1
CUS-103082,72,One year,No,Bank transfer,No,Yes,No,1,No,Yes,65.89,4491.08,5,2,0,0
CUS-105433,11,Month-to-month,Fiber optic,Electronic check,No,No,No,0,No,No,92.23,1551.08,3,1,0,1
CUS-100429,19,Month-to-month,Fiber optic,Electronic check,Yes,No,No,0,No,No,88.15,1356.29,0,1,0,0
CUS-106891,3,Month-to-month,Fiber optic,Electronic check,No,No internet service,No internet service,1,No,No,116.0,346.57,5,1,0,1
CUS-104154,19,Month-to-month,Fiber optic,Electronic check,Yes,No,Yes,0,No,No,63.85,1430.1,1,3,0,0
CUS-103889,48,Two year,Fiber optic,Electronic check,Yes,No internet service,No internet service,0,No,No,98.47,4307.83,5,4,0,0
CUS-101412,48,Month-to-month,Fiber optic,Electronic check,Yes,No internet service,No internet service,0,No,No,85.9,4405.95,4,0,0,1
CUS-101732,20,Month-to-month,DSL,Mailed check,No,Yes,Yes,0,No,Yes,51.07,1201.95,1,1,0,0
CUS-102249,9,One year,DSL,Credit card,No,Yes,Yes,0,Yes,No,66.06,727.13,2,2,1,0
CUS-106648,13,Month-to-month,Fiber optic,Electronic check,No,No,Yes,0,No,No,136.28,2091.0,4,6,0,0
CUS-102781,33,Two year,Fiber optic,Bank transfer,No,No,No,0,No,Yes,95.68,3095.18,3,0,0,0
CUS-104354,2,Month-to-month,Fiber optic,Electronic check,Yes,Yes,No,0,No,No,113.32,236.55,3,1,0,1
CUS-103946,32,One year,No,Credit card,No,Yes,Yes,0,Yes,Yes,56.32,2125.84,0,1,0,0
CUS-104518,20,Month-to-month,Fiber optic,Credit card,Yes,Yes,No internet service,0,No,Yes,111.76,2888.97,3,1,0,0
CUS-103796,5,Month-to-month,Fiber optic,Electronic check,Yes,No internet service,No,0,No,Yes,77.88,243.05,1,1,0,1
CUS-104246,27,Two year,DSL,Mailed check,Yes,Yes,No,0,Yes,No,23.28,543.75,0,2,0,0
CUS-104108,29,Month-to-month,DSL,Electronic check,No,No internet service,No internet service,0,No,Yes,64.65,1824.67,5,2,1,0
CUS-105648,21,Two year,Fiber optic,Electronic check,Yes,No,No internet service,0,No,Yes,126.22,2585.14,5,3,0,1
CUS-102273,23,Month-to-month,DSL,Mailed check,No,Yes,Yes,0,Yes,No,60.16,1462.58,2,0,0,1
CUS-103392,26,Month-to-month,DSL,Bank transfer,Yes,Yes,No,0,No,Yes,48.18,1113.87,4,0,0,0
CUS-105773,9,One year,Fiber optic,Credit card,No,No,No internet service,0,Yes,No,72.54,455.83,1,2,0,1
CUS-102306,9,Month-to-month,Fiber optic,Bank transfer,No,Yes,Yes,0,No,No,93.02,1073.17,2,2,0,1
CUS-104559,35,Two year,No,Electronic check,No,No internet service,Yes,0,No,Yes,82.34,2869.85,4,2,0,0
CUS-103624,53,Month-to-month,No,Electronic check,No,Yes,Yes,0,No,No,56.76,3050.22,1,2,0,0
CUS-105814,24,Month-to-month,DSL,Credit card,Yes,Yes,No,0,No,No,62.79,1619.74,3,1,0,0
CUS-101740,36,Month-to-month,Fiber optic,Credit card,Yes,Yes,No internet service,1,Yes,Yes,97.38,2707.79,0,0,0,1
CUS-105610,16,Month-to-month,No,Credit card,Yes,No,No internet service,0,No,Yes,60.3,849.9,4,3,0,1
CUS-102118,13,Month-to-month,No,Electronic check,Yes,No,No,0,Yes,Yes,39.17,716.74,0,0,0,1
CUS-106044,27,Two year,Fiber optic,Electronic check,No,No,No,0,No,No,74.54,1915.8,2,0,0,0
CUS-102684,20,Month-to-month,DSL,Bank transfer,No,No,No,0,Yes,No,90.22,1452.38,4,0,0,0
CUS-105620,15,Month-to-month,Fiber optic,Electronic check,No,Yes,Yes,1,No,No,90.05,1549.28,1,4,0,1
CUS-104367,5,Month-to-month,DSL,Mailed check,Yes,No internet service,Yes,0,No,Yes,50.43,228.78,2,1,0,1
CUS-101550,33,One year,Fiber optic,Mailed check,Yes,No internet service,Yes,0,Yes,No,98.68,3132.92,5,4,1,0
CUS-100230,51,One year,DSL,Credit card,Yes,No internet service,No,0,No,Yes,44.41,2175.71,4,1,0,0
CUS-100534,10,One year,Fiber optic,Mailed check,No,No,Yes,0,Yes,No,92.83,937.12,0,2,0,0
CUS-100239,38,Two year,Fiber optic,Electronic check,Yes,Yes,No,0,No,No,92.13,3457.87,5,1,0,0
CUS-106097,47,Two year,No,Electronic check,Yes,No,Yes,1,Yes,No,61.88,3074.91,2,2,0,0
CUS-105441,72,One year,No,Bank transfer,No,Yes,No,0,No,No,33.9,2559.05,0,1,1,0
CUS-105940,11,One year,No,Bank transfer,No,Yes,No internet service,0,Yes,No,33.23,360.98,0,0,0,0
CUS-103817,72,Two year,DSL,Credit card,No,No,No,0,No,No,48.66,3572.47,3,2,0,0
CUS-105920,12,Month-to-month,DSL,Credit card,No,Yes,No internet service,0,No,No,49.81,386.94,1,1,0,1
CUS-103133,26,One year,Fiber optic,Electronic check,No,No,No internet service,0,Yes,No,87.15,2007.83,2,3,0,0
CUS-101888,28,Month-to-month,DSL,Credit card,No,No,No,0,No,No,48.16,1465.68,0,0,0,0
CUS-101328,21,Two year,No,Electronic check,Yes,Yes,Yes,0,No,No,45.73,742.99,2,0,0,0
CUS-103383,26,Month-to-month,Fiber optic,Electronic check,No,No,No internet service,0,No,No,68.69,1801.79,2,1,0,0
CUS-101454,50,Month-to-month,No,Electronic check,No,No,Yes,0,Yes,Yes,65.8,3072.87,1,3,1,1
CUS-105716,32,Two year,Fiber optic,Electronic check,No,No,Yes,0,No,No,83.3,2713.02,0,3,0,0
CUS-105776,24,Two year,Fiber optic,Credit card,No,Yes,No internet service,0,Yes,No,73.05,1857.89,2,1,0,0
CUS-102138,30,Two year,No,Mailed check,Yes,Yes,Yes,0,Yes,Yes,67.4,1967.63,5,2,0,0
CUS-104442,14,Two year,No,Electronic check,No,No,No,0,No,No,86.58,1206.83,4,3,1,0
CUS-102576,72,Month-to-month,Fiber optic,Bank transfer,No,Yes,No,0,Yes,No,100.65,6803.12,1,6,1,0
CUS-102272,12,Two year,DSL,Bank transfer,Yes,Yes,Yes,0,Yes,No,50.53,521.0,2,2,0,0
CUS-102618,35,Month-to-month,Fiber optic,Electronic check,No,No internet service,No internet service,0,No,No,97.01,3176.95,2,2,1,0
CUS-106355,19,Two year,DSL,Bank transfer,Yes,No,No,0,No,No,103.04,1441.22,5,2,0,0
CUS-102623,6,Two year,Fiber optic,Bank transfer,No,No internet service,No internet service,1,No,No,99.85,384.31,4,0,0,0
CUS-100468,53,Month-to-month,DSL,Electronic check,No,No,No,0,No,No,61.6,3389.14,1,1,0,1
CUS-100079,11,One year,Fiber optic,Electronic check,Yes,No,No,0,Yes,No,112.0,1707.58,4,2,0,0
CUS-106359,53,Two year,Fiber optic,Bank transfer,Yes,No,No,0,Yes,Yes,90.25,4834.04,2,3,0,0
CUS-104953,36,One year,No,Electronic check,Yes,No,Yes,0,No,Yes,66.31,2351.95,2,1,0,0
CUS-103463,47,One year,DSL,Bank transfer,No,No,No,0,No,No,67.06,3099.88,4,0,0,0
CUS-102063,34,Month-to-month,Fiber optic,Electronic check,Yes,No internet service,Yes,0,Yes,No,100.71,3242.06,4,3,0,1
CUS-104877,27,Month-to-month,Fiber optic,Electronic check,No,No internet service,No internet service,0,No,No,122.52,3004.32,4,0,0,0
CUS-106369,35,Two year,No,Credit card,Yes,No internet service,No,0,Yes,Yes,55.52,1926.2,1,2,1,0
CUS-103933,20,Month-to-month,Fiber optic,Electronic check,Yes,No internet service,No,1,No,No,108.84,2489.31,3,2,0,1
CUS-105507,18,Two year,DSL,Credit card,Yes,No,No internet service,0,No,Yes,78.73,1479.56,4,1,0,0
CUS-106463,66,Two year,Fiber optic,Electronic check,Yes,No,No,0,Yes,No,97.86,6957.94,5,1,0,1
CUS-103172,68,One year,DSL,Credit card,No,Yes,No,0,Yes,Yes,61.53,4569.8,2,2,0,0
CUS-101894,67,Month-to-month,Fiber optic,Credit card,Yes,Yes,Yes,0,Yes,Yes,106.25,7159.55,4,1,1,0
CUS-102206,2,Month-to-month,No,Credit card,No,Yes,Yes,0,Yes,Yes,56.07,365.34,0,2,0,0
CUS-100994,52,Month-to-month,Fiber optic,Electronic check,Yes,No,No,0,Yes,No,129.79,6413.07,5,1,0,1
CUS-101801,54,Month-to-month,No,Mailed check,No,No internet service,No,0,Yes,Yes,54.1,2544.9,3,1,0,0
CUS-106848,36,One year,No,Electronic check,Yes,No internet service,Yes,0,Yes,Yes,74.77,2768.71,4,1,0,1
CUS-101452,19,One year,Fiber optic,Bank transfer,No,Yes,No,0,Yes,No,63.11,1324.41,0,2,0,0
CUS-101586,18,Month-to-month,No,Mailed check,No,No internet service,No,0,Yes,Yes,82.58,945.45,5,1,0,0
CUS-104013,60,Month-to-month,Fiber optic,Credit card,Yes,No internet service,No,1,Yes,No,137.23,8327.43,5,3,0,1
CUS-100457,13,Month-to-month,DSL,Credit card,No,No,No internet service,1,Yes,Yes,52.48,796.59,4,0,0,0
CUS-101451,30,Month-to-month,No,Mailed check,Yes,No internet service,No internet service,0,Yes,No,41.09,1411.55,1,0,0,0
CUS-105964,8,One year,Fiber optic,Bank transfer,No,No internet service,No,1,No,Yes,79.85,770.14,2,2,0,0
CUS-105368,26,Month-to-month,Fiber optic,Credit card,No,No,No internet service,0,No,No,79.34,1998.23,0,3,1,0
CUS-100437,15,One year,Fiber optic,Electronic check,Yes,No,Yes,0,No,No,117.04,1510.29,5,4,0,0
CUS-105946,66,Month-to-month,DSL,Mailed check,Yes,Yes,Yes,1,No,Yes,64.02,4051.75,1,1,0,1
CUS-105012,27,Month-to-month,Fiber optic,Electronic check,Yes,No,No,1,No,Yes,92.47,2435.07,3,5,0,0
CUS-101971,31,Month-to-month,Fiber optic,Credit card,Yes,No internet service,No,0,Yes,No,94.8,3406.83,4,2,0,1
CUS-105026,10,One year,Fiber optic,Bank transfer,Yes,No,Yes,0,Yes,No,87.36,830.65,2,1,0,0
CUS-102716,21,One year,DSL,Electronic check,No,No,Yes,0,No,No,70.19,1263.62,5,4,0,0
CUS-100469,31,One year,No,Bank transfer,Yes,No,No,0,No,Yes,65.76,2085.53,3,2,0,1
CUS-100503,18,One year,DSL,Electronic check,No,No,Yes,0,Yes,No,77.22,1355.86,4,1,0,0
CUS-101047,46,Month-to-month,Fiber optic,Electronic check,Yes,No,No internet service,0,Yes,No,88.6,4005.11,2,1,0,1
CUS-103360,24,Month-to-month,Fiber optic,Bank transfer,Yes,Yes,No,0,Yes,No,163.7,4083.14,5,4,1,0
CUS-105939,16,Two year,No,Bank transfer,No,Yes,No,0,No,Yes,59.23,930.01,4,0,0,0
CUS-103871,21,One year,No,Bank transfer,Yes,Yes,No,0,Yes,Yes,64.56,1442.01,2,1,0,0
CUS-103929,44,Month-to-month,Fiber optic,Credit card,Yes,No,No,0,Yes,Yes,82.41,3605.22,1,6,0,1
CUS-106100,32,Month-to-month,Fiber optic,Mailed check,Yes,No,No internet service,0,Yes,No,75.94,2258.67,2,1,0,1
CUS-104764,27,One year,Fiber optic,Credit card,Yes,No internet service,No,0,No,Yes,95.88,2948.49,4,2,1,1
CUS-105413,11,Two year,Fiber optic,Credit card,No,Yes,No,0,Yes,No,122.57,1679.85,3,6,0,0
CUS-103615,54,Two year,Fiber optic,Credit card,Yes,No,No,0,Yes,Yes,91.97,4831.44,1,1,0,0
CUS-106156,37,Month-to-month,Fiber optic,Bank transfer,No,No,No,0,No,No,62.52,2344.31,2,2,1,1
CUS-100473,35,One year,Fiber optic,Bank transfer,Yes,No internet service,No internet service,0,No,No,103.58,3487.08,4,3,1,0
CUS-106083,10,One year,No,Electronic check,Yes,Yes,No internet service,1,Yes,Yes,68.18,560.37,3,1,0,0
CUS-102886,52,Two year,DSL,Mailed check,Yes,No,No internet service,0,No,No,53.68,2894.47,3,2,0,0
CUS-101554,9,One year,Fiber optic,Electronic check,Yes,Yes,No,0,No,No,76.6,445.34,3,0,0,0
CUS-104127,23,Two year,Fiber optic,Electronic check,Yes,No,Yes,1,Yes,No,93.84,2482.78,1,2,0,1
CUS-101940,20,Month-to-month,DSL,Credit card,No,No internet service,No,0,No,No,43.38,864.98,1,2,0,0
CUS-106186,28,Month-to-month,DSL,Bank transfer,No,Yes,Yes,0,Yes,No,94.13,2555.62,4,3,0,0
CUS-105947,15,Month-to-month,Fiber optic,Mailed check,Yes,No,Yes,0,Yes,Yes,93.45,1817.03,0,4,0,1
CUS-105459,50,Month-to-month,Fiber optic,Electronic check,Yes,Yes,No internet service,0,No,Yes,110.59,6041.95,2,0,0,0
CUS-106681,10,Month-to-month,Fiber optic,Credit card,Yes,Yes,No,1,No,No,87.61,876.18,1,2,0,0
CUS-106497,23,One year,No,Mailed check,Yes,No,No internet service,0,Yes,No,51.07,1278.5,1,0,0,0
CUS-106150,31,Month-to-month,DSL,Credit card,Yes,No,No,1,Yes,No,66.2,1890.51,3,3,0,1
CUS-102900,34,Month-to-month,DSL,Bank transfer,Yes,No,No internet service,0,No,Yes,61.76,1793.15,4,1,0,0
CUS-101201,6,Month-to-month,No,Electronic check,Yes,No,Yes,0,No,Yes,62.15,317.58,3,2,0,1
CUS-105714,27,Two year,DSL,Mailed check,Yes,Yes,No,0,Yes,Yes,52.94,1481.24,4,1,0,0
CUS-106269,10,One year,Fiber optic,Bank transfer,Yes,Yes,No internet service,0,No,Yes,71.78,978.5,5,2,0,0
CUS-100535,63,Two year,Fiber optic,Electronic check,No,No,No internet service,0,Yes,No,117.9,7878.78,5,5,0,0
CUS-105689,4,Month-to-month,No,Electronic check,No,No,No,0,No,No,40.32,185.38,0,2,0,1
CUS-103733,16,Month-to-month,No,Mailed check,Yes,No internet service,No,0,Yes,Yes,61.49,764.92,3,3,0,1
CUS-105799,8,One year,DSL,Mailed check,Yes,No,No,0,Yes,No,68.2,839.89,2,3,0,0
CUS-102874,17,Month-to-month,DSL,Credit card,No,Yes,No,0,Yes,No,75.07,1685.23,5,1,0,0
CUS-105178,5,Month-to-month,DSL,Mailed check,Yes,No,No internet service,0,Yes,No,58.97,206.25,1,0,0,0
CUS-103142,4,Month-to-month,Fiber optic,Electronic check,No,No internet service,No internet service,0,No,No,124.65,285.64,1,0,0,1
CUS-103113,72,Two year,No,Bank transfer,Yes,Yes,Yes,0,Yes,No,68.3,4713.82,3,1,0,0
CUS-103806,60,Month-to-month,Fiber optic,Bank transfer,No,No,No internet service,1,Yes,Yes,66.29,3793.69,2,2,0,1
CUS-105038,34,Month-to-month,Fiber optic,Credit card,No,No,No internet service,1,No,Yes,81.79,2830.25,2,2,0,0
CUS-104053,22,Month-to-month,No,Mailed check,No,No,Yes,0,Yes,No,52.83,1042.05,2,0,0,0
CUS-103043,58,Month-to-month,No,Bank transfer,Yes,No internet service,Yes,1,No,No,19.01,1121.65,0,0,0,0
CUS-101335,47,Month-to-month,Fiber optic,Bank transfer,Yes,Yes,No,0,Yes,No,113.68,5443.81,2,5,1,1
CUS-106244,24,Month-to-month,DSL,Credit card,Yes,No internet service,No,0,Yes,No,70.79,1541.43,4,2,0,0
CUS-102764,72,One year,Fiber optic,Bank transfer,Yes,No,No internet service,0,No,No,119.96,8014.02,2,0,0,0
CUS-105561,19,Month-to-month,DSL,Electronic check,No,No,No,0,Yes,No,72.89,1170.88,4,1,0,1
CUS-101964,36,Month-to-month,DSL,Bank transfer,Yes,No,No internet service,0,Yes,Yes,35.78,1385.43,1,0,0,0
CUS-101559,32,Two year,Fiber optic,Bank transfer,Yes,No internet service,No,0,No,No,84.28,3102.93,1,5,0,0
CUS-100185,12,Two year,Fiber optic,Bank transfer,Yes,No,No,0,Yes,No,82.04,956.5,5,3,0,0
CUS-105531,34,Month-to-month,Fiber optic,Bank transfer,No,No,No,0,No,Yes,105.7,3477.71,4,1,0,1
CUS-105071,49,Month-to-month,No,Electronic check,Yes,No,No internet service,0,Yes,No,70.04,3337.69,2,1,0,0
CUS-106713,57,One year,Fiber optic,Electronic check,No,No,No internet service,0,No,No,84.93,4947.69,0,3,0,0
CUS-105841,21,Month-to-month,Fiber optic,Mailed check,No,No internet service,No internet service,0,Yes,Yes,107.09,2149.6,4,1,0,1
CUS-106419,15,Month-to-month,DSL,Bank transfer,Yes,No,No,0,No,No,51.81,773.85,2,2,1,0
CUS-103662,10,Two year,No,Electronic check,No,No,No,0,Yes,No,38.73,427.95,1,1,0,0
CUS-103575,26,Month-to-month,Fiber optic,Bank transfer,No,No,No,0,No,No,104.08,2431.46,5,5,0,0
CUS-102077,19,Month-to-month,DSL,Bank transfer,No,No,No,0,No,No,63.55,999.68,1,1,0,1
CUS-101501,30,Month-to-month,Fiber optic,Electronic check,Yes,Yes,No,0,No,Yes,89.04,2563.12,3,3,0,1
CUS-100233,5,Two year,Fiber optic,Electronic check,No,Yes,Yes,0,No,No,104.51,573.67,0,5,1,0
CUS-105489,62,Two year,Fiber optic,Bank transfer,No,No internet service,Yes,0,Yes,No,67.99,4461.45,1,3,0,0
CUS-101498,13,Two year,Fiber optic,Bank transfer,No,No,Yes,0,Yes,No,103.12,1654.89,3,1,1,0
CUS-104756,20,Month-to-month,DSL,Mailed check,No,Yes,No internet service,0,Yes,No,46.66,1036.6,1,4,0,1
CUS-104409,34,Two year,DSL,Bank transfer,No,Yes,No,0,Yes,Yes,62.15,2325.56,5,1,0,0
CUS-103717,18,Month-to-month,No,Credit card,No,No,No internet service,0,No,No,63.41,903.45,2,2,0,1
CUS-102498,16,Month-to-month,No,Bank transfer,Yes,No,Yes,0,No,No,54.9,816.5,3,0,1,0
CUS-100734,52,One year,Fiber optic,Credit card,No,No,No internet service,0,No,No,106.44,5423.16,3,2,0,1
CUS-101649,30,Two year,Fiber optic,Electronic check,Yes,No,No,0,No,No,87.73,2661.58,0,3,0,0
CUS-101956,58,Two year,No,Mailed check,No,No internet service,Yes,0,Yes,No,91.14,5797.73,5,2,1,0
CUS-106492,20,One year,Fiber optic,Mailed check,Yes,Yes,Yes,0,No,No,116.31,2016.22,1,5,0,0
CUS-102276,12,Month-to-month,Fiber optic,Credit card,Yes,No,Yes,0,Yes,Yes,67.29,770.36,2,1,0,0
CUS-104125,18,Two year,DSL,Electronic check,Yes,No,No,0,Yes,No,65.45,990.29,3,1,1,0
CUS-104464,23,Month-to-month,No,Bank transfer,No,No,Yes,0,No,No,65.93,1817.76,5,0,0,1
CUS-106459,24,Month-to-month,DSL,Electronic check,Yes,No,No,0,No,Yes,69.79,2003.12,3,0,0,1
CUS-103044,20,Month-to-month,No,Bank transfer,Yes,No,Yes,0,Yes,No,50.79,1095.18,2,0,0,0
CUS-101582,12,Month-to-month,Fiber optic,Credit card,No,Yes,No,1,No,No,106.6,1397.47,5,2,0,1
CUS-105272,23,One year,DSL,Credit card,Yes,No,No,0,No,No,82.77,1661.16,5,2,0,0
CUS-102375,29,Two year,DSL,Mailed check,No,No internet service,Yes,0,No,No,57.9,1699.25,0,1,0,0
CUS-104035,17,Month-to-month,DSL,Credit card,No,No,Yes,0,No,No,68.11,1115.79,4,4,0,0
CUS-101869,46,Month-to-month,DSL,Bank transfer,No,No internet service,No,0,No,No,63.27,3215.49,2,1,0,1
CUS-104989,10,One year,Fiber optic,Electronic check,Yes,Yes,Yes,0,No,No,109.35,1205.91,5,8,0,1
CUS-105821,37,Two year,DSL,Electronic check,Yes,Yes,Yes,1,No,No,74.54,2673.76,2,3,0,0
CUS-103090,28,Two year,DSL,Electronic check,Yes,No,Yes,0,No,No,28.85,858.13,0,1,0,0
CUS-104901,36,Month-to-month,Fiber optic,Bank transfer,Yes,Yes,Yes,0,No,No,102.71,2904.28,0,3,0,0
CUS-100217,10,One year,No,Electronic check,Yes,No,Yes,1,No,No,40.83,356.71,5,2,0,0
CUS-104998,49,Month-to-month,No,Electronic check,Yes,Yes,Yes,0,Yes,Yes,57.48,2637.72,4,0,0,0
CUS-104536,33,Month-to-month,DSL,Electronic check,No,No,Yes,0,Yes,No,51.7,1637.31,2,1,0,0
CUS-103422,53,Month-to-month,DSL,Credit card,Yes,No,No internet service,1,No,Yes,37.78,2046.96,5,1,0,0
CUS-103269,56,Month-to-month,DSL,Bank transfer,Yes,No,No internet service,0,Yes,No,55.3,3238.51,2,1,0,0
CUS-100676,37,Month-to-month,No,Electronic check,Yes,No,No,0,Yes,Yes,82.55,2634.5,4,2,0,0
CUS-106724,14,Two year,Fiber optic,Mailed check,Yes,No internet service,No internet service,0,No,No,86.79,1050.68,2,0,0,0
CUS-105210,11,Two year,Fiber optic,Electronic check,No,No,No,1,Yes,No,83.95,790.8,1,4,0,1
CUS-103413,18,Month-to-month,No,Mailed check,Yes,No internet service,No,0,No,No,57.85,1092.81,1,3,0,0
CUS-104328,55,Two year,DSL,Mailed check,No,No,No,0,No,No,46.05,2537.07,4,3,0,0
CUS-101420,8,Month-to-month,Fiber optic,Mailed check,No,No,Yes,0,No,No,110.02,303.81,2,1,0,0
CUS-104253,27,Month-to-month,Fiber optic,Bank transfer,Yes,Yes,No internet service,0,Yes,No,104.02,2449.35,4,1,0,0
CUS-100381,72,Two year,Fiber optic,Mailed check,Yes,No internet service,Yes,1,Yes,No,129.4,9151.71,4,4,0,0
CUS-106048,18,Month-to-month,No,Electronic check,No,Yes,No,1,No,No,67.47,1383.11,5,0,0,0
CUS-106755,28,Month-to-month,DSL,Credit card,Yes,No,Yes,1,No,No,48.74,1487.72,2,1,0,0
CUS-101158,3,One year,Fiber optic,Electronic check,No,Yes,No,0,Yes,Yes,91.68,45.84,4,3,0,1
CUS-103285,21,Month-to-month,DSL,Credit card,No,No,No internet service,0,Yes,No,61.8,1265.83,2,2,0,1
CUS-105461,25,Month-to-month,Fiber optic,Bank transfer,Yes,No,No internet service,1,No,Yes,120.78,3176.62,4,5,0,1
CUS-104618,25,Two year,DSL,Credit card,Yes,No internet service,No internet service,0,No,Yes,77.38,1726.82,5,0,0,0
CUS-100736,6,Month-to-month,No,Bank transfer,Yes,Yes,No,0,No,No,76.53,78.04,5,1,0,0
CUS-102323,43,Two year,DSL,Mailed check,Yes,Yes,No,0,No,No,56.69,2576.89,0,1,1,0
CUS-100169,10,Month-to-month,DSL,Bank transfer,No,Yes,No,0,No,No,50.18,628.07,2,5,0,0
CUS-102651,14,Two year,DSL,Credit card,Yes,No,No,0,No,Yes,49.76,658.41,2,0,0,0
CUS-100683,32,Month-to-month,No,Credit card,Yes,No,Yes,0,No,Yes,23.02,656.56,0,0,0,0
CUS-100742,28,Month-to-month,Fiber optic,Mailed check,No,No internet service,Yes,0,No,Yes,82.3,2362.44,1,1,0,0
CUS-102132,26,Month-to-month,No,Mailed check,Yes,Yes,No,0,Yes,Yes,59.86,1554.08,0,1,0,0
CUS-101175,35,Month-to-month,No,Bank transfer,Yes,No,No,0,Yes,No,64.95,2447.71,3,2,0,0
CUS-100393,26,One year,DSL,Credit card,No,Yes,Yes,0,Yes,No,84.19,2213.89,3,2,0,0
CUS-100970,8,Two year,Fiber optic,Mailed check,No,No,No internet service,0,Yes,No,66.55,554.72,0,3,1,0
CUS-105607,2,Month-to-month,Fiber optic,Electronic check,Yes,No internet service,No,0,Yes,No,100.53,50.26,3,2,0,1
CUS-105402,27,Month-to-month,Fiber optic,Electronic check,Yes,No internet service,No,0,No,No,92.31,2261.15,2,1,0,1
CUS-103994,31,One year,Fiber optic,Electronic check,No,Yes,No,1,No,No,97.72,3475.68,1,1,0,0
CUS-104918,24,Two year,No,Mailed check,Yes,No,Yes,0,Yes,No,60.2,1757.5,0,2,0,0
CUS-101379,50,Month-to-month,Fiber optic,Credit card,Yes,No internet service,No internet service,0,Yes,No,87.99,4227.6,5,1,0,1
CUS-105594,36,One year,Fiber optic,Bank transfer,No,No,No,0,No,Yes,98.8,3678.27,1,2,0,0
CUS-105155,33,One year,DSL,Electronic check,Yes,No,No,0,No,No,64.54,1834.61,2,2,0,0
CUS-104365,47,Month-to-month,No,Electronic check,No,No internet service,No,0,Yes,No,73.96,3527.13,3,3,0,0
CUS-100179,29,Month-to-month,Fiber optic,Mailed check,Yes,Yes,Yes,1,No,No,95.05,2600.18,0,3,0,0
CUS-102579,14,Month-to-month,DSL,Electronic check,Yes,No internet service,No internet service,0,No,No,58.99,833.17,4,1,0,0
CUS-106569,8,Two year,Fiber optic,Credit card,Yes,No,Yes,0,Yes,Yes,130.55,1340.56,3,4,0,0
CUS-101683,13,Month-to-month,DSL,Bank transfer,No,No internet service,No,0,Yes,No,48.09,709.78,1,0,0,0
CUS-101566,14,One year,Fiber optic,Electronic check,No,No internet service,No internet service,0,No,No,93.41,1475.52,1,2,0,0
CUS-106982,23,Two year,Fiber optic,Electronic check,Yes,No,No internet service,0,No,Yes,63.69,1897.95,2,1,0,0
CUS-105445,24,Two year,DSL,Mailed check,Yes,Yes,Yes,1,Yes,No,57.32,1157.74,4,0,0,0
CUS-101108,11,Month-to-month,Fiber optic,Electronic check,Yes,Yes,No internet service,0,Yes,No,121.5,1369.95,4,2,0,1
CUS-103127,41,Month-to-month,No,Bank transfer,Yes,No,Yes,0,Yes,Yes,63.32,2450.04,2,0,0,0
CUS-106527,36,Two year,DSL,Bank transfer,No,Yes,No,0,Yes,No,49.35,1573.12,0,2,0,0
CUS-104534,46,Month-to-month,Fiber optic,Credit card,Yes,No,No,0,No,No,88.92,3788.34,3,1,0,0
CUS-104816,54,Month-to-month,Fiber optic,Electronic check,Yes,No,No,1,Yes,Yes,81.46,4956.48,4,2,0,0
CUS-101954,29,Month-to-month,DSL,Electronic check,Yes,No internet service,No,0,No,No,62.44,1720.31,3,3,0,0
CUS-100168,39,Month-to-month,Fiber optic,Mailed check,No,No,No,0,No,Yes,75.66,2896.52,2,2,0,0
CUS-101414,30,One year,DSL,Electronic check,Yes,No internet service,No internet service,0,Yes,No,69.75,2599.93,4,2,1,1
CUS-106318,41,Month-to-month,No,Credit card,No,No,No,0,Yes,No,60.97,2208.91,5,1,1,1
CUS-100706,56,Two year,DSL,Credit card,Yes,No,No,0,Yes,No,75.21,4003.71,5,5,1,0
CUS-101671,31,Month-to-month,No,Credit card,Yes,No,Yes,0,No,No,65.38,1710.68,2,1,0,0
CUS-104201,40,One year,No,Credit card,No,Yes,No internet service,1,Yes,No,45.93,1786.13,1,4,0,0
CUS-104526,17,One year,Fiber optic,Electronic check,Yes,Yes,No internet service,0,Yes,No,98.93,1606.11,2,2,0,0
CUS-105564,36,Two year,No,Mailed check,Yes,No internet service,Yes,0,No,No,71.04,2422.48,5,0,0,0
CUS-103195,5,Month-to-month,DSL,Electronic check,No,No,No,0,No,Yes,69.55,245.37,5,1,0,0
CUS-101729,41,One year,Fiber optic,Mailed check,No,No,No internet service,0,Yes,No,151.98,5442.86,5,7,0,0
CUS-106643,38,Month-to-month,No,Electronic check,Yes,No,No internet service,0,Yes,No,65.14,2709.93,3,1,0,0
CUS-100435,14,Month-to-month,No,Mailed check,Yes,No,No,0,No,Yes,62.67,1105.87,3,2,0,1
CUS-103574,23,Two year,DSL,Credit card,No,Yes,No,0,No,No,71.35,1703.73,5,2,0,1
CUS-102759,12,One year,DSL,Credit card,No,No,No,0,Yes,No,64.4,638.98,1,2,0,0
CUS-100511,19,Month-to-month,Fiber optic,Mailed check,Yes,No internet service,No internet service,0,Yes,No,94.96,1734.39,3,2,0,0
CUS-101578,37,Month-to-month,No,Bank transfer,Yes,Yes,No internet service,0,Yes,Yes,93.39,3781.74,5,3,0,1
CUS-102481,6,Two year,Fiber optic,Electronic check,Yes,No,Yes,0,Yes,No,97.64,360.34,3,4,0,0
CUS-105965,18,Month-to-month,DSL,Electronic check,Yes,No internet service,No,1,No,Yes,47.88,962.17,0,1,0,1
CUS-106218,8,Month-to-month,DSL,Mailed check,Yes,Yes,No,0,No,No,65.27,340.75,3,3,1,1
CUS-100811,24,One year,Fiber optic,Electronic check,Yes,No,Yes,0,No,No,80.72,2058.54,1,0,0,0
CUS-101277,60,Two year,DSL,Electronic check,Yes,No,No,0,No,No,58.5,3527.77,5,1,0,0
CUS-104830,26,One year,DSL,Electronic check,Yes,No,No,0,Yes,No,74.02,2101.21,4,1,0,0
CUS-104919,16,Month-to-month,Fiber optic,Electronic check,No,No,Yes,0,No,Yes,99.84,1641.55,4,4,0,0
CUS-101858,19,Two year,DSL,Bank transfer,Yes,No,No internet service,0,No,No,50.57,1090.6,2,3,1,0
CUS-101652,24,One year,DSL,Electronic check,Yes,No,Yes,0,No,No,23.06,470.41,0,2,0,0
CUS-103337,7,Two year,Fiber optic,Bank transfer,Yes,No internet service,Yes,0,No,No,94.93,789.04,3,4,0,0
CUS-103862,24,Month-to-month,Fiber optic,Electronic check,Yes,No internet service,No,0,No,Yes,85.16,1954.4,3,3,0,1
CUS-101090,26,One year,Fiber optic,Electronic check,No,No internet service,No,0,No,No,88.63,2130.14,3,2,0,0
CUS-102417,21,Two year,DSL,Bank transfer,No,No internet service,No internet service,1,Yes,No,56.2,1256.11,4,1,0,0
CUS-103646,44,Two year,Fiber optic,Bank transfer,No,No,No,0,No,Yes,88.43,3419.97,1,1,0,0
CUS-103975,15,Month-to-month,Fiber optic,Mailed check,Yes,No,No,0,No,No,118.9,1659.88,4,6,1,1
CUS-104254,29,One year,DSL,Bank transfer,Yes,No internet service,Yes,1,No,No,65.3,1880.15,0,3,0,0
CUS-101443,72,Two year,Fiber optic,Electronic check,Yes,No internet service,No,0,No,Yes,105.64,7410.67,5,0,0,0
CUS-101632,10,Month-to-month,DSL,Mailed check,No,No,No internet service,0,Yes,No,61.23,564.0,4,2,0,0
CUS-101375,72,One year,DSL,Mailed check,No,No,No,0,Yes,No,48.44,3387.34,1,0,0,0
CUS-106055,16,One year,DSL,Credit card,Yes,No,Yes,1,Yes,No,53.13,1228.74,3,1,0,0
CUS-106874,21,One year,Fiber optic,Mailed check,Yes,No internet service,Yes,0,Yes,No,69.1,1311.92,1,1,0,0
CUS-106328,72,Month-to-month,No,Credit card,Yes,No,No,0,No,Yes,72.26,5217.98,2,0,0,0
CUS-100080,72,Month-to-month,Fiber optic,Electronic check,No,Yes,No,0,No,No,86.06,6066.1,0,7,0,1
CUS-103095,48,Two year,Fiber optic,Credit card,No,No internet service,No internet service,1,No,No,101.51,4952.02,2,2,0,0
CUS-106485,72,Month-to-month,Fiber optic,Bank transfer,No,Yes,No,0,No,No,87.63,6141.14,3,5,1,0
CUS-104983,56,Month-to-month,No,Credit card,Yes,Yes,Yes,0,Yes,No,89.68,5306.83,5,3,0,1
CUS-101817,31,Two year,Fiber optic,Bank transfer,Yes,No internet service,Yes,0,No,Yes,104.46,3676.49,5,3,1,0
CUS-100095,18,Two year,Fiber optic,Credit card,Yes,No,Yes,1,Yes,No,93.64,1941.5,1,4,0,0
CUS-104347,12,Month-to-month,Fiber optic,Mailed check,No,No internet service,Yes,0,Yes,Yes,112.88,1612.21,2,3,0,0
CUS-106389,13,Month-to-month,No,Mailed check,No,Yes,No,0,No,No,44.41,574.43,0,1,0,0
CUS-101891,20,Two year,DSL,Electronic check,Yes,No,No,0,No,No,64.02,866.78,2,2,1,0
CUS-106243,28,Month-to-month,Fiber optic,Electronic check,Yes,No internet service,Yes,0,No,No,152.7,4164.13,5,8,0,1
CUS-104423,15,Month-to-month,Fiber optic,Electronic check,No,No internet service,No,1,No,Yes,117.5,2022.58,1,4,0,1
CUS-106868,48,Month-to-month,Fiber optic,Bank transfer,Yes,No,No internet service,0,Yes,No,85.14,3844.2,1,3,0,0
CUS-104113,19,Month-to-month,DSL,Credit card,Yes,Yes,Yes,0,No,Yes,42.67,826.56,0,0,0,0
CUS-101078,35,Month-to-month,Fiber optic,Credit card,No,No,No,1,Yes,No,114.03,4223.33,5,5,0,0
CUS-105520,65,One year,Fiber optic,Mailed check,Yes,Yes,No,0,No,No,86.74,5849.44,1,0,0,0
CUS-102908,22,Month-to-month,Fiber optic,Mailed check,No,No,No,0,No,No,96.22,2812.5,3,0,0,0
CUS-105656,21,Month-to-month,Fiber optic,Credit card,Yes,No,No internet service,0,No,Yes,92.58,1847.07,2,2,0,0
CUS-101374,22,Month-to-month,DSL,Bank transfer,No,No internet service,No,0,Yes,No,32.6,615.12,0,0,1,0
CUS-104028,22,Two year,Fiber optic,Credit card,No,No,No internet service,0,No,No,115.33,2257.54,4,0,0,0
CUS-103882,44,Month-to-month,DSL,Electronic check,Yes,No,No,1,Yes,Yes,66.73,2629.52,3,2,0,1
CUS-103805,55,One year,No,Credit card,No,No internet service,No,0,No,No,61.42,3528.58,2,0,0,0
CUS-101005,1,One year,No,Credit card,Yes,Yes,No,1,No,Yes,43.0,194.51,1,2,0,0
CUS-100496,20,Month-to-month,Fiber optic,Bank transfer,No,No internet service,Yes,0,Yes,Yes,98.87,1450.0,0,1,0,0
CUS-100408,19,Month-to-month,Fiber optic,Bank transfer,Yes,Yes,No,0,No,No,121.41,2088.27,3,2,0,0
CUS-101755,45,Month-to-month,Fiber optic,Credit card,No,No,No,0,No,No,77.04,3336.63,3,0,0,0
CUS-103901,48,Month-to-month,Fiber optic,Electronic check,No,No internet service,No,0,No,Yes,91.83,4023.04,1,1,0,1
CUS-103386,17,Month-to-month,No,Electronic check,Yes,No,No internet service,0,No,Yes,56.18,1054.0,1,1,0,1
CUS-101219,17,Month-to-month,DSL,Electronic check,Yes,No,No,0,No,Yes,67.43,1251.34,0,3,0,0
CUS-102531,40,One year,DSL,Electronic check,Yes,No,Yes,0,Yes,No,51.19,2065.92,2,1,0,0
CUS-101744,34,Month-to-month,DSL,Electronic check,No,No internet service,No,1,No,Yes,39.37,1152.55,2,0,0,0
CUS-104467,3,Month-to-month,No,Electronic check,Yes,Yes,No,0,Yes,No,66.14,203.22,4,0,0,1
CUS-104951,39,Month-to-month,DSL,Credit card,Yes,No,Yes,0,Yes,Yes,56.36,2252.53,2,0,0,0
CUS-103426,27,Month-to-month,No,Bank transfer,Yes,No,No,0,Yes,No,67.27,1914.91,2,3,0,1
CUS-101297,70,Two year,Fiber optic,Bank transfer,No,Yes,No,0,No,No,64.23,4546.58,0,3,0,0
CUS-102678,19,Two year,Fiber optic,Mailed check,Yes,No,No,0,No,No,90.62,1975.43,2,1,1,0
CUS-102432,34,Month-to-month,Fiber optic,Credit card,Yes,No internet service,No,0,No,No,110.96,3430.05,2,4,0,1
CUS-102127,18,Two year,Fiber optic,Bank transfer,No,Yes,No,0,No,No,82.81,1570.34,0,3,1,0
CUS-102357,18,Month-to-month,DSL,Electronic check,Yes,No,Yes,1,Yes,No,53.56,984.15,2,1,0,1
CUS-104267,4,One year,No,Mailed check,Yes,No,No,0,No,Yes,49.48,24.74,2,2,0,0
CUS-105061,23,Two year,Fiber optic,Bank transfer,No,No,Yes,0,No,No,88.98,2015.31,5,0,0,0
CUS-106764,15,Month-to-month,Fiber optic,Mailed check,Yes,No internet service,Yes,0,No,Yes,65.49,927.86,3,1,1,0
CUS-103418,20,Month-to-month,No,Bank transfer,Yes,No,Yes,0,No,No,86.99,2033.33,5,2,0,0
CUS-105133,51,One year,DSL,Electronic check,Yes,No,Yes,0,Yes,No,36.69,1867.97,3,0,0,0
CUS-104434,36,One year,Fiber optic,Bank transfer,Yes,No,Yes,0,No,Yes,94.41,3212.56,0,1,0,0
CUS-103308,15,One year,Fiber optic,Electronic check,Yes,No,No,1,No,No,85.07,1207.49,2,1,0,0
CUS-106465,19,Month-to-month,Fiber optic,Bank transfer,No,Yes,No internet service,0,Yes,No,92.11,2152.73,5,3,0,0
CUS-101407,26,Two year,Fiber optic,Bank transfer,Yes,No,No internet service,0,No,No,57.9,1906.96,0,1,0,1
CUS-101009,41,Month-to-month,Fiber optic,Bank transfer,Yes,Yes,No,0,No,No,96.7,4091.73,1,1,0,1
CUS-106151,28,One year,DSL,Electronic check,Yes,No internet service,No internet service,0,Yes,No,67.61,2280.85,2,3,0,0
CUS-104129,52,Month-to-month,Fiber optic,Bank transfer,Yes,Yes,No,0,No,No,108.97,5710.64,2,0,0,0
CUS-106768,20,Month-to-month,DSL,Credit card,Yes,No internet service,No,1,No,Yes,75.99,1834.65,3,1,0,1
CUS-104991,56,Month-to-month,Fiber optic,Credit card,No,Yes,No,0,Yes,No,82.78,4683.04,2,1,0,1
CUS-101737,39,Two year,Fiber optic,Credit card,Yes,Yes,Yes,0,No,Yes,67.66,2804.56,2,1,0,0
CUS-100756,58,One year,DSL,Bank transfer,Yes,No,Yes,1,Yes,No,69.95,3954.0,5,3,0,0
CUS-100712,11,Month-to-month,No,Credit card,Yes,No internet service,Yes,0,Yes,No,76.88,868.27,2,3,0,0
CUS-104224,30,Month-to-month,DSL,Credit card,No,No,No internet service,0,No,No,55.15,1473.79,4,2,0,0
CUS-103752,21,Two year,DSL,Credit card,Yes,Yes,Yes,0,Yes,No,62.81,1510.29,4,0,0,0
CUS-106740,18,Month-to-month,Fiber optic,Electronic check,No,Yes,No,0,No,Yes,89.99,1033.66,3,2,0,1
CUS-100061,44,Month-to-month,No,Credit card,Yes,Yes,No,0,No,No,90.01,4077.17,4,7,0,1
CUS-103995,29,Month-to-month,No,Bank transfer,Yes,No,No internet service,1,Yes,No,67.34,1682.31,4,3,0,1
CUS-101370,14,Month-to-month,Fiber optic,Credit card,Yes,No internet service,Yes,1,No,Yes,97.56,1610.51,1,3,0,0
CUS-106557,20,Month-to-month,Fiber optic,Electronic check,No,No internet service,No,0,Yes,No,77.22,1679.48,1,3,0,0
CUS-104856,54,One year,Fiber optic,Electronic check,Yes,Yes,No,0,No,No,65.53,3512.82,1,0,0,0
CUS-102517,20,One year,Fiber optic,Bank transfer,No,No,No,0,Yes,No,127.73,2170.0,5,4,0,1
CUS-101330,27,Month-to-month,DSL,Credit card,No,No,No internet service,0,Yes,No,64.41,1959.22,2,2,0,0
CUS-103720,15,Month-to-month,DSL,Bank transfer,Yes,No internet service,Yes,0,No,No,67.22,833.6,2,2,0,1
CUS-106922,7,Month-to-month,No,Electronic check,Yes,Yes,No,0,Yes,No,62.39,693.01,4,1,0,1
CUS-105938,40,Two year,No,Electronic check,Yes,No,Yes,0,No,No,21.79,764.65,0,0,0,0
CUS-103997,7,Month-to-month,Fiber optic,Mailed check,Yes,No,Yes,0,Yes,No,70.78,242.84,0,2,0,1
CUS-100842,16,One year,No,Credit card,Yes,No internet service,Yes,1,Yes,No,53.46,720.57,1,0,0,0
CUS-103460,72,Month-to-month,DSL,Electronic check,No,No internet service,No,0,Yes,No,45.67,3386.27,1,1,0,1
CUS-100019,9,Month-to-month,Fiber optic,Electronic check,Yes,Yes,No,0,Yes,Yes,90.75,891.73,1,0,0,0
CUS-106216,31,One year,Fiber optic,Electronic check,Yes,No internet service,No,0,No,No,104.37,2912.1,0,2,0,1
CUS-103307,16,Month-to-month,No,Electronic check,Yes,No internet service,No internet service,1,Yes,No,96.51,1823.09,5,1,0,0
CUS-101221,17,One year,Fiber optic,Electronic check,Yes,Yes,No,0,No,Yes,120.14,2387.31,5,0,0,1
CUS-101103,72,Month-to-month,Fiber optic,Mailed check,No,No internet service,No,1,Yes,No,146.41,9861.13,3,3,0,1
CUS-104996,23,One year,Fiber optic,Electronic check,No,No,Yes,0,Yes,No,109.78,2836.61,4,3,0,0
CUS-104019,8,Month-to-month,DSL,Electronic check,Yes,No internet service,Yes,0,Yes,Yes,54.84,324.24,3,1,1,1
CUS-101302,24,Month-to-month,DSL,Mailed check,Yes,No,No internet service,1,Yes,No,66.39,1960.29,2,3,0,0
CUS-103570,72,One year,Fiber optic,Bank transfer,Yes,No,Yes,0,Yes,No,119.93,8994.13,3,0,0,0
CUS-100642,43,One year,Fiber optic,Credit card,No,No,No internet service,0,Yes,No,80.14,3919.48,0,0,0,0
CUS-106825,7,Month-to-month,No,Credit card,No,Yes,Yes,1,Yes,No,42.52,55.26,1,0,1,0
CUS-106160,15,One year,Fiber optic,Credit card,Yes,No,No,0,No,No,105.06,2139.2,1,2,0,0
CUS-100852,23,Month-to-month,DSL,Credit card,Yes,No internet service,No,0,Yes,No,54.0,1142.44,1,0,0,1
CUS-105064,8,Month-to-month,DSL,Mailed check,Yes,No,No internet service,0,Yes,No,48.17,328.42,2,1,1,0
CUS-101163,24,Month-to-month,Fiber optic,Bank transfer,Yes,No internet service,No internet service,0,Yes,Yes,113.19,2874.74,3,3,1,1
CUS-100800,20,One year,Fiber optic,Credit card,Yes,No,No,0,No,No,125.43,2903.35,5,2,1,1
CUS-105437,41,Month-to-month,No,Bank transfer,Yes,Yes,Yes,0,Yes,No,66.14,2906.06,3,1,0,0
CUS-103802,29,Month-to-month,No,Electronic check,Yes,No internet service,Yes,0,Yes,No,90.55,2835.78,5,3,1,1
CUS-104353,32,Month-to-month,No,Credit card,No,Yes,Yes,0,Yes,Yes,63.77,1951.37,5,1,0,0
CUS-104981,20,Month-to-month,No,Credit card,Yes,Yes,No internet service,0,No,Yes,58.6,1055.48,3,4,0,0
CUS-101373,37,Month-to-month,Fiber optic,Electronic check,Yes,No,Yes,0,No,No,83.09,3571.42,1,2,0,0
CUS-100937,29,Month-to-month,No,Electronic check,No,No,No internet service,0,Yes,No,65.97,1679.61,5,1,0,1
CUS-102239,10,Month-to-month,Fiber optic,Credit card,Yes,No,No,0,Yes,No,82.96,1114.39,0,3,0,1
CUS-100247,38,One year,No,Electronic check,Yes,No,No internet service,0,No,No,55.69,1881.93,3,0,0,0
CUS-101097,25,Two year,Fiber optic,Mailed check,Yes,Yes,No internet service,0,Yes,No,121.56,3033.2,4,6,1,0
CUS-105603,30,Month-to-month,Fiber optic,Mailed check,Yes,No internet service,Yes,1,Yes,Yes,114.66,3479.65,5,3,0,0
CUS-105626,34,One year,Fiber optic,Mailed check,Yes,Yes,No internet service,1,Yes,No,86.18,2858.23,1,2,0,0
CUS-105692,35,Month-to-month,No,Electronic check,No,No,No,0,No,Yes,38.71,1255.38,2,0,0,0
CUS-103346,65,Two year,Fiber optic,Electronic check,Yes,No,Yes,0,Yes,No,105.24,6974.52,5,2,1,0
CUS-105962,4,Two year,Fiber optic,Bank transfer,Yes,No,No internet service,1,Yes,No,88.19,44.1,2,1,0,0
CUS-106076,57,Month-to-month,DSL,Bank transfer,No,No,No,0,No,No,70.87,3989.05,4,2,0,0
CUS-106962,7,Month-to-month,Fiber optic,Mailed check,Yes,No internet service,No,0,No,No,105.96,878.05,5,4,0,1
CUS-101789,24,One year,DSL,Credit card,Yes,No internet service,No internet service,0,Yes,No,70.06,1756.22,3,0,0,0
CUS-101553,15,Month-to-month,No,Credit card,Yes,No internet service,No internet service,0,Yes,No,80.53,1284.54,5,3,1,1
CUS-100543,27,Month-to-month,No,Credit card,No,No,No internet service,0,No,No,69.5,2104.57,2,5,1,1
CUS-104110,24,One year,No,Credit card,Yes,No internet service,No,0,Yes,No,63.78,1406.18,3,3,0,0
CUS-104957,22,Month-to-month,Fiber optic,Electronic check,Yes,Yes,No,1,No,No,103.87,2691.38,3,3,0,1
CUS-105340,6,One year,Fiber optic,Credit card,Yes,No internet service,No,0,Yes,No,73.57,611.34,0,4,0,0
CUS-100472,29,Month-to-month,Fiber optic,Credit card,Yes,No,No,1,Yes,No,104.81,2774.34,3,3,0,0
CUS-100228,72,Month-to-month,DSL,Credit card,Yes,No internet service,Yes,1,Yes,No,37.17,2691.82,1,0,0,0
CUS-103821,15,Month-to-month,Fiber optic,Bank transfer,Yes,Yes,Yes,0,Yes,Yes,83.12,1180.86,2,1,0,0
CUS-105333,33,Month-to-month,DSL,Mailed check,Yes,Yes,Yes,0,No,No,42.18,1600.18,0,0,0,0
CUS-103528,23,Month-to-month,No,Mailed check,No,No internet service,No,0,Yes,No,51.73,1232.38,1,0,1,0
CUS-105070,12,One year,Fiber optic,Electronic check,Yes,Yes,Yes,0,Yes,No,90.7,1198.33,0,4,1,1
CUS-103250,29,One year,No,Electronic check,No,Yes,Yes,1,No,No,57.92,1476.32,1,2,0,1
CUS-101805,7,Month-to-month,Fiber optic,Electronic check,No,No,No,1,Yes,Yes,130.0,1332.29,5,4,0,1
CUS-106989,36,Month-to-month,Fiber optic,Electronic check,Yes,No,No,0,Yes,Yes,89.95,3508.49,5,2,0,1
CUS-104334,7,One year,DSL,Electronic check,No,No,No,0,No,No,89.09,778.79,2,0,0,0
CUS-103149,27,Month-to-month,No,Credit card,Yes,No,No,0,Yes,Yes,73.67,1952.01,5,0,0,0
CUS-104656,59,Month-to-month,Fiber optic,Electronic check,Yes,No,No,0,No,No,96.18,5649.48,3,3,0,1
CUS-102916,49,Two year,Fiber optic,Mailed check,Yes,Yes,No,0,Yes,No,106.31,5571.69,0,2,0,0
CUS-103626,26,Month-to-month,Fiber optic,Mailed check,Yes,Yes,No internet service,0,Yes,Yes,120.3,3648.19,5,4,0,0
CUS-102534,31,Two year,Fiber optic,Bank transfer,No,No,No internet service,0,No,Yes,81.33,2635.5,0,2,0,0
CUS-104320,61,One year,DSL,Electronic check,No,Yes,Yes,0,Yes,Yes,50.2,2865.98,3,2,0,0
CUS-103593,6,Month-to-month,Fiber optic,Bank transfer,Yes,No,Yes,0,Yes,No,87.89,400.77,2,2,0,1
CUS-101670,25,Month-to-month,No,Electronic check,No,No,No internet service,1,No,No,42.57,1033.45,1,1,0,0
CUS-104561,46,Month-to-month,Fiber optic,Bank transfer,Yes,No,No,0,Yes,No,93.07,4364.01,1,3,0,1
CUS-105446,26,Month-to-month,DSL,Electronic check,Yes,Yes,Yes,0,Yes,No,67.75,1731.33,5,0,0,1
CUS-105318,41,Month-to-month,Fiber optic,Bank transfer,Yes,No,No internet service,0,Yes,No,127.14,5137.7,4,7,0,1
CUS-106326,23,Two year,Fiber optic,Mailed check,Yes,No,Yes,0,Yes,No,101.09,2704.03,1,2,0,0
CUS-100031,40,One year,DSL,Electronic check,Yes,Yes,No,0,No,No,55.15,1923.2,3,2,0,0
CUS-100764,65,Month-to-month,No,Bank transfer,Yes,No internet service,No,0,Yes,No,33.88,2312.38,1,1,1,0
CUS-100960,9,Two year,Fiber optic,Bank transfer,Yes,No internet service,No internet service,0,Yes,No,42.94,484.27,1,1,0,0
CUS-101965,21,One year,Fiber optic,Electronic check,No,Yes,No,0,Yes,No,56.59,1169.56,0,0,0,0
CUS-100538,11,Two year,DSL,Bank transfer,No,No,No,1,Yes,No,61.89,733.47,3,2,0,0
CUS-102890,13,Month-to-month,Fiber optic,Electronic check,No,No internet service,No,0,No,Yes,123.48,2057.55,5,3,0,1
CUS-101084,41,One year,Fiber optic,Bank transfer,No,Yes,Yes,0,No,No,91.79,3745.57,3,1,0,1
CUS-101599,15,Two year,No,Mailed check,No,Yes,No,0,No,Yes,32.97,404.85,1,0,0,0
CUS-103185,20,Month-to-month,DSL,Electronic check,No,No internet service,No,0,Yes,No,81.56,1474.76,4,4,1,1
CUS-102575,18,Month-to-month,Fiber optic,Bank transfer,Yes,No internet service,No internet service,0,Yes,No,102.98,1881.38,5,1,0,1
CUS-106518,13,One year,Fiber optic,Bank transfer,Yes,No,No,0,No,Yes,54.63,933.08,0,1,1,0
CUS-104032,12,Month-to-month,DSL,Electronic check,Yes,No internet service,No,0,Yes,Yes,69.13,1219.88,2,3,1,0
CUS-102464,52,Two year,Fiber optic,Mailed check,Yes,No,No,1,No,No,97.82,4786.5,2,2,0,0
CUS-106597,22,Two year,Fiber optic,Credit card,No,No internet service,No internet service,0,No,No,72.5,1510.78,3,2,0,0
CUS-100017,12,Two year,Fiber optic,Bank transfer,Yes,Yes,No internet service,0,Yes,Yes,122.77,2433.76,4,4,0,0
CUS-100096,9,Month-to-month,Fiber optic,Bank transfer,Yes,No internet service,No internet service,0,No,Yes,82.49,839.48,2,3,0,0
CUS-106513,72,Month-to-month,DSL,Electronic check,Yes,No,No,0,No,No,83.52,6081.63,3,4,0,0
CUS-104348,64,Month-to-month,Fiber optic,Electronic check,Yes,No,No,0,No,No,72.31,4736.99,4,0,0,0
CUS-101926,56,Two year,Fiber optic,Mailed check,Yes,No,No internet service,0,No,No,128.25,7693.39,5,5,0,0
CUS-100156,37,Two year,DSL,Bank transfer,Yes,No,No,0,No,No,69.45,3022.67,5,2,0,0
CUS-103101,25,Month-to-month,DSL,Bank transfer,Yes,No internet service,Yes,0,Yes,No,99.18,2551.3,4,1,0,0
CUS-102484,6,Month-to-month,Fiber optic,Credit card,No,No,Yes,0,No,No,95.28,694.56,1,2,0,1
CUS-101922,18,Month-to-month,DSL,Mailed check,Yes,No,No internet service,0,No,No,42.76,861.63,1,2,0,0
CUS-105551,22,Month-to-month,Fiber optic,Credit card,Yes,No,No internet service,0,Yes,No,102.13,2489.86,2,2,1,0
CUS-100319,18,One year,DSL,Bank transfer,No,No,Yes,0,No,No,71.34,1652.37,3,0,0,0
CUS-106348,19,One year,Fiber optic,Credit card,No,No internet service,No,0,Yes,No,103.64,1713.45,4,5,0,0
CUS-106504,21,Month-to-month,Fiber optic,Electronic check,No,No internet service,No internet service,0,Yes,Yes,90.78,1785.44,3,2,0,0
CUS-105278,8,Month-to-month,DSL,Electronic check,Yes,No,No,0,Yes,Yes,69.41,702.69,1,4,0,0
CUS-101034,49,Month-to-month,DSL,Electronic check,No,Yes,Yes,0,Yes,Yes,81.38,3556.27,4,3,0,1
CUS-100321,21,Month-to-month,No,Electronic check,No,No internet service,Yes,0,Yes,No,64.38,1473.75,4,1,0,0
CUS-101315,15,Month-to-month,Fiber optic,Credit card,Yes,Yes,No,1,Yes,Yes,80.56,982.5,5,1,0,0
CUS-100425,72,One year,No,Credit card,No,No internet service,No internet service,0,No,No,105.44,7383.22,5,4,0,0
CUS-101886,31,Month-to-month,No,Bank transfer,Yes,No,No,0,No,No,34.64,1014.11,0,0,0,0
CUS-105260,37,Two year,DSL,Electronic check,Yes,No,No,1,Yes,No,52.01,2271.96,3,1,0,0
CUS-104614,22,Two year,Fiber optic,Bank transfer,No,No internet service,Yes,0,No,No,77.79,1675.52,0,2,0,0
CUS-103450,7,One year,Fiber optic,Electronic check,Yes,No,Yes,0,No,Yes,98.81,436.88,1,3,0,0
CUS-104696,36,One year,DSL,Electronic check,Yes,No internet service,No,0,No,No,53.79,1872.56,4,1,0,0
CUS-103168,32,One year,DSL,Electronic check,No,Yes,No,1,Yes,No,79.69,2119.71,5,6,0,0
CUS-101467,8,One year,No,Electronic check,Yes,No,No,0,No,No,100.7,792.75,4,5,1,1
CUS-100447,12,Month-to-month,Fiber optic,Credit card,No,Yes,No internet service,1,No,No,52.48,635.87,1,1,0,0
CUS-101870,46,Month-to-month,No,Bank transfer,Yes,No internet service,No,0,Yes,No,59.4,2568.82,5,2,0,0
CUS-106512,61,Month-to-month,Fiber optic,Bank transfer,Yes,No,No,1,No,No,88.72,5515.37,2,2,0,0
CUS-103263,20,One year,DSL,Credit card,Yes,No,Yes,0,Yes,Yes,90.17,1818.16,5,4,0,0
CUS-103757,35,One year,DSL,Bank transfer,Yes,No,No,1,Yes,No,72.7,2602.67,5,3,1,0
CUS-101393,19,Two year,Fiber optic,Bank transfer,No,No internet service,No,1,Yes,No,98.99,1806.06,4,2,0,0
CUS-103921,6,One year,Fiber optic,Electronic check,No,Yes,No,0,Yes,No,64.35,514.89,0,1,0,0
CUS-106257,26,Month-to-month,Fiber optic,Credit card,Yes,No,No,0,No,Yes,76.23,2350.93,3,0,0,1
CUS-101423,14,Month-to-month,DSL,Credit card,Yes,Yes,No,0,Yes,Yes,92.33,1331.84,4,3,0,0
CUS-101533,13,Month-to-month,DSL,Electronic check,Yes,Yes,No,0,No,No,47.2,502.78,4,2,0,0
CUS-106575,18,One year,Fiber optic,Credit card,Yes,Yes,No,1,No,No,118.89,1375.49,5,2,0,0
CUS-105967,9,Month-to-month,Fiber optic,Credit card,No,Yes,Yes,1,Yes,Yes,114.42,1217.06,5,5,1,1
CUS-106807,72,Month-to-month,DSL,Electronic check,No,No,No internet service,1,Yes,No,62.29,4934.15,3,0,0,1
CUS-106898,35,One year,Fiber optic,Electronic check,Yes,No internet service,No internet service,0,No,No,82.92,3418.27,2,0,0,0
CUS-104140,16,Month-to-month,Fiber optic,Electronic check,Yes,No,No internet service,1,Yes,No,95.81,1193.22,2,0,1,1
CUS-103323,72,Month-to-month,Fiber optic,Electronic check,Yes,No,No,0,No,Yes,94.11,6767.43,1,2,1,1
CUS-102578,4,One year,No,Bank transfer,Yes,No internet service,No,0,No,No,57.17,165.28,3,4,0,0
CUS-106108,27,Two year,Fiber optic,Mailed check,Yes,No internet service,Yes,0,No,Yes,64.86,1569.86,0,3,1,0
CUS-105743,27,Two year,Fiber optic,Bank transfer,Yes,Yes,Yes,0,Yes,No,101.56,2680.05,2,2,0,0
CUS-100093,7,Two year,Fiber optic,Bank transfer,Yes,No,No,0,Yes,No,83.03,575.32,1,4,0,0
CUS-104782,29,One year,Fiber optic,Electronic check,Yes,No,No,0,No,No,60.49,1745.34,1,0,0,1
CUS-100576,47,Two year,No,Mailed check,Yes,No internet service,No internet service,1,No,No,47.31,2372.33,0,0,0,0
CUS-105719,48,Two year,Fiber optic,Mailed check,No,No internet service,No,0,Yes,No,87.15,4282.81,5,3,0,0
CUS-105345,7,One year,No,Electronic check,Yes,Yes,Yes,0,Yes,No,38.17,246.81,1,1,0,0
CUS-105774,8,Month-to-month,DSL,Mailed check,Yes,No,No,0,No,Yes,71.81,410.33,1,2,0,0
CUS-105661,2,One year,No,Bank transfer,Yes,Yes,No,0,No,No,66.26,33.13,3,2,0,0
CUS-103377,9,Two year,DSL,Bank transfer,Yes,No,No,0,Yes,No,53.41,186.77,3,0,0,0
CUS-100476,33,Month-to-month,Fiber optic,Electronic check,Yes,No,No,0,No,Yes,132.01,3960.84,5,1,0,1
CUS-106712,31,Month-to-month,DSL,Credit card,Yes,Yes,Yes,0,No,No,64.13,2012.74,1,4,0,1
CUS-102404,57,Two year,DSL,Credit card,No,No,Yes,0,No,No,39.37,2135.8,2,1,0,0
CUS-104215,31,Two year,Fiber optic,Electronic check,Yes,No,No,1,Yes,Yes,79.74,2785.02,2,2,0,0
CUS-103296,22,Month-to-month,DSL,Electronic check,No,No,Yes,0,Yes,No,89.57,1864.28,4,3,0,1
CUS-104861,21,Month-to-month,Fiber optic,Electronic check,No,No,No,0,No,Yes,84.4,1617.79,2,4,0,1
CUS-105638,14,Month-to-month,Fiber optic,Bank transfer,No,No,No,0,Yes,No,94.1,1309.13,5,3,0,0
CUS-103151,23,Two year,DSL,Mailed check,Yes,Yes,No,0,Yes,No,69.94,1370.88,5,2,0,1
CUS-104882,26,Month-to-month,No,Bank transfer,Yes,No internet service,No,0,No,No,97.87,2208.23,3,2,0,0
CUS-106079,15,Two year,No,Electronic check,No,No internet service,No,0,Yes,No,49.92,556.84,0,2,0,0
CUS-102523,14,Month-to-month,Fiber optic,Bank transfer,No,Yes,No,1,No,No,76.38,1168.51,3,5,0,0
CUS-104668,72,Month-to-month,No,Credit card,No,Yes,No,0,Yes,No,55.06,3579.93,1,0,0,0
CUS-106368,17,One year,Fiber optic,Credit card,Yes,Yes,Yes,0,Yes,No,101.32,1823.53,2,4,0,0
CUS-100487,20,Two year,DSL,Electronic check,Yes,Yes,No,0,No,No,36.59,935.75,3,0,0,0
CUS-105827,69,One year,Fiber optic,Mailed check,No,Yes,No,0,No,No,83.03,5265.11,1,3,0,0
CUS-100592,38,Month-to-month,Fiber optic,Bank transfer,No,Yes,Yes,1,No,No,107.61,4590.32,2,1,0,0
CUS-102569,24,Month-to-month,DSL,Mailed check,No,No internet service,No internet service,1,No,No,84.41,1921.14,2,2,0,0
CUS-101056,27,One year,Fiber optic,Credit card,Yes,No,No internet service,0,Yes,Yes,118.55,2998.55,3,3,1,1
CUS-101433,33,One year,Fiber optic,Electronic check,Yes,Yes,No,0,Yes,No,131.21,4877.85,4,4,0,1
CUS-104394,23,Month-to-month,No,Credit card,No,No internet service,No internet service,0,No,No,42.66,923.0,2,3,0,0
CUS-100334,5,One year,Fiber optic,Bank transfer,Yes,Yes,No,0,No,No,107.63,620.6,5,1,0,0
CUS-101918,31,Month-to-month,Fiber optic,Electronic check,Yes,No,No,1,Yes,Yes,97.92,2888.58,2,3,0,1
CUS-103053,57,Month-to-month,Fiber optic,Bank transfer,Yes,No,No,0,Yes,No,105.45,6005.62,1,3,0,1
CUS-106455,29,One year,DSL,Credit card,Yes,No,No,0,No,Yes,69.38,2116.7,4,0,0,0
CUS-100023,40,One year,DSL,Electronic check,No,No,No,1,No,No,50.88,1931.29,1,2,1,0
CUS-102189,24,Month-to-month,DSL,Electronic check,No,Yes,Yes,1,Yes,No,61.02,1541.98,0,2,0,0
CUS-101512,11,Month-to-month,DSL,Bank transfer,No,No,No,0,No,No,33.27,419.83,0,1,0,0
CUS-102042,14,Month-to-month,Fiber optic,Mailed check,No,No internet service,Yes,1,No,No,110.71,1380.5,4,3,1,1
CUS-106127,28,Month-to-month,DSL,Credit card,Yes,No,Yes,0,No,No,53.31,1479.35,2,2,0,1
CUS-105693,42,Month-to-month,DSL,Electronic check,Yes,No internet service,No internet service,0,Yes,Yes,53.85,2282.98,2,2,1,0
CUS-103139,67,Month-to-month,Fiber optic,Electronic check,No,No,No,0,No,No,118.66,8603.2,3,2,0,1
CUS-105682,3,Month-to-month,DSL,Mailed check,Yes,Yes,Yes,0,No,No,68.39,472.21,5,4,0,1
CUS-101281,61,Month-to-month,No,Credit card,Yes,No,No internet service,0,Yes,No,64.05,4047.39,3,3,0,1
CUS-102648,42,Month-to-month,No,Bank transfer,Yes,Yes,Yes,0,No,Yes,71.38,2843.71,1,2,0,0
CUS-104475,25,One year,Fiber optic,Electronic check,Yes,Yes,No,0,Yes,Yes,78.41,2112.2,0,0,0,0
CUS-103907,25,Month-to-month,DSL,Bank transfer,No,No,No internet service,0,No,Yes,34.01,753.48,1,4,1,0
CUS-101038,27,Two year,Fiber optic,Electronic check,Yes,No,No internet service,0,No,Yes,102.7,2370.49,4,7,1,1
CUS-103169,25,Month-to-month,DSL,Credit card,Yes,No,No internet service,0,Yes,No,49.12,1473.62,5,0,0,0
CUS-106112,11,Two year,No,Credit card,No,No,Yes,0,No,Yes,68.98,980.03,5,3,0,0
CUS-106659,12,One year,No,Bank transfer,Yes,No internet service,No,1,Yes,Yes,100.2,810.17,5,2,0,0
CUS-106791,14,Two year,No,Bank transfer,Yes,Yes,No,0,No,No,60.4,1173.98,1,0,0,0
CUS-101244,27,One year,No,Mailed check,Yes,Yes,Yes,0,No,No,57.24,1648.83,2,2,0,0
CUS-102877,24,Month-to-month,DSL,Electronic check,Yes,No internet service,No,0,No,No,51.26,1295.9,1,1,0,0
CUS-103245,3,One year,No,Credit card,No,Yes,No,0,Yes,Yes,43.35,21.68,0,0,0,0
CUS-103542,28,Month-to-month,No,Bank transfer,No,Yes,Yes,0,Yes,Yes,82.87,2285.16,3,3,0,1
CUS-100696,34,One year,No,Bank transfer,No,No,No,0,Yes,No,37.26,1438.3,2,0,0,0
CUS-105816,47,Month-to-month,Fiber optic,Bank transfer,No,Yes,No,0,No,No,110.97,5264.19,3,2,0,1
CUS-103846,22,Month-to-month,No,Electronic check,Yes,No,No,0,Yes,No,54.21,1155.48,2,1,0,0
CUS-101835,8,Two year,Fiber optic,Electronic check,Yes,No,No internet service,0,No,No,66.88,438.52,4,1,0,0
CUS-105698,3,One year,DSL,Mailed check,Yes,No,No,0,Yes,No,51.64,231.76,1,1,0,0
CUS-103297,62,Month-to-month,No,Electronic check,No,No internet service,Yes,1,No,No,44.6,2644.72,1,0,0,1
CUS-104011,15,One year,Fiber optic,Credit card,Yes,No,Yes,0,No,No,75.99,597.54,0,1,0,0
CUS-104482,66,One year,DSL,Electronic check,Yes,Yes,No,1,Yes,Yes,68.39,4262.41,4,3,1,0
CUS-103612,19,One year,DSL,Credit card,No,Yes,No,0,No,Yes,31.36,577.63,1,2,0,0
CUS-104562,22,Month-to-month,DSL,Electronic check,Yes,No,No,1,No,Yes,66.1,1270.51,2,1,0,1
CUS-103578,38,One year,No,Electronic check,Yes,No,Yes,0,No,Yes,69.06,2205.97,4,2,0,0
CUS-105820,30,One year,DSL,Bank transfer,No,Yes,No,0,No,Yes,97.8,2834.29,5,1,0,1
CUS-100378,18,Month-to-month,No,Electronic check,Yes,No internet service,Yes,1,No,No,56.9,1051.97,3,3,1,1
CUS-106772,36,Month-to-month,DSL,Electronic check,No,No,No,1,No,No,49.04,1498.45,0,2,0,0
CUS-106336,72,Month-to-month,DSL,Bank transfer,Yes,No,Yes,0,No,No,62.52,4740.36,4,2,0,0
CUS-100199,29,Two year,No,Bank transfer,No,Yes,No internet service,1,No,No,90.66,2494.55,4,5,1,0
CUS-102683,20,One year,DSL,Mailed check,No,Yes,Yes,0,No,Yes,45.19,1164.68,2,0,0,0
CUS-105065,25,One year,No,Bank transfer,No,No,No,0,Yes,No,64.43,1456.91,3,1,0,0
CUS-103616,18,Month-to-month,No,Credit card,No,No,No internet service,1,Yes,No,40.87,780.01,0,2,0,0
CUS-105361,21,Month-to-month,Fiber optic,Bank transfer,Yes,No internet service,No,0,Yes,Yes,102.64,1899.76,3,3,0,0
CUS-102119,53,Month-to-month,Fiber optic,Mailed check,Yes,No internet service,Yes,0,Yes,Yes,66.42,3662.33,2,3,0,0
CUS-106896,32,Month-to-month,Fiber optic,Electronic check,Yes,No,No internet service,1,No,Yes,98.93,3025.27,2,3,0,1
CUS-103381,41,Month-to-month,DSL,Electronic check,No,No,No,0,Yes,No,49.46,2141.21,2,3,1,0
CUS-103707,56,Month-to-month,Fiber optic,Electronic check,No,No,Yes,0,No,No,120.19,6424.8,5,1,0,0
CUS-101600,24,One year,No,Electronic check,Yes,No internet service,Yes,0,Yes,No,54.49,991.44,0,1,0,0
CUS-105027,14,Month-to-month,No,Mailed check,Yes,No,No,0,No,No,72.27,1278.31,3,0,0,1
CUS-102715,58,Month-to-month,DSL,Credit card,Yes,No,No,0,No,Yes,69.93,3953.3,2,2,0,0
CUS-102802,39,Two year,DSL,Electronic check,No,No,No,0,Yes,No,66.14,2566.08,5,3,1,0
CUS-104881,7,Month-to-month,DSL,Credit card,No,Yes,No,0,Yes,No,42.36,274.97,0,0,0,0
CUS-105658,9,Month-to-month,No,Electronic check,Yes,Yes,No,0,No,Yes,72.65,967.21,5,1,0,1
CUS-105194,24,Month-to-month,Fiber optic,Credit card,No,No,No,0,No,Yes,86.08,2004.45,4,4,0,1
CUS-102663,9,Month-to-month,Fiber optic,Mailed check,No,No,No,1,No,Yes,113.05,1684.24,5,2,1,1
CUS-106737,23,Month-to-month,DSL,Mailed check,No,No internet service,No internet service,0,No,Yes,68.89,1257.87,5,0,0,1
CUS-106759,16,Month-to-month,DSL,Mailed check,Yes,No,Yes,0,Yes,Yes,65.94,1175.55,2,2,0,0
CUS-101042,14,Two year,DSL,Bank transfer,Yes,No internet service,Yes,0,Yes,Yes,48.35,829.58,3,0,0,0
CUS-103008,72,One year,No,Bank transfer,Yes,No,No,0,No,No,31.54,2320.82,0,1,0,0
CUS-106232,21,Month-to-month,Fiber optic,Credit card,No,Yes,Yes,1,Yes,Yes,102.63,2283.16,3,0,0,0
CUS-102847,33,Month-to-month,Fiber optic,Bank transfer,Yes,No,No,0,Yes,Yes,92.38,3422.56,3,0,0,0
CUS-103399,3,Two year,No,Electronic check,Yes,No,No,1,No,No,49.38,186.43,2,2,0,0
CUS-103567,32,Two year,Fiber optic,Electronic check,Yes,No,No,0,No,No,103.4,3654.05,5,4,0,1
CUS-104471,14,Month-to-month,DSL,Credit card,No,Yes,No,0,No,Yes,69.94,828.4,3,1,0,0
CUS-100927,40,One year,Fiber optic,Bank transfer,Yes,No,No,0,Yes,Yes,107.09,4366.67,5,2,0,0
CUS-102742,9,Month-to-month,DSL,Mailed check,No,No internet service,Yes,0,No,No,47.52,591.13,1,0,0,0
CUS-103289,41,Two year,DSL,Mailed check,No,No,No internet service,0,No,No,29.54,1369.28,0,1,0,0
CUS-100547,43,Month-to-month,DSL,Electronic check,Yes,No internet service,No,0,No,No,62.29,2411.15,2,2,1,1
CUS-105703,37,Month-to-month,Fiber optic,Electronic check,No,No,No internet service,0,No,Yes,95.82,3849.97,2,4,0,0
CUS-104500,44,Month-to-month,DSL,Electronic check,Yes,No internet service,Yes,0,No,No,59.1,2483.5,2,0,0,0
CUS-103481,16,One year,No,Mailed check,Yes,No internet service,No,0,No,No,65.04,1239.55,5,2,0,0
CUS-103184,25,One year,Fiber optic,Credit card,Yes,No,No,1,Yes,Yes,142.94,3715.25,5,4,0,1
CUS-101765,37,Month-to-month,Fiber optic,Credit card,Yes,Yes,No,0,No,No,97.36,3976.05,2,2,1,1
CUS-101345,26,One year,Fiber optic,Electronic check,Yes,No,Yes,0,Yes,Yes,108.19,2745.55,4,2,1,0
CUS-101320,27,Month-to-month,DSL,Electronic check,Yes,No internet service,No,0,No,Yes,53.31,1231.02,3,0,0,0
CUS-105417,23,Two year,No,Bank transfer,Yes,Yes,No internet service,0,Yes,Yes,64.65,1484.72,4,0,1,0
CUS-105872,42,Month-to-month,DSL,Mailed check,No,No internet service,No,0,Yes,Yes,32.76,1340.13,2,0,1,0
CUS-104001,32,Month-to-month,No,Bank transfer,Yes,Yes,No,0,No,Yes,73.73,2111.83,4,1,1,1
CUS-102167,2,Month-to-month,Fiber optic,Mailed check,No,No internet service,Yes,0,No,Yes,109.85,54.92,4,3,0,1
CUS-105363,5,Month-to-month,No,Electronic check,No,Yes,Yes,0,No,No,56.37,307.4,2,1,0,1
CUS-101657,42,Month-to-month,Fiber optic,Electronic check,Yes,Yes,Yes,0,No,Yes,124.56,4412.54,5,4,0,1
CUS-102893,19,Month-to-month,Fiber optic,Electronic check,No,No,Yes,0,No,Yes,87.44,1810.52,2,3,1,1
CUS-101608,12,Month-to-month,DSL,Bank transfer,No,No,No,0,Yes,Yes,91.4,726.66,4,3,0,1
CUS-103238,56,Month-to-month,DSL,Bank transfer,Yes,No internet service,No,0,Yes,No,64.48,3630.06,4,2,0,1
CUS-103438,13,One year,Fiber optic,Electronic check,No,No,No internet service,1,Yes,No,93.54,1475.96,1,1,0,0
CUS-100518,16,Month-to-month,Fiber optic,Mailed check,Yes,No,No,0,No,No,114.66,1517.94,4,1,0,1
CUS-100611,57,Two year,DSL,Credit card,Yes,No,No,0,No,No,62.77,3889.79,2,1,0,0
CUS-102542,45,Month-to-month,DSL,Credit card,No,Yes,No internet service,0,Yes,Yes,44.45,2169.57,0,0,0,0
CUS-103235,27,Two year,No,Bank transfer,Yes,Yes,No internet service,0,No,No,87.89,2051.03,5,3,0,0
CUS-103071,69,One year,Fiber optic,Bank transfer,Yes,No,Yes,0,No,No,93.61,6681.0,3,3,1,0
CUS-103434,12,Month-to-month,Fiber optic,Credit card,No,No,Yes,0,No,No,85.21,1025.81,5,5,0,1
CUS-100491,7,Month-to-month,No,Electronic check,No,No internet service,No,1,Yes,No,41.61,314.29,0,0,0,0
CUS-106034,29,Two year,Fiber optic,Bank transfer,Yes,Yes,No,0,Yes,No,115.73,3423.32,5,3,0,0
CUS-100733,4,Month-to-month,DSL,Mailed check,Yes,Yes,No,0,No,No,77.08,576.85,1,1,1,1
CUS-100323,6,Month-to-month,Fiber optic,Bank transfer,No,No,Yes,0,No,No,107.85,606.9,4,2,0,1
CUS-106567,27,Month-to-month,DSL,Bank transfer,No,No,No,0,Yes,Yes,67.25,1699.33,4,1,0,1
CUS-105484,17,Month-to-month,Fiber optic,Electronic check,Yes,Yes,No internet service,0,Yes,No,103.35,2150.96,5,3,0,1
CUS-104568,67,One year,DSL,Electronic check,Yes,No,No,1,No,No,55.55,3762.93,3,1,0,0
CUS-101039,27,Month-to-month,DSL,Electronic check,No,No,Yes,0,No,No,80.18,2533.96,5,2,0,0
CUS-103855,9,One year,DSL,Credit card,Yes,No,No internet service,0,Yes,No,47.77,374.1,3,0,0,1
CUS-105277,35,Month-to-month,Fiber optic,Electronic check,Yes,Yes,Yes,0,Yes,No,110.7,3436.62,5,4,0,0
CUS-106991,6,Month-to-month,No,Mailed check,Yes,No internet service,No,0,No,No,88.31,138.63,5,2,0,1
CUS-100324,72,One year,Fiber optic,Electronic check,No,Yes,No,0,No,No,107.01,7814.61,3,6,0,0
CUS-102680,14,Month-to-month,DSL,Mailed check,No,No,Yes,0,No,No,53.94,1096.71,2,2,0,1
CUS-100586,4,Month-to-month,Fiber optic,Mailed check,Yes,No internet service,No internet service,0,No,No,102.78,154.13,5,3,1,1
CUS-105125,7,Two year,DSL,Bank transfer,No,No,Yes,0,Yes,No,49.13,230.55,3,1,0,0
CUS-101509,18,Month-to-month,DSL,Mailed check,Yes,Yes,Yes,0,No,Yes,43.41,986.32,1,4,0,0
CUS-101992,19,Month-to-month,Fiber optic,Electronic check,No,No,No,0,No,Yes,80.36,1242.69,2,2,0,0
CUS-104755,8,One year,Fiber optic,Mailed check,Yes,Yes,No,1,No,Yes,86.37,926.05,2,2,0,0
CUS-105899,30,One year,Fiber optic,Bank transfer,Yes,No,No internet service,0,No,No,106.24,2987.05,5,5,0,1
CUS-101057,18,Month-to-month,No,Electronic check,No,No,No internet service,0,No,No,77.46,1501.83,5,0,0,0
CUS-101669,35,Month-to-month,No,Credit card,Yes,Yes,No,1,Yes,No,51.03,1828.01,3,0,0,1
CUS-103181,6,Month-to-month,DSL,Mailed check,Yes,Yes,No,1,Yes,No,87.19,463.55,4,4,1,1
CUS-103109,52,Month-to-month,DSL,Electronic check,Yes,No,No,0,No,No,33.73,1738.98,2,0,0,0
CUS-106883,12,Month-to-month,No,Electronic check,No,Yes,No,0,Yes,No,66.53,1000.6,4,3,0,1
CUS-105848,5,Month-to-month,DSL,Electronic check,No,No,Yes,1,Yes,No,65.47,253.89,1,2,1,0
CUS-103470,63,Month-to-month,DSL,Credit card,Yes,No internet service,No internet service,0,No,No,64.67,3738.67,5,3,0,0
CUS-101840,20,Month-to-month,Fiber optic,Mailed check,Yes,No internet service,Yes,0,No,No,75.43,991.56,3,0,0,1
CUS-100088,23,Month-to-month,DSL,Electronic check,No,Yes,No,0,No,No,74.17,1687.89,3,0,0,1
CUS-106975,18,One year,No,Electronic check,Yes,No internet service,No,0,No,No,48.71,1051.91,2,1,0,0
CUS-102182,9,Two year,DSL,Electronic check,No,No,No,1,No,Yes,53.38,153.91,1,1,0,0
CUS-101242,15,One year,DSL,Electronic check,Yes,No,No,1,Yes,Yes,51.79,788.56,2,1,0,0
CUS-106536,28,Two year,DSL,Bank transfer,Yes,No internet service,No,1,Yes,No,74.02,2458.05,3,1,1,0
CUS-102628,27,Month-to-month,Fiber optic,Bank transfer,No,No,No internet service,0,No,No,104.54,2757.94,4,1,0,0
CUS-102949,26,Two year,DSL,Mailed check,No,No internet service,Yes,0,No,No,34.97,810.25,5,1,0,0
CUS-100828,29,Month-to-month,Fiber optic,Electronic check,No,No internet service,No,0,No,Yes,73.63,1903.81,0,3,0,0
CUS-106817,72,Two year,Fiber optic,Electronic check,Yes,No internet service,Yes,0,No,No,95.66,6723.74,5,4,0,0
CUS-101372,42,One year,DSL,Mailed check,Yes,Yes,No,0,No,No,47.59,2251.31,3,1,1,0
CUS-100198,27,Two year,Fiber optic,Electronic check,Yes,Yes,No,0,No,No,116.56,3109.42,5,3,0,0
CUS-101912,26,Month-to-month,DSL,Credit card,No,No,Yes,0,No,Yes,42.46,1112.32,2,1,0,0
CUS-106159,11,Month-to-month,Fiber optic,Credit card,No,No,No,1,Yes,No,94.59,828.87,5,2,0,1
CUS-101055,33,One year,Fiber optic,Credit card,Yes,No internet service,No,0,Yes,Yes,95.32,3414.04,1,2,0,0
CUS-100073,50,Month-to-month,DSL,Bank transfer,Yes,No,Yes,0,Yes,No,42.13,2147.3,3,1,0,0
CUS-105741,59,Month-to-month,Fiber optic,Credit card,No,Yes,Yes,0,Yes,No,106.35,6521.92,5,4,0,1
CUS-103477,17,Month-to-month,No,Electronic check,Yes,No,No,0,Yes,No,66.75,1046.84,1,0,0,1
CUS-101195,13,Month-to-month,Fiber optic,Electronic check,Yes,No internet service,No internet service,0,Yes,Yes,99.38,1590.4,4,3,0,1
CUS-106951,22,One year,DSL,Credit card,No,No,No internet service,1,Yes,No,44.94,1030.24,1,1,0,0
CUS-105060,6,Month-to-month,Fiber optic,Bank transfer,Yes,No,No,0,No,No,99.27,854.21,3,3,0,1
CUS-106871,35,Month-to-month,No,Electronic check,Yes,No,Yes,0,No,No,63.46,2187.77,1,0,0,0
CUS-102833,10,Month-to-month,DSL,Mailed check,No,No internet service,Yes,0,Yes,No,46.54,434.52,3,2,1,1
CUS-103039,19,Month-to-month,Fiber optic,Mailed check,No,No,No,0,Yes,No,79.26,1517.21,2,3,1,1
CUS-101046,33,Two year,DSL,Bank transfer,No,Yes,No,0,Yes,No,49.48,1349.02,0,2,0,0
CUS-105944,72,Two year,Fiber optic,Bank transfer,Yes,No,Yes,0,Yes,No,79.59,5949.97,0,2,0,0
CUS-105129,56,Two year,DSL,Electronic check,Yes,No,No,0,No,Yes,60.44,3074.87,4,0,0,0
CUS-101149,2,One year,DSL,Electronic check,No,No,No,0,No,No,54.07,451.4,2,2,0,0
CUS-106783,44,One year,No,Electronic check,No,No internet service,Yes,0,Yes,No,33.59,1626.7,0,0,0,0
CUS-106832,24,Month-to-month,No,Credit card,Yes,Yes,No,0,Yes,No,81.99,2001.45,4,2,0,0
CUS-100996,38,Month-to-month,Fiber optic,Bank transfer,Yes,No,No,0,No,No,108.83,3860.85,5,5,1,1
CUS-103731,16,Two year,Fiber optic,Bank transfer,Yes,No,No,0,No,Yes,126.12,1753.15,4,2,0,0
CUS-101210,42,Two year,Fiber optic,Electronic check,No,No internet service,No,0,Yes,No,80.43,3558.18,2,1,0,0
CUS-106380,33,Month-to-month,Fiber optic,Bank transfer,No,No,No,0,Yes,No,89.79,3292.2,4,3,0,0
CUS-105312,18,Two year,No,Credit card,No,No internet service,No,0,No,No,82.03,1330.48,5,4,0,0
CUS-101446,72,Two year,Fiber optic,Electronic check,No,No,No,0,Yes,Yes,80.61,5532.34,5,1,0,0
CUS-106084,50,Month-to-month,No,Electronic check,Yes,No internet service,Yes,0,Yes,Yes,51.18,2552.15,3,2,0,0
CUS-102827,25,One year,Fiber optic,Credit card,No,No,Yes,0,Yes,No,92.2,2155.13,0,1,0,0
CUS-106941,42,Two year,DSL,Credit card,Yes,No,No,0,No,Yes,50.18,2281.54,5,1,0,0
CUS-101436,26,Month-to-month,Fiber optic,Credit card,Yes,No,Yes,0,No,No,119.78,3247.66,4,3,0,1
CUS-105749,13,Two year,No,Credit card,Yes,Yes,No,0,Yes,No,48.73,802.9,0,2,0,0
CUS-103439,12,Month-to-month,Fiber optic,Electronic check,No,Yes,No internet service,0,No,Yes,89.59,924.19,2,3,1,1
CUS-101199,27,Month-to-month,Fiber optic,Bank transfer,Yes,No,No,0,Yes,No,94.75,2679.46,2,4,0,0
CUS-105896,12,Month-to-month,Fiber optic,Credit card,No,No,No internet service,1,No,No,91.14,1256.29,3,3,0,1
CUS-104147,23,One year,DSL,Electronic check,No,No,No,0,No,No,64.88,1436.09,5,1,0,0
CUS-102540,50,Two year,DSL,Bank transfer,No,No,No internet service,0,Yes,No,46.17,2404.77,2,0,0,0
CUS-101768,60,Two year,Fiber optic,Mailed check,No,Yes,No,1,No,Yes,92.13,5514.76,3,3,0,0
CUS-103298,14,Two year,No,Mailed check,No,No,Yes,1,Yes,Yes,100.44,711.4,5,5,0,0
CUS-103842,28,Two year,DSL,Credit card,Yes,No,No,1,No,Yes,83.3,1659.84,3,3,0,0
CUS-100208,29,Two year,Fiber optic,Credit card,Yes,No,Yes,1,Yes,No,106.05,2995.84,3,3,0,0
CUS-105321,41,Month-to-month,Fiber optic,Mailed check,Yes,No,No internet service,0,No,No,76.09,3165.61,3,1,0,0
CUS-102704,14,Month-to-month,Fiber optic,Credit card,No,No,No,0,No,No,91.59,1701.16,0,2,0,1
CUS-102423,11,One year,DSL,Credit card,No,No,No internet service,0,Yes,No,38.65,367.06,1,2,0,0
CUS-100620,66,Month-to-month,Fiber optic,Credit card,No,No internet service,Yes,0,No,Yes,124.82,8642.95,5,1,0,1
CUS-102859,34,One year,Fiber optic,Credit card,No,Yes,No,0,No,Yes,98.07,3470.87,0,4,0,0
CUS-103761,66,One year,Fiber optic,Mailed check,No,Yes,No internet service,0,Yes,No,105.28,6728.26,4,1,0,0
CUS-106582,50,Month-to-month,No,Mailed check,Yes,No,Yes,0,Yes,No,103.18,5040.6,5,5,0,1
CUS-103813,46,Month-to-month,DSL,Electronic check,No,Yes,Yes,0,Yes,Yes,63.16,3113.93,3,3,0,1
CUS-102133,20,Month-to-month,Fiber optic,Credit card,No,No internet service,No,0,No,No,74.58,1841.28,3,5,0,0
CUS-103543,23,Two year,DSL,Credit card,Yes,No internet service,No,0,Yes,No,36.27,909.4,1,1,0,0
CUS-106430,38,Two year,No,Bank transfer,Yes,No internet service,No,0,Yes,No,68.31,2465.34,4,2,0,0
CUS-101193,5,One year,Fiber optic,Bank transfer,No,No,No,1,No,Yes,101.13,404.7,1,3,0,1
CUS-106308,22,One year,DSL,Electronic check,Yes,No,No,0,No,Yes,52.65,1137.03,4,1,0,0
CUS-101419,72,One year,Fiber optic,Electronic check,Yes,Yes,Yes,1,Yes,Yes,102.52,7464.3,4,1,1,1
CUS-101079,38,Two year,DSL,Bank transfer,No,Yes,No internet service,1,No,Yes,54.01,1767.99,1,4,0,0
CUS-103277,3,Two year,Fiber optic,Electronic check,No,No,No,0,Yes,No,62.8,326.17,0,3,0,0
CUS-100286,22,One year,No,Electronic check,No,Yes,No internet service,0,No,Yes,68.28,1931.44,3,1,0,0
CUS-104078,32,Two year,DSL,Mailed check,No,No,No,0,Yes,No,54.54,1594.32,1,0,0,0
CUS-104269,4,Month-to-month,Fiber optic,Electronic check,No,No,No,0,No,No,85.31,597.41,5,1,0,0
CUS-101617,19,One year,Fiber optic,Credit card,Yes,No,No,0,No,No,94.87,2022.91,4,3,1,0
CUS-106702,68,Month-to-month,Fiber optic,Credit card,Yes,No,No internet service,0,Yes,Yes,130.59,8188.65,4,4,1,1
CUS-102486,34,Month-to-month,Fiber optic,Electronic check,No,No,No internet service,0,No,Yes,68.32,2233.84,0,3,0,0
CUS-104803,27,Two year,Fiber optic,Mailed check,Yes,No,No,0,No,No,84.83,2328.88,1,2,0,0
CUS-101893,24,Month-to-month,No,Electronic check,Yes,No,No,0,Yes,No,61.16,1306.14,3,0,1,1
CUS-105306,14,One year,Fiber optic,Mailed check,No,Yes,Yes,0,Yes,No,78.25,1015.09,1,2,0,0
CUS-105664,35,Month-to-month,DSL,Bank transfer,Yes,Yes,Yes,0,Yes,No,26.8,1033.06,1,1,0,1
CUS-106120,24,Two year,Fiber optic,Credit card,No,Yes,No internet service,1,Yes,No,125.19,2680.19,2,6,0,0
CUS-100401,4,Month-to-month,Fiber optic,Credit card,Yes,No,No internet service,0,No,No,93.68,470.87,0,1,1,1
CUS-103100,25,One year,Fiber optic,Mailed check,No,No,No internet service,1,No,No,95.47,2341.57,1,2,0,0
CUS-100747,9,Month-to-month,No,Electronic check,Yes,Yes,Yes,0,No,No,82.86,624.79,3,2,0,1
CUS-101721,6,Month-to-month,Fiber optic,Credit card,No,No,No,1,No,No,102.25,840.78,3,4,0,0
CUS-100041,8,One year,Fiber optic,Electronic check,No,Yes,No,0,No,No,113.45,1737.13,4,3,0,0
CUS-101223,11,Month-to-month,DSL,Credit card,No,No,No internet service,1,Yes,Yes,34.57,211.06,2,2,0,0
CUS-104294,13,One year,Fiber optic,Mailed check,Yes,No,Yes,0,No,Yes,88.99,1137.11,1,2,0,0
CUS-102184,10,Two year,Fiber optic,Credit card,No,Yes,No,0,Yes,No,102.61,633.17,4,2,0,0
CUS-101426,16,Two year,DSL,Electronic check,Yes,No,Yes,1,Yes,No,81.92,1400.13,5,4,0,0
CUS-100957,18,Two year,No,Credit card,Yes,No,No,0,Yes,Yes,42.77,903.49,0,3,0,0
CUS-105674,51,One year,DSL,Electronic check,Yes,Yes,Yes,0,No,Yes,69.05,3588.17,5,1,0,0
CUS-104742,15,Month-to-month,Fiber optic,Electronic check,No,Yes,No internet service,0,Yes,No,83.95,1310.24,3,4,1,1
CUS-100737,72,Month-to-month,DSL,Electronic check,Yes,Yes,No,0,Yes,No,46.97,3430.24,3,2,0,0
CUS-104304,25,Month-to-month,No,Electronic check,Yes,No internet service,No,0,No,No,63.69,1397.12,5,1,0,0
CUS-103950,6,Month-to-month,DSL,Electronic check,No,No,No,0,Yes,Yes,63.47,419.0,3,0,0,0
CUS-100833,48,Month-to-month,DSL,Mailed check,Yes,No internet service,No internet service,0,No,No,75.45,3701.21,5,3,1,1
CUS-102941,26,Month-to-month,No,Credit card,Yes,No,No,0,No,No,74.26,2398.56,5,2,0,0
CUS-102260,19,One year,Fiber optic,Electronic check,Yes,Yes,No,0,No,No,91.88,1407.59,0,1,1,0
CUS-101859,46,Month-to-month,DSL,Electronic check,Yes,No internet service,Yes,0,No,Yes,70.61,3101.36,2,1,0,0
CUS-102850,49,Month-to-month,DSL,Bank transfer,No,Yes,Yes,0,Yes,No,70.24,3440.82,5,1,0,0
CUS-102533,6,Month-to-month,Fiber optic,Electronic check,Yes,No,No,0,No,No,96.17,282.65,1,1,0,1
CUS-103801,39,Two year,No,Electronic check,Yes,No internet service,No internet service,0,Yes,No,67.81,2729.33,1,1,0,0
CUS-103153,62,One year,DSL,Electronic check,Yes,Yes,No,0,No,No,57.12,3407.39,2,2,0,0
CUS-101872,33,One year,No,Mailed check,Yes,No internet service,Yes,0,No,No,89.1,2192.11,4,4,0,0
CUS-104686,72,Month-to-month,No,Mailed check,Yes,Yes,No,1,Yes,Yes,57.28,4215.54,0,2,0,1
CUS-102718,14,Month-to-month,No,Bank transfer,Yes,No,No,0,No,No,52.09,628.82,1,0,0,1
CUS-102299,37,Month-to-month,No,Credit card,Yes,No,Yes,0,No,Yes,92.14,3381.56,3,2,0,1
CUS-105523,43,Two year,No,Electronic check,Yes,Yes,No,0,Yes,No,67.05,3005.34,5,2,0,0
CUS-104332,21,Month-to-month,Fiber optic,Credit card,No,No internet service,No,0,No,No,91.94,2122.41,1,3,0,0
CUS-105078,17,Month-to-month,DSL,Electronic check,Yes,No internet service,No,0,No,No,47.6,714.91,2,1,0,0
CUS-106887,72,Month-to-month,Fiber optic,Mailed check,Yes,Yes,No internet service,0,No,Yes,108.68,7769.1,2,3,1,1
CUS-105219,15,Month-to-month,DSL,Mailed check,Yes,No,No,0,Yes,Yes,48.01,586.65,0,2,1,1
CUS-103667,26,Month-to-month,Fiber optic,Electronic check,Yes,No,No,0,No,No,90.9,2587.37,3,3,0,0
CUS-100865,27,One year,DSL,Credit card,Yes,No,No,0,Yes,No,45.7,1135.54,0,1,0,1
CUS-105170,6,One year,Fiber optic,Electronic check,Yes,Yes,Yes,0,No,No,69.5,591.9,0,1,1,0
CUS-104302,17,Two year,DSL,Credit card,No,No internet service,No,0,No,No,65.76,1006.03,1,1,0,0
CUS-100549,35,Month-to-month,Fiber optic,Electronic check,Yes,No internet service,Yes,1,No,No,124.88,4163.4,5,2,1,1
CUS-100932,72,Two year,DSL,Electronic check,No,No,No internet service,0,No,No,82.15,5946.19,5,4,0,0
CUS-102609,21,Month-to-month,No,Electronic check,No,Yes,No,1,No,No,60.82,1070.73,1,2,0,0
CUS-102845,28,Two year,Fiber optic,Mailed check,Yes,No internet service,No,0,Yes,No,104.63,2889.73,2,2,0,1
CUS-100296,29,One year,Fiber optic,Mailed check,Yes,No internet service,Yes,0,No,No,86.12,2668.34,3,1,0,0
CUS-105128,10,Two year,Fiber optic,Mailed check,No,No,Yes,0,Yes,No,67.76,680.19,1,2,0,0
CUS-101215,4,Month-to-month,DSL,Electronic check,No,No internet service,No,0,Yes,No,59.21,29.6,3,1,0,1
CUS-102304,10,Month-to-month,Fiber optic,Electronic check,No,No,No internet service,1,No,No,70.75,646.73,2,2,0,1
CUS-104962,47,Two year,DSL,Mailed check,No,No,No,0,No,Yes,49.18,2126.57,0,1,0,0
CUS-105454,44,Month-to-month,No,Electronic check,Yes,No internet service,No,1,Yes,No,48.95,2263.49,3,0,0,1
CUS-103504,8,One year,Fiber optic,Electronic check,No,Yes,Yes,0,Yes,No,90.8,1247.53,0,3,0,0
CUS-104017,61,Month-to-month,Fiber optic,Bank transfer,No,No internet service,No internet service,0,Yes,No,94.75,5837.85,5,2,0,1
CUS-101623,19,Month-to-month,DSL,Credit card,Yes,Yes,No,1,No,Yes,41.49,663.57,1,2,0,0
CUS-100100,26,One year,Fiber optic,Electronic check,Yes,No,No internet service,0,No,Yes,110.78,2637.43,4,0,0,1
CUS-105748,36,One year,Fiber optic,Credit card,No,Yes,Yes,0,No,No,56.39,1866.18,1,5,0,0
CUS-104382,20,Two year,Fiber optic,Credit card,Yes,No internet service,Yes,0,No,No,77.9,1092.84,3,1,0,0
CUS-104838,6,One year,Fiber optic,Bank transfer,No,Yes,No,0,No,No,100.85,140.61,3,5,0,1
CUS-103941,13,One year,No,Bank transfer,No,No,No,0,Yes,No,76.63,1232.64,5,4,0,0
CUS-106987,10,Month-to-month,Fiber optic,Credit card,Yes,No,No,0,No,No,67.87,717.63,1,2,0,0
CUS-102208,10,Month-to-month,No,Electronic check,No,Yes,No,0,No,No,76.2,497.76,5,3,0,1
CUS-105018,26,Month-to-month,Fiber optic,Mailed check,No,No internet service,No internet service,0,No,No,86.58,2501.98,3,3,0,1
CUS-103282,33,Two year,No,Bank transfer,Yes,No internet service,No internet service,0,Yes,Yes,106.97,3935.11,5,0,0,0
CUS-100798,29,Month-to-month,DSL,Credit card,Yes,No,No,0,No,No,38.05,1139.62,1,1,0,0
CUS-105289,10,Month-to-month,No,Mailed check,No,No,Yes,0,Yes,No,56.27,642.2,1,2,0,0
CUS-104270,11,One year,No,Mailed check,Yes,No internet service,No,0,No,Yes,21.73,254.25,0,1,0,0
CUS-101410,10,Month-to-month,DSL,Credit card,No,No,Yes,1,Yes,Yes,57.89,597.32,4,0,0,0
CUS-104141,21,Two year,Fiber optic,Credit card,Yes,No,No,0,No,Yes,85.9,2009.1,1,4,0,0
CUS-102650,40,Two year,DSL,Electronic check,Yes,No internet service,No,0,No,Yes,40.47,1803.32,1,0,0,0
CUS-100346,17,Month-to-month,No,Mailed check,No,No internet service,Yes,0,Yes,No,95.16,1771.69,5,1,0,0
CUS-103131,30,Month-to-month,Fiber optic,Mailed check,No,No,No internet service,0,Yes,No,76.16,2287.24,1,4,0,0
CUS-102855,53,Month-to-month,No,Mailed check,Yes,No,Yes,0,No,Yes,57.44,2882.84,2,3,0,1
CUS-102173,6,Month-to-month,Fiber optic,Mailed check,Yes,No,Yes,0,Yes,Yes,116.42,688.73,1,3,0,1
CUS-104847,39,Month-to-month,Fiber optic,Electronic check,Yes,No,No,1,No,Yes,127.76,4775.63,3,2,1,1
CUS-100681,46,One year,DSL,Electronic check,No,Yes,Yes,0,No,No,38.79,1796.03,0,1,1,0
CUS-101176,26,One year,No,Credit card,Yes,Yes,No,0,Yes,No,52.89,1248.14,1,1,0,0
CUS-102572,4,Two year,DSL,Mailed check,No,Yes,No,0,No,No,32.38,124.54,0,1,0,0
CUS-105888,16,Month-to-month,Fiber optic,Credit card,No,No,Yes,0,No,No,74.61,986.43,1,4,0,1
CUS-100087,67,Two year,No,Credit card,Yes,No,Yes,1,No,No,46.28,3060.08,2,0,0,0
CUS-100465,22,Two year,No,Mailed check,No,Yes,No,0,No,Yes,23.51,449.47,0,0,0,0
CUS-104410,9,One year,Fiber optic,Electronic check,Yes,No,No,0,No,No,67.93,547.27,1,0,0,0
CUS-105190,38,Month-to-month,Fiber optic,Credit card,Yes,No internet service,Yes,0,No,No,93.79,3482.8,2,1,0,0
CUS-103548,36,Two year,Fiber optic,Credit card,Yes,Yes,Yes,0,No,No,82.71,2673.33,1,3,0,0
CUS-101543,42,One year,No,Credit card,Yes,No,Yes,0,Yes,Yes,91.05,3481.16,5,2,0,0
CUS-104993,19,Month-to-month,Fiber optic,Electronic check,No,No internet service,No,0,No,No,90.57,1863.62,4,1,0,0
CUS-105807,13,Two year,Fiber optic,Mailed check,Yes,No internet service,No internet service,0,Yes,No,75.56,1318.66,0,3,0,1
CUS-102992,21,Two year,Fiber optic,Bank transfer,Yes,No internet service,Yes,1,No,No,118.59,2628.88,4,7,0,0
CUS-101321,20,One year,No,Mailed check,Yes,No,No,1,No,Yes,54.56,703.64,1,2,0,0
CUS-100157,54,One year,DSL,Electronic check,No,No,Yes,0,No,No,42.77,2460.63,1,0,0,0
CUS-100351,12,Two year,Fiber optic,Electronic check,Yes,No,Yes,0,Yes,No,68.77,1112.13,1,5,0,1
CUS-102984,28,Month-to-month,DSL,Bank transfer,No,Yes,No,0,Yes,No,46.4,1459.3,1,3,1,0
CUS-102722,10,Month-to-month,DSL,Electronic check,Yes,Yes,No,0,Yes,Yes,75.36,1038.44,4,3,0,0
CUS-102929,8,Two year,No,Mailed check,Yes,No internet service,No,0,Yes,No,47.46,584.84,0,2,0,0
CUS-102755,21,One year,DSL,Mailed check,No,Yes,Yes,1,No,No,49.71,1097.09,2,1,0,0
CUS-104643,28,One year,Fiber optic,Bank transfer,No,Yes,No,0,Yes,No,72.66,2190.69,3,0,0,0
CUS-102812,40,Month-to-month,DSL,Credit card,Yes,No internet service,No internet service,0,No,No,66.01,2532.66,2,0,0,0
CUS-103154,20,Month-to-month,Fiber optic,Mailed check,No,No,No,1,No,No,83.06,2065.09,2,1,0,1
CUS-101867,31,One year,Fiber optic,Bank transfer,No,Yes,No,0,No,No,66.11,2108.71,1,4,0,1
CUS-100743,24,Two year,Fiber optic,Mailed check,Yes,No,Yes,0,No,No,66.66,1701.8,0,1,0,0
CUS-105784,31,Month-to-month,DSL,Bank transfer,Yes,Yes,No internet service,0,Yes,Yes,40.83,1101.87,3,1,1,0
CUS-100084,14,One year,DSL,Mailed check,Yes,Yes,Yes,0,No,Yes,73.32,891.13,5,3,0,0
CUS-105108,60,Month-to-month,No,Mailed check,Yes,No internet service,No,0,Yes,No,33.91,2034.44,0,1,0,0
CUS-105483,72,Month-to-month,Fiber optic,Electronic check,Yes,Yes,No internet service,0,No,Yes,91.99,6158.25,1,4,0,1
CUS-102476,17,One year,DSL,Electronic check,No,Yes,No,0,No,Yes,18.0,311.63,0,1,0,0
CUS-106588,29,Month-to-month,No,Mailed check,No,Yes,Yes,0,No,No,75.43,2411.63,4,1,0,0
CUS-103214,19,Month-to-month,Fiber optic,Electronic check,Yes,No,No,0,No,No,133.16,2458.82,5,3,1,1
CUS-102441,72,Month-to-month,DSL,Electronic check,Yes,Yes,No,0,No,Yes,67.48,5041.39,3,1,0,0
CUS-102843,10,Two year,DSL,Mailed check,Yes,No,Yes,0,Yes,No,60.55,282.5,1,2,0,0
CUS-101656,5,One year,No,Credit card,Yes,No,No,1,Yes,Yes,57.46,68.45,2,2,0,0
CUS-104715,27,Month-to-month,Fiber optic,Mailed check,No,Yes,No internet service,0,Yes,No,86.55,2058.13,1,4,1,1
CUS-101087,22,Month-to-month,Fiber optic,Credit card,Yes,Yes,No,0,No,Yes,107.74,3576.04,1,1,0,1
CUS-106417,62,One year,No,Bank transfer,Yes,Yes,No internet service,1,No,No,60.61,3750.3,3,3,0,0
CUS-102095,72,Month-to-month,Fiber optic,Electronic check,Yes,Yes,No internet service,0,Yes,No,57.85,4127.64,2,2,0,0
CUS-106637,39,Month-to-month,Fiber optic,Electronic check,Yes,No internet service,No,1,Yes,Yes,83.67,3461.79,2,2,0,1
CUS-106191,72,Month-to-month,No,Electronic check,Yes,No,No internet service,0,No,No,96.34,7481.95,4,7,0,1
CUS-101916,9,Month-to-month,DSL,Electronic check,Yes,No,No internet service,0,Yes,No,70.95,180.81,4,1,1,0
CUS-106988,4,Month-to-month,Fiber optic,Credit card,Yes,No,Yes,1,Yes,No,87.39,863.94,4,2,0,1
CUS-105102,7,Month-to-month,Fiber optic,Bank transfer,Yes,No internet service,No,0,Yes,No,103.79,1026.62,3,2,0,1
CUS-100167,16,Month-to-month,DSL,Credit card,No,No,No,0,No,No,49.42,886.05,2,2,0,0
CUS-103956,31,Month-to-month,DSL,Bank transfer,Yes,No,No,1,No,No,58.57,1690.14,4,0,0,0
CUS-105756,44,Month-to-month,DSL,Mailed check,Yes,Yes,No internet service,0,No,Yes,51.74,2197.35,2,1,0,0
CUS-106478,7,One year,Fiber optic,Bank transfer,Yes,No internet service,Yes,0,Yes,No,84.33,615.7,5,5,1,1
CUS-101544,41,One year,No,Bank transfer,No,No,No,0,No,Yes,69.6,2741.1,4,4,0,0
CUS-104727,52,Month-to-month,Fiber optic,Credit card,Yes,No,No,0,No,No,85.06,4720.7,0,1,0,0
CUS-105643,30,One year,DSL,Electronic check,Yes,No,No,0,Yes,No,52.24,1723.0,1,2,0,0
CUS-105904,27,Month-to-month,Fiber optic,Bank transfer,Yes,No,Yes,0,No,Yes,79.33,2529.61,3,3,0,1
CUS-105617,36,Month-to-month,No,Bank transfer,Yes,Yes,No,0,No,No,80.44,3163.04,5,2,0,0
CUS-101397,44,Two year,No,Bank transfer,Yes,No,No,0,No,No,49.02,1942.16,2,2,0,0
CUS-106408,25,One year,DSL,Credit card,Yes,No,Yes,0,No,Yes,55.75,1421.91,0,2,0,0
CUS-106098,13,One year,Fiber optic,Credit card,Yes,No,No,0,No,No,116.99,1002.43,0,5,0,1
CUS-103816,14,Month-to-month,DSL,Mailed check,Yes,No internet service,Yes,0,Yes,No,71.97,972.84,5,1,0,0
CUS-101261,72,Two year,No,Bank transfer,Yes,No,No,0,Yes,Yes,42.6,3045.8,2,2,0,0
CUS-104731,18,Two year,DSL,Mailed check,Yes,No,No,0,Yes,No,49.26,1047.0,3,2,0,0
CUS-105151,12,Two year,No,Bank transfer,No,Yes,Yes,0,Yes,No,50.1,653.41,4,3,1,0
CUS-106592,67,Two year,DSL,Electronic check,Yes,Yes,No,0,Yes,No,60.28,4173.82,4,0,0,0
CUS-105633,72,Month-to-month,Fiber optic,Bank transfer,Yes,No internet service,No,0,No,No,86.56,6241.77,1,6,0,1
CUS-106214,16,Month-to-month,Fiber optic,Bank transfer,Yes,No,Yes,0,No,No,90.18,1324.56,0,3,1,1
CUS-102697,16,Two year,Fiber optic,Electronic check,No,Yes,No,0,No,No,115.85,1510.07,1,2,1,0
CUS-102818,16,One year,Fiber optic,Electronic check,Yes,No internet service,No,0,No,Yes,117.13,2188.56,5,2,0,0
CUS-103023,9,Month-to-month,No,Bank transfer,Yes,No internet service,No,0,No,No,57.63,468.45,2,3,0,0
CUS-103340,43,Two year,DSL,Mailed check,No,No internet service,Yes,0,No,Yes,62.41,2720.7,3,4,0,0
CUS-101561,29,Month-to-month,Fiber optic,Bank transfer,No,No,Yes,0,Yes,Yes,125.69,3135.73,3,8,0,0
CUS-102345,34,Month-to-month,DSL,Mailed check,No,No,No internet service,0,No,No,71.99,2494.39,3,3,1,0
CUS-103765,6,One year,Fiber optic,Mailed check,Yes,No,No,0,Yes,Yes,76.33,160.43,0,1,0,0
CUS-105372,16,Month-to-month,DSL,Credit card,Yes,No internet service,No,0,No,Yes,65.11,1072.78,4,2,0,1
CUS-103704,18,One year,Fiber optic,Electronic check,No,No internet service,Yes,0,No,No,101.2,1907.24,5,1,0,0
CUS-103949,29,Month-to-month,No,Credit card,Yes,No,Yes,0,Yes,Yes,65.5,1869.68,5,1,0,0
CUS-100982,16,One year,DSL,Bank transfer,No,No,No,1,No,No,48.3,1094.97,0,0,0,0
CUS-101002,13,Month-to-month,DSL,Mailed check,Yes,Yes,Yes,1,No,No,64.27,867.76,5,2,0,1
CUS-100373,5,Month-to-month,Fiber optic,Credit card,No,No,Yes,0,Yes,No,130.0,402.34,4,3,0,1
CUS-106651,6,Month-to-month,Fiber optic,Electronic check,No,Yes,No,0,No,No,102.85,893.48,5,3,0,1
CUS-105045,34,Month-to-month,No,Electronic check,No,No,No,0,No,No,103.87,3403.47,5,1,0,1
CUS-101595,55,Month-to-month,DSL,Mailed check,No,No,No,1,No,No,61.16,3317.21,0,0,0,0
CUS-100308,10,One year,Fiber optic,Credit card,Yes,No,No,0,No,No,109.99,1314.64,1,2,0,0
CUS-101020,17,Two year,Fiber optic,Bank transfer,No,No,No,0,No,Yes,115.16,1616.24,3,2,1,1
CUS-104357,17,Month-to-month,DSL,Electronic check,Yes,No,Yes,1,No,No,55.75,1023.93,4,6,0,0
CUS-106222,28,One year,Fiber optic,Electronic check,No,Yes,No internet service,1,No,No,119.13,3213.67,4,1,0,0
CUS-101174,19,Month-to-month,DSL,Electronic check,Yes,No,Yes,0,Yes,Yes,38.43,661.24,2,0,0,0
CUS-101728,45,Month-to-month,Fiber optic,Bank transfer,Yes,Yes,No,0,No,Yes,102.17,4440.29,2,2,0,0
CUS-101317,34,One year,Fiber optic,Mailed check,No,No,No,1,Yes,No,102.93,3517.99,2,0,0,0
CUS-104375,32,Two year,DSL,Electronic check,Yes,No,No,0,Yes,No,58.36,1993.36,3,1,0,0
CUS-105519,53,One year,Fiber optic,Electronic check,Yes,No,Yes,0,Yes,No,101.86,6036.13,2,1,0,1
CUS-101844,34,Month-to-month,DSL,Credit card,Yes,No,No,0,No,Yes,39.18,1049.82,0,1,0,0
CUS-106579,40,One year,No,Bank transfer,Yes,Yes,No,0,No,No,53.6,2070.21,2,2,0,0
CUS-104060,72,Month-to-month,No,Bank transfer,Yes,No,Yes,0,No,Yes,45.09,3307.24,2,1,0,0
CUS-104295,14,One year,DSL,Mailed check,Yes,Yes,Yes,0,Yes,No,52.32,767.32,0,1,0,0
CUS-100812,51,Month-to-month,DSL,Credit card,Yes,Yes,No,0,No,No,57.11,2965.41,5,0,0,1
CUS-100065,39,Month-to-month,Fiber optic,Bank transfer,Yes,No internet service,No,0,No,No,117.59,4385.26,4,3,0,0
CUS-101425,2,Month-to-month,Fiber optic,Credit card,Yes,No,No internet service,0,Yes,Yes,100.6,50.3,2,4,1,0
CUS-104076,28,Month-to-month,DSL,Credit card,Yes,No internet service,No,0,No,Yes,53.44,1393.91,4,3,0,1
CUS-103347,15,Month-to-month,Fiber optic,Bank transfer,Yes,Yes,No,0,Yes,No,85.96,1318.56,0,1,0,1
CUS-103479,9,Month-to-month,DSL,Credit card,Yes,No,Yes,1,No,Yes,45.34,418.84,2,0,0,0
CUS-101921,8,One year,DSL,Bank transfer,Yes,Yes,No,0,No,No,73.56,434.71,5,5,1,0
CUS-101871,17,Two year,Fiber optic,Mailed check,Yes,Yes,No,1,Yes,Yes,78.45,1490.23,3,1,0,0
CUS-102446,54,Month-to-month,DSL,Credit card,No,No,No internet service,0,No,Yes,54.05,3039.9,4,1,0,0
CUS-102091,26,Two year,DSL,Credit card,No,No,No,0,No,Yes,37.77,937.59,1,1,0,0
CUS-101400,23,Two year,No,Electronic check,Yes,No,Yes,0,Yes,No,49.01,993.61,0,0,0,0
CUS-103688,15,Month-to-month,Fiber optic,Mailed check,Yes,No internet service,No,0,No,Yes,109.15,1369.25,2,1,0,1
CUS-100486,46,Month-to-month,Fiber optic,Electronic check,Yes,No,No,0,Yes,No,98.36,5087.09,5,0,0,1
CUS-104397,18,Month-to-month,No,Bank transfer,No,Yes,No internet service,0,No,No,25.65,408.05,0,0,0,0
CUS-103027,72,Month-to-month,DSL,Electronic check,Yes,No internet service,Yes,0,No,Yes,87.17,6088.71,5,2,0,0
CUS-104314,26,Two year,DSL,Electronic check,No,Yes,No,0,Yes,Yes,66.67,1751.32,4,2,0,0
CUS-103786,9,Month-to-month,DSL,Credit card,Yes,No internet service,No,0,No,Yes,49.68,469.03,5,1,0,1
CUS-100921,14,Month-to-month,No,Credit card,No,No,No,0,No,No,41.44,670.96,0,1,0,0
CUS-100322,37,Two year,Fiber optic,Credit card,No,No,No,0,Yes,No,79.39,3293.0,3,2,1,0
CUS-100248,51,Month-to-month,DSL,Credit card,No,No,No,0,Yes,No,53.89,2764.82,0,0,0,1
CUS-105966,31,Month-to-month,Fiber optic,Electronic check,Yes,No,No internet service,0,No,No,78.88,2257.07,1,2,0,1
CUS-102271,39,Month-to-month,DSL,Credit card,Yes,No,No,0,Yes,No,93.62,3500.53,5,0,0,0
CUS-102057,72,Month-to-month,Fiber optic,Mailed check,Yes,Yes,No,1,No,No,122.7,8683.9,5,5,0,1
CUS-104222,23,Month-to-month,DSL,Credit card,Yes,No internet service,Yes,0,No,No,66.38,1542.49,5,1,0,1
CUS-101558,30,Month-to-month,Fiber optic,Mailed check,No,No,Yes,0,No,Yes,127.15,3893.07,5,6,0,1
CUS-100231,31,One year,Fiber optic,Electronic check,Yes,No,No,0,No,No,104.41,3062.02,5,4,0,0
CUS-101181,52,Month-to-month,Fiber optic,Electronic check,Yes,Yes,No,0,No,Yes,111.15,6136.7,4,0,0,0
CUS-106154,29,Two year,DSL,Credit card,No,No,No,0,Yes,No,64.62,1901.8,4,1,1,0
CUS-104247,31,Month-to-month,DSL,Bank transfer,Yes,Yes,No internet service,0,No,No,63.45,2029.64,1,0,0,0
CUS-101061,23,Month-to-month,DSL,Bank transfer,Yes,No,No internet service,0,Yes,Yes,38.18,775.78,0,0,0,0
CUS-105235,27,Month-to-month,No,Bank transfer,No,No,Yes,0,Yes,No,44.16,1149.19,1,2,0,0
CUS-104940,37,One year,Fiber optic,Mailed check,Yes,Yes,No,0,No,No,81.19,2572.59,5,1,0,1
CUS-100091,34,Month-to-month,DSL,Credit card,Yes,No,No internet service,0,Yes,No,50.55,1625.93,2,1,0,1
CUS-102902,28,Two year,No,Electronic check,Yes,No internet service,No internet service,0,Yes,No,95.99,3081.45,5,4,0,0
CUS-100318,68,Month-to-month,DSL,Electronic check,Yes,No,No internet service,0,Yes,No,67.66,4640.7,4,0,1,0
CUS-103849,17,Month-to-month,DSL,Electronic check,No,Yes,No,0,No,No,75.35,1464.21,4,4,0,0
CUS-106064,6,One year,DSL,Bank transfer,No,No internet service,Yes,0,No,No,58.95,298.72,4,1,0,0
CUS-106666,53,Two year,Fiber optic,Bank transfer,Yes,No,Yes,1,Yes,No,122.56,6141.41,3,1,0,0
CUS-105192,21,One year,No,Bank transfer,Yes,No,Yes,0,No,No,53.46,897.47,0,0,0,0
CUS-100965,11,Month-to-month,DSL,Mailed check,Yes,No,Yes,0,No,Yes,87.31,1112.54,5,3,0,1
CUS-106013,69,Two year,DSL,Bank transfer,Yes,Yes,No internet service,0,Yes,No,80.04,5500.62,1,2,0,0
CUS-105187,4,Month-to-month,Fiber optic,Mailed check,No,No,No,0,No,Yes,114.98,377.73,5,5,0,1
CUS-104937,29,Two year,Fiber optic,Bank transfer,Yes,No internet service,No,0,Yes,No,117.44,2830.65,4,1,0,0
CUS-106723,22,Month-to-month,Fiber optic,Credit card,Yes,No,No internet service,0,No,No,127.45,3382.5,5,3,0,0
CUS-106033,30,Month-to-month,DSL,Electronic check,Yes,No internet service,No internet service,1,Yes,No,63.52,1870.19,1,2,0,1
CUS-103103,14,Month-to-month,Fiber optic,Mailed check,No,No,No,1,No,No,81.66,950.78,5,3,0,1
CUS-101041,30,Month-to-month,No,Credit card,Yes,No,No,0,No,Yes,33.82,1105.88,0,0,0,1
CUS-103003,32,One year,No,Electronic check,Yes,Yes,No,0,No,No,75.36,2248.12,3,2,1,1
CUS-106564,13,Two year,DSL,Credit card,Yes,No,No,0,Yes,No,72.51,906.87,5,1,0,0
CUS-104707,7,Month-to-month,Fiber optic,Mailed check,No,No,No,0,Yes,Yes,94.84,585.92,4,0,0,1
CUS-102887,17,Month-to-month,DSL,Mailed check,Yes,No internet service,No internet service,0,Yes,No,24.99,399.8,1,1,1,0
CUS-105347,4,Two year,Fiber optic,Credit card,No,No,No internet service,0,No,No,85.44,123.54,3,2,0,1
CUS-103049,72,Two year,No,Credit card,Yes,No,No internet service,0,Yes,No,64.42,4832.02,2,1,1,0
CUS-103274,17,Two year,Fiber optic,Credit card,Yes,Yes,No internet service,0,No,No,99.75,652.03,5,2,0,0
CUS-102333,8,Two year,DSL,Mailed check,Yes,No,No,0,Yes,No,59.49,247.75,1,0,0,0
CUS-102069,38,One year,DSL,Bank transfer,Yes,No,No,0,No,No,86.91,3673.88,4,1,0,0
CUS-101905,7,One year,Fiber optic,Credit card,Yes,No,No,0,No,Yes,111.02,758.64,4,3,1,0
CUS-104012,10,Two year,Fiber optic,Credit card,No,Yes,Yes,0,No,No,92.87,956.44,4,1,0,0
CUS-103563,44,Month-to-month,DSL,Electronic check,Yes,No internet service,No,0,No,Yes,38.74,1656.16,3,1,0,0
CUS-103753,18,Month-to-month,No,Electronic check,Yes,No,Yes,0,No,No,54.98,855.25,1,2,0,0
CUS-104697,16,One year,Fiber optic,Electronic check,Yes,Yes,No,0,Yes,No,117.46,2085.36,5,4,0,0
CUS-102629,17,One year,DSL,Electronic check,Yes,No,No internet service,0,Yes,No,24.96,401.48,0,0,0,0
CUS-102197,10,Month-to-month,DSL,Electronic check,Yes,No,No,0,No,No,60.88,554.99,3,1,1,1
CUS-100711,61,Two year,No,Electronic check,No,Yes,No,0,No,No,33.29,2013.27,1,0,0,0
CUS-103661,26,Month-to-month,DSL,Bank transfer,Yes,Yes,No,0,Yes,No,35.39,910.74,0,4,0,0
CUS-105983,9,Month-to-month,DSL,Mailed check,Yes,No,Yes,0,Yes,No,52.37,513.14,1,2,0,1
CUS-101483,69,Month-to-month,DSL,Credit card,Yes,No,No,0,Yes,No,58.8,4012.37,0,4,0,0
CUS-100265,63,Month-to-month,Fiber optic,Mailed check,No,No,Yes,0,Yes,No,64.98,4362.14,0,3,0,1
CUS-103827,13,One year,Fiber optic,Electronic check,No,No internet service,Yes,0,No,No,87.02,1372.3,5,1,0,0
CUS-103315,51,Month-to-month,DSL,Mailed check,Yes,No,No,0,No,Yes,61.69,2995.54,3,1,0,0
CUS-106299,9,Two year,Fiber optic,Mailed check,Yes,No internet service,No internet service,0,No,No,86.88,722.9,3,3,1,0
CUS-106631,28,One year,DSL,Credit card,Yes,Yes,No,1,Yes,No,70.38,2255.84,3,4,1,0
CUS-100789,17,One year,No,Credit card,Yes,No,No,0,Yes,Yes,35.62,557.12,1,1,0,0
CUS-105671,27,One year,Fiber optic,Mailed check,Yes,Yes,No internet service,0,Yes,No,81.95,1850.52,5,2,1,1
CUS-105740,33,One year,No,Bank transfer,Yes,No,Yes,0,No,Yes,50.53,1466.74,0,0,0,0
CUS-105400,30,Month-to-month,Fiber optic,Electronic check,Yes,Yes,Yes,0,No,No,117.08,3611.6,5,1,1,1
CUS-100838,16,Two year,No,Credit card,No,No,No,0,Yes,No,70.13,860.93,4,1,0,0
CUS-100014,16,Two year,No,Credit card,Yes,No,No internet service,0,No,No,51.07,1016.69,3,1,0,0
CUS-106867,36,Month-to-month,Fiber optic,Electronic check,No,Yes,Yes,0,Yes,No,102.12,4223.6,2,2,0,1
CUS-102789,21,Two year,Fiber optic,Credit card,Yes,No,No,0,No,No,140.14,1721.71,3,2,0,0
CUS-103836,9,Month-to-month,DSL,Bank transfer,Yes,Yes,No,0,No,Yes,85.92,967.53,4,2,0,0
CUS-105763,29,Month-to-month,Fiber optic,Bank transfer,Yes,No internet service,No,0,Yes,No,87.3,2376.39,5,0,0,0
CUS-100008,45,Month-to-month,No,Bank transfer,Yes,Yes,No,0,No,No,44.36,2011.98,0,1,0,0
CUS-106749,72,Month-to-month,No,Bank transfer,Yes,Yes,No internet service,0,No,Yes,51.21,3578.14,4,1,0,0
CUS-101786,63,Two year,DSL,Credit card,No,Yes,Yes,0,Yes,No,77.06,4753.76,5,1,0,0
CUS-100332,12,Month-to-month,DSL,Credit card,Yes,No,Yes,1,No,Yes,59.85,557.76,2,2,0,0
CUS-104416,10,Two year,Fiber optic,Bank transfer,No,Yes,No internet service,0,Yes,No,120.29,1886.72,2,3,0,0
CUS-105227,9,Month-to-month,No,Mailed check,Yes,No internet service,No,1,No,No,51.43,502.0,2,2,0,1
CUS-105553,6,Two year,No,Bank transfer,No,No internet service,No,0,Yes,Yes,63.77,31.88,2,0,0,0
CUS-105517,5,One year,No,Bank transfer,Yes,No,No,0,No,No,57.35,121.86,2,1,0,0
CUS-102770,15,One year,DSL,Bank transfer,No,No,Yes,0,No,No,52.66,1013.98,2,2,0,0
CUS-102499,45,Month-to-month,DSL,Electronic check,Yes,No,Yes,0,No,Yes,64.88,2591.68,1,0,0,0
CUS-102589,21,Month-to-month,DSL,Mailed check,Yes,No,No,0,Yes,No,76.62,1306.15,4,3,1,0
CUS-104828,44,Two year,DSL,Electronic check,Yes,No,No,0,Yes,No,56.54,2377.37,0,2,0,0
CUS-106426,38,Month-to-month,No,Electronic check,No,No,Yes,0,No,No,62.98,2318.51,4,1,1,0
CUS-100339,42,Two year,No,Electronic check,Yes,No internet service,Yes,0,Yes,No,60.21,2383.44,3,1,0,0
CUS-102183,26,Month-to-month,Fiber optic,Credit card,Yes,No,No,0,Yes,Yes,131.87,3305.63,3,3,0,1
CUS-104774,41,One year,Fiber optic,Electronic check,No,Yes,No,0,Yes,Yes,72.54,2728.78,2,4,1,1
CUS-101978,30,Month-to-month,No,Credit card,No,No,Yes,0,Yes,No,67.94,2290.74,4,1,1,1
CUS-104698,12,Month-to-month,DSL,Electronic check,No,No internet service,Yes,0,No,Yes,63.77,644.88,4,4,0,0
CUS-102477,28,Month-to-month,Fiber optic,Electronic check,No,No,No,0,No,No,93.34,2369.34,4,1,0,0
CUS-103703,54,Two year,Fiber optic,Electronic check,Yes,No,Yes,0,No,Yes,128.47,7031.45,5,3,0,1
CUS-102934,42,One year,No,Bank transfer,Yes,No internet service,No,0,No,No,32.81,1352.82,0,0,1,0
CUS-105048,49,One year,Fiber optic,Electronic check,No,No internet service,No internet service,0,Yes,No,81.05,4349.63,1,4,1,0
CUS-100622,16,One year,No,Mailed check,Yes,No internet service,Yes,0,Yes,No,89.86,1266.51,5,3,0,1
CUS-103973,15,Two year,DSL,Electronic check,No,Yes,No,0,Yes,No,72.09,1150.02,4,3,0,1
CUS-106139,31,Month-to-month,No,Credit card,No,No internet service,No,1,Yes,Yes,77.19,2207.71,3,2,0,0
CUS-106929,43,Two year,Fiber optic,Credit card,No,No,No,0,No,No,94.28,3884.1,3,0,0,0
CUS-105385,15,One year,No,Bank transfer,Yes,Yes,No internet service,0,No,No,28.18,288.38,0,1,1,0
CUS-101902,62,Two year,No,Electronic check,No,No internet service,Yes,0,No,No,47.16,2997.59,1,1,0,0
CUS-102952,72,One year,No,Electronic check,No,Yes,Yes,0,No,No,72.15,5407.58,4,1,0,1
CUS-105003,7,Two year,Fiber optic,Credit card,Yes,No,Yes,0,No,No,105.49,240.51,2,1,0,0
CUS-102505,24,Month-to-month,No,Mailed check,No,No,No internet service,0,Yes,Yes,52.5,1080.89,3,1,0,0
CUS-102181,10,Two year,Fiber optic,Mailed check,Yes,No internet service,No internet service,1,Yes,No,117.28,826.63,4,4,0,0
CUS-101803,8,Month-to-month,No,Bank transfer,Yes,No,No,0,No,No,64.59,569.76,2,2,0,1
CUS-101263,23,Month-to-month,Fiber optic,Credit card,Yes,Yes,Yes,0,No,No,97.76,2485.29,5,2,0,1
CUS-100196,26,One year,No,Bank transfer,Yes,Yes,Yes,0,Yes,No,63.71,1634.69,3,1,0,0
CUS-103799,17,Month-to-month,DSL,Electronic check,No,Yes,No internet service,0,Yes,Yes,61.58,955.01,0,2,0,1
CUS-101562,11,Month-to-month,DSL,Electronic check,No,No internet service,No internet service,0,Yes,Yes,56.5,741.35,4,0,0,0
CUS-101144,35,One year,Fiber optic,Credit card,No,Yes,No internet service,0,No,No,104.95,3556.46,2,5,0,0
CUS-106415,34,Month-to-month,No,Credit card,Yes,No internet service,Yes,0,No,No,58.99,1984.34,4,0,0,0
CUS-104006,27,Two year,No,Credit card,Yes,No,Yes,0,No,Yes,44.38,1261.45,1,0,0,0
CUS-100432,32,Month-to-month,Fiber optic,Electronic check,Yes,No,No internet service,1,Yes,No,105.86,3468.47,3,1,0,1
CUS-102191,41,Month-to-month,Fiber optic,Electronic check,Yes,No internet service,No internet service,0,Yes,No,99.48,4204.01,5,3,1,0
CUS-105559,26,One year,Fiber optic,Credit card,No,No,No,0,No,No,61.56,1595.32,0,4,0,0
CUS-105867,31,Month-to-month,DSL,Credit card,Yes,No,No internet service,0,No,Yes,45.86,1182.91,1,1,0,0
CUS-106486,11,Month-to-month,Fiber optic,Mailed check,Yes,No,No internet service,0,No,Yes,132.65,1276.69,3,1,1,1
CUS-105285,29,Two year,DSL,Mailed check,Yes,No,No,1,No,No,63.33,1880.91,3,3,0,0
CUS-104622,50,Month-to-month,DSL,Credit card,No,No,No internet service,0,Yes,No,51.74,2429.11,1,0,0,0
CUS-102926,34,Month-to-month,No,Credit card,No,No,Yes,0,Yes,Yes,35.21,1322.0,0,2,1,0
CUS-101720,62,Two year,DSL,Electronic check,No,No internet service,No,0,No,No,60.35,3747.84,3,3,0,0
CUS-100604,12,Month-to-month,Fiber optic,Credit card,No,Yes,No,0,Yes,No,94.48,1281.11,1,1,0,0
CUS-105518,29,Month-to-month,DSL,Mailed check,Yes,Yes,No,0,Yes,No,67.42,1647.29,4,2,0,0
CUS-102864,4,Month-to-month,No,Bank transfer,Yes,Yes,Yes,0,Yes,Yes,72.1,222.7,3,3,0,1
CUS-104236,46,One year,DSL,Credit card,No,No internet service,Yes,0,Yes,No,81.27,4030.42,5,0,0,0
CUS-106838,50,Month-to-month,Fiber optic,Mailed check,Yes,No internet service,No internet service,0,No,Yes,91.72,4851.82,1,2,0,0
CUS-104461,19,One year,No,Electronic check,No,No,No,0,Yes,No,54.55,1070.68,3,1,1,1
CUS-105819,15,Two year,DSL,Electronic check,Yes,No internet service,No,0,No,No,40.82,552.6,2,0,0,0
CUS-102699,38,Month-to-month,Fiber optic,Mailed check,No,Yes,Yes,1,Yes,No,80.79,3297.63,1,0,0,0
CUS-104173,59,Month-to-month,No,Bank transfer,Yes,No,Yes,0,Yes,Yes,43.44,2700.67,0,1,0,0
CUS-103326,37,One year,DSL,Electronic check,Yes,No,No,0,No,No,73.84,2682.13,5,0,0,1
CUS-106347,23,One year,DSL,Electronic check,No,No,No internet service,0,Yes,Yes,48.88,886.08,2,0,0,0
CUS-104454,45,One year,DSL,Credit card,Yes,No,Yes,0,No,No,66.2,2947.86,4,0,0,0
CUS-106213,22,Month-to-month,Fiber optic,Electronic check,Yes,No,No,0,Yes,Yes,80.9,1618.96,2,1,0,1
CUS-105921,17,One year,Fiber optic,Electronic check,No,No,No,0,Yes,No,90.36,1551.79,3,3,0,1
CUS-101499,25,Month-to-month,Fiber optic,Electronic check,Yes,Yes,No internet service,0,Yes,No,99.58,2630.63,2,2,0,1
CUS-101507,23,One year,No,Electronic check,Yes,No internet service,Yes,0,Yes,Yes,109.74,2304.32,5,3,1,0
CUS-100904,20,One year,Fiber optic,Credit card,Yes,Yes,Yes,0,Yes,No,82.2,1512.11,1,3,0,0
CUS-106560,13,One year,DSL,Credit card,No,No,No,1,Yes,No,44.01,650.81,0,0,0,0
CUS-106240,31,Two year,Fiber optic,Mailed check,No,No internet service,No,0,No,Yes,96.39,3345.8,1,3,0,0
CUS-103592,18,Two year,DSL,Electronic check,No,No,No,0,Yes,Yes,42.56,882.9,0,2,0,0
CUS-106208,7,Month-to-month,No,Electronic check,No,Yes,No internet service,1,No,No,70.76,138.64,2,4,0,1
CUS-106805,60,Month-to-month,DSL,Bank transfer,Yes,Yes,No,0,Yes,Yes,57.29,3475.07,2,1,0,0
CUS-104229,25,One year,No,Mailed check,No,Yes,No internet service,0,Yes,No,93.99,2420.72,5,5,1,0
CUS-101406,29,Month-to-month,Fiber optic,Credit card,No,No,No internet service,1,Yes,Yes,111.33,3542.16,5,4,1,1
CUS-103411,20,Month-to-month,Fiber optic,Electronic check,Yes,No internet service,Yes,0,No,No,83.6,1632.07,4,4,0,1
CUS-101545,22,Month-to-month,No,Electronic check,Yes,No,Yes,1,Yes,No,86.95,2116.33,4,2,0,1
CUS-104094,30,Month-to-month,No,Credit card,Yes,Yes,No,0,No,No,57.83,2013.25,0,0,1,1
CUS-103128,48,Month-to-month,Fiber optic,Electronic check,Yes,Yes,No internet service,1,No,No,74.11,4040.36,0,0,0,0
CUS-104706,72,One year,No,Bank transfer,Yes,Yes,No,0,Yes,No,62.17,4386.96,5,2,0,0
CUS-101820,27,Two year,DSL,Mailed check,Yes,Yes,No,0,No,No,65.71,1624.07,3,0,0,0
CUS-100254,14,One year,Fiber optic,Credit card,Yes,No,No,0,Yes,No,90.86,1248.67,4,1,1,0
CUS-106311,17,One year,Fiber optic,Credit card,No,No,No internet service,0,No,No,73.27,1467.82,4,1,0,0
CUS-100221,14,One year,No,Credit card,Yes,No,No,0,Yes,No,54.15,678.07,0,2,1,0
CUS-103745,64,Month-to-month,DSL,Bank transfer,Yes,No,No,0,No,No,39.52,2650.78,2,6,1,0
CUS-102087,45,One year,No,Credit card,No,Yes,Yes,0,No,Yes,59.6,2991.06,5,1,0,0
CUS-102415,19,Two year,Fiber optic,Credit card,Yes,Yes,No,0,Yes,Yes,98.8,1780.74,3,3,1,0
CUS-104763,6,Month-to-month,Fiber optic,Credit card,Yes,Yes,No,0,Yes,No,104.16,1395.9,5,3,1,1
CUS-103244,33,Month-to-month,No,Electronic check,No,Yes,No,0,No,No,75.13,2691.39,5,2,0,1
CUS-101480,62,Two year,DSL,Electronic check,Yes,No,Yes,1,Yes,No,79.88,4711.43,5,1,0,0
CUS-105845,43,Two year,No,Electronic check,No,Yes,Yes,1,No,No,63.31,2472.12,4,1,0,0
CUS-102698,60,Month-to-month,Fiber optic,Credit card,No,No,No internet service,1,Yes,Yes,89.59,4918.08,1,2,0,0
CUS-103658,19,One year,Fiber optic,Mailed check,No,No,No,0,No,Yes,112.69,2378.37,3,0,0,0
CUS-105095,39,Month-to-month,Fiber optic,Electronic check,Yes,No internet service,No,0,No,No,116.65,5019.36,4,3,1,1
CUS-102263,14,Month-to-month,DSL,Bank transfer,No,Yes,No,0,Yes,No,65.8,733.35,2,3,0,0
CUS-105198,49,Month-to-month,DSL,Credit card,Yes,Yes,No,0,Yes,Yes,43.64,2060.68,2,3,0,0
CUS-100376,27,One year,Fiber optic,Bank transfer,Yes,No,Yes,0,No,Yes,107.43,2231.91,5,4,0,1
CUS-100755,29,Month-to-month,Fiber optic,Credit card,Yes,No,No,1,Yes,No,87.26,2492.62,2,1,1,0
CUS-100291,59,Two year,DSL,Credit card,Yes,No,Yes,0,No,No,30.28,1974.67,1,1,0,0
CUS-105706,4,Month-to-month,DSL,Electronic check,Yes,No,No internet service,0,No,No,77.61,38.8,5,1,0,1
CUS-103571,23,Two year,DSL,Credit card,Yes,Yes,Yes,0,Yes,No,69.86,1035.49,2,2,0,0
CUS-100188,44,Month-to-month,Fiber optic,Mailed check,Yes,No,No internet service,0,No,No,115.28,4764.72,5,3,0,1
CUS-101616,70,Two year,Fiber optic,Electronic check,Yes,No internet service,No,0,No,Yes,89.55,5880.33,1,2,0,1
CUS-103905,5,Month-to-month,Fiber optic,Credit card,Yes,Yes,No internet service,0,No,No,87.38,367.74,1,8,0,0
CUS-103303,26,One year,DSL,Electronic check,No,No internet service,No,0,No,No,81.81,2408.81,4,0,0,0
CUS-103893,18,Month-to-month,Fiber optic,Electronic check,No,No internet service,Yes,0,Yes,Yes,84.91,1488.71,1,4,0,1
CUS-100501,27,Month-to-month,Fiber optic,Bank transfer,Yes,No internet service,No internet service,0,No,Yes,84.05,2205.88,3,2,0,0
CUS-101168,19,Month-to-month,Fiber optic,Credit card,Yes,Yes,Yes,0,No,No,76.85,1141.45,0,1,0,0
CUS-102388,44,One year,Fiber optic,Electronic check,Yes,No,No internet service,0,Yes,No,73.48,3476.31,3,2,0,0
CUS-102031,36,Two year,Fiber optic,Electronic check,Yes,Yes,Yes,0,Yes,No,78.79,2876.46,1,2,1,0
CUS-103038,48,Two year,Fiber optic,Electronic check,No,No,No,0,Yes,No,78.13,3401.29,2,4,0,0
CUS-104084,37,Month-to-month,Fiber optic,Credit card,Yes,No,No,0,Yes,Yes,96.92,3366.03,2,6,0,1
CUS-106475,40,Month-to-month,Fiber optic,Credit card,Yes,No,Yes,0,No,No,147.52,5790.06,5,2,0,1
CUS-100672,16,One year,No,Electronic check,Yes,Yes,No,0,Yes,No,35.59,577.53,2,2,0,0
CUS-103932,7,Two year,No,Credit card,No,Yes,No,0,No,No,74.5,562.71,3,1,0,0
CUS-102458,40,Two year,No,Electronic check,No,No,No,0,No,Yes,74.51,3173.81,2,2,0,0
CUS-101153,30,Two year,No,Credit card,No,No,No,1,No,No,56.59,1761.55,3,3,1,0
CUS-106806,11,Month-to-month,Fiber optic,Bank transfer,Yes,No,Yes,0,Yes,Yes,96.13,971.08,3,2,0,1
CUS-102154,25,One year,DSL,Electronic check,Yes,No,No internet service,0,No,No,81.5,1686.84,3,4,0,1
CUS-105480,22,Month-to-month,Fiber optic,Credit card,No,No,No,1,Yes,Yes,79.63,1678.97,1,1,0,0
CUS-101782,34,Two year,Fiber optic,Bank transfer,Yes,Yes,Yes,0,No,No,85.49,2938.45,3,5,0,1
CUS-100216,7,Two year,DSL,Mailed check,No,No,No internet service,0,No,No,64.7,740.82,2,1,0,0
CUS-105231,16,Two year,No,Mailed check,No,No,No,0,Yes,No,61.43,1051.0,4,2,1,1
CUS-100421,13,Month-to-month,DSL,Credit card,No,No,No,0,No,Yes,52.77,754.11,3,2,0,0
CUS-105599,52,Month-to-month,DSL,Bank transfer,Yes,Yes,No,0,Yes,No,75.72,3825.04,4,1,0,0
CUS-104633,4,One year,No,Mailed check,No,No internet service,Yes,1,Yes,No,97.73,186.45,5,6,0,1
CUS-103666,56,Month-to-month,DSL,Credit card,Yes,Yes,No,0,No,No,64.82,3763.67,4,3,0,0
CUS-100506,42,One year,Fiber optic,Electronic check,No,Yes,No internet service,0,Yes,No,56.8,2851.4,0,1,0,0
CUS-103898,21,One year,DSL,Mailed check,Yes,No internet service,No,0,Yes,No,87.71,1972.33,4,6,1,1
CUS-103650,72,Month-to-month,DSL,Electronic check,Yes,Yes,No internet service,0,Yes,Yes,55.1,3946.08,2,1,0,0
CUS-105396,50,One year,DSL,Mailed check,No,No,No internet service,1,No,No,74.11,3534.18,5,2,0,0
CUS-106877,52,Month-to-month,DSL,Bank transfer,No,No,No,1,Yes,Yes,66.68,3976.06,3,3,1,1
CUS-104506,23,Two year,Fiber optic,Credit card,Yes,Yes,Yes,0,Yes,No,85.87,2009.4,5,5,0,0
CUS-101197,4,Month-to-month,Fiber optic,Bank transfer,No,Yes,No,0,No,No,100.55,50.28,4,2,0,1
CUS-103620,39,One year,No,Electronic check,Yes,Yes,No,0,Yes,No,66.52,2758.22,0,5,0,0
CUS-103478,10,Month-to-month,No,Credit card,No,Yes,No,1,No,Yes,77.57,992.11,5,1,0,0
CUS-104313,25,Month-to-month,Fiber optic,Credit card,No,Yes,Yes,0,No,No,77.8,1972.27,4,4,0,0
CUS-106201,72,Month-to-month,DSL,Electronic check,No,Yes,No internet service,0,Yes,No,70.16,4862.12,4,1,0,0
CUS-104376,60,Month-to-month,DSL,Credit card,Yes,No,Yes,1,Yes,No,59.52,3347.83,0,1,0,0
CUS-100347,43,Two year,DSL,Mailed check,Yes,Yes,Yes,1,No,No,61.88,2875.22,1,0,0,0
CUS-106263,45,Month-to-month,DSL,Bank transfer,No,No internet service,Yes,0,No,Yes,67.76,2891.88,4,0,0,0
CUS-100333,55,One year,No,Electronic check,Yes,No internet service,Yes,0,Yes,No,53.13,2911.9,5,3,0,0
CUS-104198,48,Month-to-month,Fiber optic,Credit card,Yes,Yes,No,0,Yes,No,116.8,5381.49,5,4,0,1
CUS-103955,5,One year,Fiber optic,Credit card,Yes,No,No,0,Yes,No,82.61,309.18,1,4,0,1
CUS-106114,32,Two year,Fiber optic,Electronic check,No,No,No internet service,0,Yes,No,96.26,2807.62,3,4,0,1
CUS-105386,10,Two year,Fiber optic,Credit card,No,No,No internet service,1,No,Yes,116.56,78.13,5,7,0,0
CUS-106550,13,Month-to-month,DSL,Electronic check,No,No,No internet service,0,Yes,No,83.43,1344.13,5,4,0,1
CUS-104693,29,Month-to-month,DSL,Electronic check,Yes,No,Yes,0,No,Yes,88.02,2651.28,4,1,0,0
CUS-101880,17,Month-to-month,DSL,Electronic check,No,Yes,No,0,No,Yes,27.65,480.68,0,0,0,0
CUS-100746,9,Two year,DSL,Electronic check,No,No internet service,Yes,0,No,No,76.75,1226.45,4,0,0,0
CUS-105013,4,Two year,DSL,Mailed check,No,No,No,0,Yes,No,74.1,256.61,5,5,0,0
CUS-103221,39,Two year,Fiber optic,Mailed check,No,Yes,No,1,Yes,No,78.17,2939.06,3,2,0,1
CUS-103288,39,Month-to-month,Fiber optic,Credit card,No,No,No,0,Yes,No,106.71,3455.43,4,5,1,1
CUS-101702,19,Two year,DSL,Bank transfer,No,No internet service,No,0,Yes,No,78.12,1668.34,5,3,0,1
CUS-103689,29,Month-to-month,Fiber optic,Electronic check,No,No,Yes,0,Yes,No,89.77,2486.28,2,5,0,0
CUS-102445,32,Month-to-month,Fiber optic,Mailed check,No,No,No internet service,0,No,No,77.72,2420.15,1,3,0,0
CUS-106027,25,Two year,No,Credit card,Yes,No internet service,No internet service,0,No,No,60.2,1713.3,4,3,0,0
CUS-100259,43,Month-to-month,DSL,Bank transfer,Yes,Yes,No internet service,0,Yes,No,39.73,1947.71,0,0,0,0
CUS-101511,62,Month-to-month,DSL,Electronic check,No,No,No,0,Yes,No,53.58,3346.19,2,1,1,0
CUS-103231,23,Month-to-month,Fiber optic,Credit card,No,No,Yes,1,No,No,96.6,2383.77,1,2,0,1
CUS-101650,26,Two year,Fiber optic,Credit card,Yes,No,No,0,No,Yes,73.24,1762.02,5,2,0,0
CUS-102995,12,One year,DSL,Electronic check,No,No,No,0,No,Yes,93.81,1102.33,5,4,0,0
CUS-103878,11,One year,Fiber optic,Electronic check,No,Yes,No internet service,0,No,No,75.56,789.97,0,2,0,0
CUS-100599,11,Month-to-month,Fiber optic,Credit card,Yes,No,Yes,0,Yes,No,59.24,469.59,0,0,0,1
CUS-100045,18,Two year,DSL,Electronic check,Yes,Yes,No internet service,0,Yes,No,23.02,431.11,1,0,0,0
CUS-105241,21,Month-to-month,Fiber optic,Mailed check,Yes,No internet service,No,0,Yes,No,72.02,1641.75,0,1,0,1
CUS-106731,22,Two year,DSL,Electronic check,No,No,Yes,0,Yes,No,44.18,1032.56,3,3,0,0
CUS-106470,15,Two year,DSL,Mailed check,No,Yes,No,0,Yes,No,52.52,489.02,3,2,0,0
CUS-106706,27,Month-to-month,DSL,Electronic check,Yes,No,No internet service,0,Yes,No,62.61,1662.46,1,2,0,0
CUS-105007,27,Month-to-month,No,Electronic check,No,Yes,No,1,No,Yes,25.32,596.89,1,0,0,0
CUS-101192,11,One year,Fiber optic,Electronic check,Yes,No,No,0,Yes,No,113.23,1189.17,2,5,1,1
CUS-104371,1,Month-to-month,DSL,Mailed check,Yes,No,No,1,No,No,48.9,24.45,2,1,0,1
CUS-102574,41,Two year,DSL,Electronic check,No,No,No internet service,0,No,No,80.48,3409.67,5,4,0,0
CUS-104932,45,Two year,Fiber optic,Mailed check,Yes,No,Yes,0,No,No,93.78,4358.89,3,8,1,0
CUS-102794,21,Two year,No,Credit card,Yes,No,No,0,No,No,75.78,1494.72,1,2,0,0
CUS-100426,27,Two year,Fiber optic,Electronic check,Yes,Yes,Yes,0,No,No,108.98,3740.07,5,4,0,0
CUS-101352,8,One year,Fiber optic,Credit card,No,No,Yes,0,No,Yes,107.98,1151.83,3,0,0,0
CUS-100805,26,Month-to-month,No,Bank transfer,No,Yes,No,1,No,No,38.11,984.42,1,0,0,0
CUS-100410,30,One year,DSL,Electronic check,Yes,Yes,Yes,0,No,Yes,63.88,1981.49,1,3,0,0
CUS-104738,3,One year,DSL,Credit card,Yes,No,Yes,0,Yes,Yes,47.51,122.99,2,0,1,0
CUS-103529,15,Month-to-month,Fiber optic,Bank transfer,Yes,Yes,No internet service,1,No,Yes,65.08,1124.91,4,2,0,1
CUS-100438,30,Month-to-month,Fiber optic,Electronic check,No,No internet service,Yes,0,No,No,108.36,3565.27,5,4,0,1
CUS-102223,36,Month-to-month,DSL,Bank transfer,Yes,No internet service,No internet service,0,Yes,No,62.62,2265.21,2,1,0,0
CUS-100434,24,Month-to-month,Fiber optic,Credit card,No,Yes,Yes,0,No,No,109.21,2378.8,1,3,0,1
CUS-104553,22,Month-to-month,DSL,Credit card,Yes,No,No,0,No,No,20.93,399.25,0,0,0,0
CUS-101188,30,One year,Fiber optic,Electronic check,No,No,No internet service,1,Yes,No,107.5,3338.11,4,1,0,0
CUS-101672,20,Month-to-month,Fiber optic,Bank transfer,Yes,Yes,No,1,No,No,116.55,2491.17,2,3,0,1
CUS-103536,7,Month-to-month,DSL,Electronic check,Yes,No internet service,No internet service,0,No,Yes,42.76,279.29,3,0,0,0
CUS-102098,14,Month-to-month,No,Mailed check,Yes,No internet service,No,0,No,No,47.18,560.04,0,3,0,0
CUS-104725,46,Two year,No,Credit card,No,No,No internet service,1,No,Yes,49.82,2291.81,4,1,0,0
CUS-104730,27,Two year,DSL,Mailed check,Yes,No internet service,No internet service,0,No,No,40.56,1156.08,1,2,0,0
CUS-102298,10,Month-to-month,DSL,Electronic check,No,No,No internet service,1,No,Yes,66.93,625.93,3,3,0,1
CUS-101049,26,Two year,No,Electronic check,No,No,No internet service,0,No,Yes,36.59,959.45,2,0,0,0
CUS-100626,65,Month-to-month,No,Credit card,Yes,No,No,0,No,Yes,49.86,3113.15,0,4,0,0
CUS-105994,37,Month-to-month,Fiber optic,Electronic check,Yes,No,Yes,0,Yes,No,89.7,3357.32,3,2,0,0
CUS-100210,13,Month-to-month,DSL,Electronic check,Yes,No,Yes,0,Yes,Yes,47.58,809.3,0,1,0,1
CUS-102225,33,Month-to-month,Fiber optic,Credit card,Yes,No,No internet service,0,No,No,100.25,3198.7,5,3,0,0
CUS-105961,22,Month-to-month,No,Electronic check,Yes,Yes,No internet service,0,Yes,No,69.56,1503.83,2,4,0,1
CUS-101730,26,Two year,Fiber optic,Bank transfer,Yes,No internet service,No,0,No,No,102.16,2384.92,1,1,0,0
CUS-100051,11,Month-to-month,No,Electronic check,Yes,No,No,0,Yes,No,46.26,436.28,3,2,0,0
CUS-101109,55,Month-to-month,DSL,Credit card,Yes,No,No internet service,0,Yes,Yes,60.37,3551.92,0,2,0,0
CUS-104862,15,One year,No,Credit card,Yes,Yes,No,0,Yes,No,75.89,964.4,4,0,0,0
CUS-106855,49,Month-to-month,No,Credit card,No,No,Yes,0,Yes,No,54.53,2523.89,1,3,0,1
CUS-105076,5,Two year,No,Electronic check,Yes,No internet service,No,0,No,No,50.19,417.89,0,3,0,0
CUS-104284,17,Month-to-month,Fiber optic,Electronic check,Yes,Yes,No,1,Yes,No,118.77,2064.63,3,5,1,1
CUS-106900,31,Two year,No,Electronic check,No,Yes,No,0,Yes,No,43.86,1089.53,2,2,1,0
CUS-105516,18,Two year,DSL,Bank transfer,Yes,No internet service,Yes,0,Yes,No,46.32,803.23,2,2,0,0
CUS-105942,29,Month-to-month,No,Electronic check,No,No,Yes,0,No,No,24.62,675.46,0,0,0,0
CUS-103651,72,Month-to-month,No,Electronic check,No,Yes,No internet service,0,No,Yes,45.28,3374.78,0,0,0,0
CUS-105893,28,Month-to-month,Fiber optic,Electronic check,No,No,No,1,No,Yes,89.2,2528.28,3,5,0,0
CUS-106030,17,Two year,DSL,Electronic check,Yes,No,No internet service,1,No,Yes,100.97,1930.51,5,2,0,0
CUS-105429,8,One year,DSL,Mailed check,No,No,No,0,Yes,No,24.49,148.51,1,1,0,0
CUS-103749,66,Month-to-month,DSL,Bank transfer,Yes,No,Yes,0,No,No,18.0,1257.75,0,0,0,0
CUS-105426,3,One year,DSL,Electronic check,No,No,Yes,0,Yes,Yes,67.54,33.77,5,1,1,1
CUS-103312,12,Month-to-month,Fiber optic,Bank transfer,Yes,Yes,No internet service,0,Yes,No,111.87,1878.49,5,1,0,1
CUS-106686,18,Month-to-month,Fiber optic,Mailed check,No,No,No,0,Yes,No,111.01,2162.04,3,2,1,0
CUS-105201,72,Two year,Fiber optic,Bank transfer,No,Yes,Yes,0,Yes,No,110.78,8455.07,3,1,1,0
CUS-106559,49,One year,DSL,Mailed check,No,No,No,0,No,Yes,71.1,3053.98,3,1,0,0
CUS-103960,11,Two year,No,Credit card,Yes,Yes,No,0,No,No,51.92,731.08,1,0,1,0
CUS-100705,72,Month-to-month,Fiber optic,Mailed check,Yes,No,No,1,Yes,Yes,77.04,5740.9,1,3,1,0
CUS-102022,18,Month-to-month,Fiber optic,Credit card,Yes,No,No,0,Yes,No,98.3,1477.27,1,5,0,1
CUS-106063,46,Month-to-month,Fiber optic,Mailed check,No,Yes,No,0,No,Yes,85.42,3741.11,5,3,0,1
CUS-102942,22,Month-to-month,DSL,Credit card,No,No internet service,Yes,0,Yes,No,35.73,687.26,0,1,0,0
CUS-102439,31,Month-to-month,Fiber optic,Electronic check,No,Yes,No,0,No,No,68.89,2136.44,4,4,0,0
CUS-101718,35,One year,Fiber optic,Credit card,Yes,No internet service,No internet service,0,Yes,No,131.94,4554.11,5,2,0,0
CUS-100527,27,Month-to-month,DSL,Bank transfer,No,No internet service,No,0,Yes,Yes,83.9,1822.87,4,4,0,1
CUS-106777,5,Month-to-month,No,Electronic check,Yes,No,No,0,No,Yes,83.66,261.72,5,1,1,1
CUS-100565,3,One year,DSL,Credit card,Yes,No,No internet service,1,No,Yes,61.79,683.8,4,0,0,1
CUS-106734,23,Month-to-month,DSL,Electronic check,Yes,Yes,Yes,0,Yes,Yes,57.56,1456.47,2,1,0,1
CUS-103098,46,Month-to-month,Fiber optic,Electronic check,No,Yes,No internet service,0,No,No,96.63,3936.18,3,3,0,1
CUS-100640,21,Month-to-month,DSL,Mailed check,No,Yes,No,0,Yes,Yes,43.83,683.85,1,0,0,0
CUS-104868,21,Month-to-month,No,Bank transfer,No,No,No,0,Yes,Yes,56.02,1185.17,3,0,0,1
CUS-100730,34,Month-to-month,No,Mailed check,No,Yes,No,0,No,No,59.7,2099.97,1,2,0,0
CUS-106137,72,Two year,Fiber optic,Electronic check,Yes,Yes,Yes,1,Yes,Yes,89.77,6544.91,4,2,0,0
CUS-106071,21,One year,Fiber optic,Credit card,Yes,No internet service,No,0,Yes,Yes,59.28,1512.16,1,2,0,0
CUS-100325,19,Month-to-month,No,Mailed check,No,No,No internet service,1,Yes,Yes,29.44,543.63,1,0,0,1
CUS-104545,22,Month-to-month,No,Mailed check,Yes,No internet service,Yes,1,Yes,No,65.26,1401.42,3,1,0,0
CUS-100290,28,Month-to-month,DSL,Mailed check,No,No internet service,No,0,Yes,Yes,83.85,2326.37,3,4,0,0
CUS-105465,25,One year,Fiber optic,Bank transfer,Yes,No,Yes,0,Yes,No,84.69,2019.54,0,3,0,0
CUS-105120,13,Month-to-month,DSL,Electronic check,Yes,No,No,0,Yes,No,45.49,662.19,0,1,0,0
CUS-101643,27,One year,Fiber optic,Credit card,No,Yes,No,0,No,No,107.78,3153.19,2,2,1,0
CUS-104121,41,Month-to-month,Fiber optic,Electronic check,No,No,No,0,Yes,No,77.63,3048.84,0,1,0,1
CUS-104610,21,One year,Fiber optic,Credit card,No,Yes,No internet service,0,Yes,Yes,82.25,2109.69,1,0,0,0
CUS-105724,68,Month-to-month,No,Electronic check,Yes,No,Yes,0,No,No,108.31,7078.29,5,2,0,1
CUS-103539,32,Two year,DSL,Mailed check,Yes,No internet service,No internet service,0,No,Yes,80.49,2501.83,1,1,0,0
CUS-103961,38,Month-to-month,Fiber optic,Electronic check,Yes,Yes,No internet service,0,Yes,No,86.67,3695.97,1,2,1,0
CUS-100864,21,Month-to-month,DSL,Credit card,Yes,Yes,Yes,0,Yes,No,97.92,2074.97,5,2,0,0
CUS-104781,31,One year,DSL,Credit card,Yes,No,Yes,0,No,Yes,66.8,2222.6,5,2,0,0
CUS-105922,51,Two year,Fiber optic,Credit card,No,No,No,0,No,No,67.09,3420.53,1,0,0,0
CUS-103066,72,One year,Fiber optic,Electronic check,Yes,Yes,No,0,No,No,81.14,5708.97,1,1,0,0
CUS-104558,20,Month-to-month,Fiber optic,Electronic check,No,No,Yes,0,No,Yes,134.23,3085.08,4,2,0,1
CUS-102233,7,Month-to-month,No,Credit card,Yes,Yes,Yes,0,No,No,48.81,483.34,1,3,0,1
CUS-104099,33,One year,DSL,Credit card,No,Yes,No,0,Yes,No,64.4,2223.51,4,6,1,0
CUS-100371,30,Month-to-month,Fiber optic,Mailed check,No,No,Yes,1,Yes,No,90.59,2251.64,1,2,1,0
CUS-106072,18,Month-to-month,DSL,Credit card,No,No,Yes,1,No,No,78.15,1264.46,5,3,0,0
CUS-103527,45,Two year,No,Bank transfer,No,No internet service,No internet service,0,No,No,30.65,1370.1,1,0,0,0
CUS-104352,2,Month-to-month,DSL,Bank transfer,No,Yes,Yes,0,Yes,No,66.91,52.59,4,1,0,1
CUS-103182,33,One year,DSL,Mailed check,Yes,No internet service,No internet service,0,No,No,50.52,1633.61,0,3,0,0
CUS-104004,45,Two year,Fiber optic,Credit card,Yes,No,Yes,0,No,Yes,84.96,3858.7,4,2,0,0
CUS-105081,25,One year,Fiber optic,Electronic check,Yes,Yes,Yes,0,Yes,No,94.71,2364.77,2,4,0,1
CUS-105378,72,Month-to-month,Fiber optic,Electronic check,No,Yes,No internet service,0,Yes,No,98.54,7284.6,4,3,0,1
CUS-106175,38,Month-to-month,Fiber optic,Credit card,Yes,No,No internet service,0,No,No,71.97,2910.72,1,1,0,0
CUS-105837,18,One year,DSL,Credit card,Yes,No,Yes,1,No,Yes,59.87,906.15,2,2,0,1
CUS-106364,72,Month-to-month,Fiber optic,Mailed check,No,Yes,No internet service,0,No,No,97.66,6905.44,0,3,0,0
CUS-104667,24,Two year,Fiber optic,Credit card,Yes,No internet service,No,0,No,Yes,92.82,2297.75,3,0,0,0
CUS-103143,37,Month-to-month,No,Mailed check,No,No,No,0,No,No,55.23,2232.27,4,1,0,0
CUS-105533,33,Month-to-month,Fiber optic,Credit card,Yes,No,Yes,0,Yes,No,90.7,2788.08,1,1,0,1
CUS-101421,66,Two year,DSL,Credit card,Yes,No internet service,Yes,0,No,No,65.14,4137.17,4,3,0,0
CUS-102045,41,One year,DSL,Electronic check,Yes,Yes,No internet service,1,Yes,No,67.06,2751.92,2,2,0,0
CUS-100122,4,Month-to-month,Fiber optic,Electronic check,No,Yes,No internet service,1,No,No,118.75,931.28,5,1,0,1
CUS-100479,14,One year,DSL,Bank transfer,No,No internet service,No,0,Yes,No,69.82,1031.89,2,3,0,1
CUS-102592,21,Month-to-month,DSL,Bank transfer,Yes,No internet service,Yes,0,Yes,No,117.16,2526.75,5,2,0,1
CUS-105153,26,Month-to-month,Fiber optic,Credit card,No,No,Yes,0,No,No,47.34,1533.09,0,1,0,1
CUS-106830,16,Month-to-month,Fiber optic,Mailed check,Yes,Yes,No,0,Yes,No,92.89,1369.06,0,1,0,0
CUS-106537,10,One year,DSL,Bank transfer,Yes,No internet service,No,0,No,No,69.82,822.43,5,2,0,0
CUS-105025,38,Two year,No,Electronic check,No,Yes,No,0,Yes,No,76.18,3087.31,4,3,0,0
CUS-100940,2,Month-to-month,Fiber optic,Mailed check,Yes,No,No,0,Yes,Yes,109.8,54.9,4,4,0,1
CUS-102284,66,Month-to-month,Fiber optic,Mailed check,Yes,No internet service,No,0,No,No,81.3,5210.74,0,2,0,0
CUS-105113,58,Month-to-month,Fiber optic,Bank transfer,Yes,No,No,0,No,Yes,89.3,5168.03,3,3,0,1
CUS-100439,41,Month-to-month,Fiber optic,Credit card,No,No,No,1,Yes,No,86.31,3791.82,2,3,0,1
CUS-100847,2,Month-to-month,No,Credit card,Yes,No,No,0,No,No,37.0,59.58,1,0,0,0
CUS-101883,10,Month-to-month,DSL,Electronic check,Yes,Yes,No,0,Yes,No,39.77,393.19,1,2,0,0
CUS-102392,17,Month-to-month,DSL,Bank transfer,No,No,Yes,0,Yes,No,61.4,1134.22,3,0,0,0
CUS-105736,43,One year,Fiber optic,Bank transfer,Yes,No internet service,Yes,0,No,No,101.86,3993.26,1,1,0,0
CUS-105008,4,Month-to-month,Fiber optic,Credit card,No,Yes,No,0,Yes,Yes,83.32,464.91,1,1,0,1
CUS-101173,23,Month-to-month,No,Mailed check,Yes,No,Yes,0,Yes,No,63.63,1612.74,2,2,0,0
CUS-103780,8,Month-to-month,DSL,Bank transfer,Yes,No,Yes,0,Yes,No,58.98,509.65,2,3,0,0
CUS-102519,10,Two year,Fiber optic,Electronic check,No,Yes,No internet service,0,No,No,82.24,869.29,1,0,0,0
CUS-105555,26,Month-to-month,Fiber optic,Electronic check,Yes,No,Yes,0,Yes,No,86.25,2022.86,1,0,0,0
CUS-101741,36,Month-to-month,Fiber optic,Bank transfer,Yes,Yes,No internet service,0,Yes,No,73.12,2370.45,1,3,0,1
CUS-104595,28,Two year,No,Mailed check,Yes,No,No,0,No,No,74.57,1789.34,4,3,0,0
CUS-102522,3,Month-to-month,No,Mailed check,Yes,No,Yes,0,Yes,No,44.68,211.14,0,0,0,0
CUS-106221,30,Two year,No,Bank transfer,No,No,No internet service,0,Yes,No,44.57,1164.84,2,0,0,0
CUS-100279,23,Two year,No,Electronic check,Yes,No,Yes,0,Yes,No,61.35,1383.7,2,0,0,0
CUS-102389,18,One year,Fiber optic,Bank transfer,No,Yes,Yes,1,Yes,No,109.79,2052.62,5,2,0,0
CUS-101536,37,Month-to-month,DSL,Credit card,Yes,No,No internet service,0,Yes,Yes,57.45,2122.6,3,2,0,0
CUS-104290,9,Month-to-month,No,Credit card,Yes,No,No,0,No,No,40.04,307.49,0,1,0,0
CUS-104163,11,Month-to-month,DSL,Bank transfer,Yes,Yes,No internet service,0,No,No,97.07,1116.13,3,2,0,0
CUS-106188,21,Month-to-month,No,Electronic check,No,No internet service,No,0,No,Yes,66.86,1443.62,2,2,0,1
CUS-103936,27,Month-to-month,DSL,Electronic check,No,No internet service,No internet service,1,Yes,No,68.82,1764.0,4,4,0,1
CUS-106612,16,Month-to-month,DSL,Credit card,Yes,No,No internet service,0,No,No,87.16,1815.48,5,2,0,1
CUS-101101,9,One year,No,Electronic check,Yes,No,No,0,No,No,36.79,362.31,1,0,0,0
CUS-102732,25,One year,DSL,Electronic check,No,No,No internet service,0,No,Yes,48.69,978.34,0,2,0,0
CUS-101882,38,Month-to-month,DSL,Electronic check,Yes,Yes,No,1,Yes,Yes,42.86,1693.01,1,0,0,0
CUS-101477,23,Two year,DSL,Electronic check,Yes,No internet service,Yes,0,No,Yes,51.45,1222.31,4,3,0,0
CUS-100577,16,One year,No,Mailed check,No,No,No,0,Yes,No,75.12,1443.04,4,3,1,0
CUS-100059,10,One year,DSL,Mailed check,Yes,No,No,0,No,No,56.77,882.29,3,2,0,1
CUS-105540,33,One year,Fiber optic,Bank transfer,Yes,No internet service,No,0,Yes,No,109.18,3983.25,2,2,0,0
CUS-100787,5,Month-to-month,DSL,Bank transfer,Yes,No,Yes,0,Yes,No,68.92,227.06,2,3,1,1
CUS-106409,67,Two year,DSL,Electronic check,Yes,No,Yes,0,No,No,51.98,3363.5,3,0,0,0
CUS-104446,59,One year,Fiber optic,Bank transfer,Yes,No,No,0,No,No,93.21,5396.92,1,2,0,1
CUS-101618,9,Two year,Fiber optic,Electronic check,Yes,No,No,0,No,No,69.96,757.3,0,0,0,0
CUS-104128,16,Month-to-month,DSL,Electronic check,No,No,No,1,No,No,69.11,984.58,0,1,0,1
CUS-101862,42,Two year,Fiber optic,Bank transfer,Yes,No internet service,Yes,1,No,No,68.28,2659.22,1,3,0,0
CUS-102689,37,One year,No,Bank transfer,Yes,No internet service,No,0,Yes,No,68.93,2392.65,5,4,0,0
CUS-101183,5,Two year,Fiber optic,Electronic check,Yes,No,No internet service,0,No,No,79.58,521.84,4,1,0,0
CUS-103771,24,Month-to-month,DSL,Electronic check,Yes,No,No internet service,0,No,Yes,61.29,1797.55,2,2,0,1
CUS-106974,42,One year,Fiber optic,Mailed check,No,No,No,0,Yes,No,117.82,5550.11,5,1,0,0
CUS-102080,10,One year,DSL,Mailed check,No,Yes,Yes,0,Yes,Yes,63.66,325.41,1,3,1,1
CUS-103246,9,Month-to-month,DSL,Bank transfer,Yes,Yes,No,0,Yes,No,75.27,687.66,3,1,1,0
CUS-104538,3,Month-to-month,Fiber optic,Bank transfer,Yes,Yes,No,0,Yes,Yes,114.58,813.81,4,3,0,1
CUS-105934,30,Month-to-month,Fiber optic,Electronic check,Yes,No internet service,No,0,No,No,63.21,1978.96,0,3,0,1
CUS-100184,64,Two year,Fiber optic,Bank transfer,Yes,No internet service,No internet service,0,Yes,No,97.07,6318.67,0,5,0,0
CUS-104751,1,Two year,No,Mailed check,Yes,No,No internet service,0,No,No,63.41,190.51,2,2,1,0
CUS-105037,9,Month-to-month,DSL,Bank transfer,Yes,No,No internet service,0,Yes,Yes,74.9,1173.26,3,2,0,0
CUS-100420,9,Two year,DSL,Bank transfer,Yes,Yes,No,1,No,No,59.87,656.36,4,4,0,0
CUS-104878,34,Month-to-month,DSL,Credit card,No,No,No,0,No,Yes,66.6,2362.04,2,3,1,1
CUS-100553,40,Month-to-month,Fiber optic,Bank transfer,Yes,No,No,0,No,No,73.15,3122.53,0,2,1,1
CUS-102728,30,Month-to-month,No,Bank transfer,No,Yes,Yes,0,No,No,83.22,2688.58,5,1,0,1
CUS-105782,11,One year,DSL,Bank transfer,Yes,No,Yes,1,No,No,47.55,397.7,3,3,0,0
CUS-104366,6,Month-to-month,DSL,Bank transfer,Yes,Yes,No,1,No,Yes,70.52,857.4,4,2,0,1
CUS-105324,52,One year,Fiber optic,Electronic check,Yes,No,Yes,0,Yes,No,112.36,6507.43,3,1,0,0
CUS-100443,29,Month-to-month,DSL,Mailed check,No,No internet service,No,1,Yes,No,49.2,1404.83,2,1,0,0
CUS-105697,40,Two year,No,Electronic check,No,No,No,0,Yes,No,75.08,3291.38,2,5,0,0
CUS-101569,32,One year,Fiber optic,Electronic check,No,No,Yes,0,No,No,102.07,2954.2,1,5,1,0
CUS-102387,12,One year,DSL,Electronic check,Yes,Yes,No,0,Yes,No,41.29,347.41,2,0,0,0
CUS-102177,41,Two year,Fiber optic,Bank transfer,No,No,No internet service,0,Yes,Yes,78.35,3234.67,0,2,0,0
CUS-101487,19,One year,Fiber optic,Bank transfer,No,No,No internet service,0,Yes,No,81.05,1446.73,2,1,1,0
CUS-101615,32,One year,Fiber optic,Electronic check,Yes,Yes,Yes,0,Yes,No,67.24,2029.23,0,1,0,0
CUS-100181,22,Month-to-month,DSL,Electronic check,No,No internet service,Yes,0,No,No,63.75,1480.65,4,0,0,0
CUS-104368,9,One year,Fiber optic,Bank transfer,No,Yes,No,1,No,No,59.38,368.33,0,2,1,0
CUS-100794,10,Month-to-month,No,Mailed check,Yes,No,Yes,1,No,No,53.15,868.53,2,2,0,0
CUS-101385,40,Two year,No,Electronic check,Yes,Yes,No,0,Yes,Yes,46.13,1908.74,0,5,1,0
CUS-104832,43,Month-to-month,DSL,Credit card,No,No,Yes,0,No,No,80.32,3328.14,2,2,0,1
CUS-101465,36,Two year,Fiber optic,Credit card,Yes,No,Yes,0,No,No,87.38,3583.31,3,1,0,0
CUS-104207,41,Two year,Fiber optic,Electronic check,No,No internet service,Yes,0,No,No,101.29,4161.6,1,0,0,0
CUS-105094,23,Two year,No,Bank transfer,No,No,No internet service,0,Yes,No,63.38,1331.08,3,3,0,0
CUS-102020,8,Month-to-month,DSL,Credit card,Yes,No,Yes,0,Yes,No,33.94,331.07,0,0,0,1
CUS-105044,72,Two year,Fiber optic,Credit card,Yes,No internet service,Yes,0,Yes,No,94.54,6870.75,0,1,0,0
CUS-102166,18,One year,Fiber optic,Electronic check,Yes,Yes,No,0,No,Yes,75.45,1557.28,1,3,0,0
CUS-105058,3,Month-to-month,Fiber optic,Electronic check,Yes,No,No,0,Yes,No,112.27,84.3,5,1,0,1
CUS-100530,27,Month-to-month,DSL,Electronic check,Yes,No,No,0,Yes,No,47.54,1615.84,2,1,1,0
CUS-105414,21,Two year,DSL,Bank transfer,Yes,No internet service,No,0,Yes,No,73.4,1479.5,4,2,0,0
CUS-100710,21,Month-to-month,Fiber optic,Bank transfer,Yes,No internet service,No,0,Yes,Yes,83.9,2000.28,5,3,0,1
CUS-103896,9,Month-to-month,Fiber optic,Electronic check,No,Yes,No,0,Yes,Yes,123.02,1452.49,5,2,0,0
CUS-104401,51,Month-to-month,Fiber optic,Bank transfer,Yes,No internet service,No,0,Yes,Yes,88.43,4536.81,2,1,1,1
CUS-100558,26,Month-to-month,Fiber optic,Bank transfer,Yes,No internet service,No internet service,0,No,Yes,67.42,2076.52,0,0,0,1
CUS-105889,44,Month-to-month,Fiber optic,Electronic check,Yes,Yes,Yes,0,No,No,137.78,6722.68,5,2,0,0
CUS-106354,30,Month-to-month,DSL,Credit card,No,No,No,0,Yes,No,47.07,1383.49,1,0,0,0
CUS-105835,72,Month-to-month,DSL,Bank transfer,No,No internet service,No internet service,1,No,Yes,67.18,4836.59,1,0,1,0
CUS-106587,8,Two year,No,Electronic check,No,No,Yes,0,No,No,48.52,354.78,2,1,0,0
CUS-100907,40,One year,No,Electronic check,No,No,No,0,No,Yes,30.77,1305.37,1,0,0,0
CUS-102882,9,Month-to-month,No,Bank transfer,No,No internet service,No internet service,0,No,No,77.04,809.2,4,4,0,0
CUS-103656,26,Two year,DSL,Bank transfer,No,No internet service,No,0,No,No,51.01,1098.66,3,1,0,0
CUS-105931,18,Month-to-month,Fiber optic,Electronic check,No,Yes,No internet service,0,Yes,No,61.83,1194.65,4,4,0,1
CUS-103589,42,Month-to-month,DSL,Bank transfer,No,No internet service,Yes,0,Yes,Yes,59.92,2488.3,1,1,0,0
CUS-101665,56,Month-to-month,No,Electronic check,Yes,No,No internet service,0,No,Yes,43.49,2534.28,2,2,0,0
CUS-103832,39,Month-to-month,Fiber optic,Electronic check,No,No,Yes,0,Yes,No,107.45,4625.33,3,2,0,0
CUS-106576,22,Two year,Fiber optic,Credit card,Yes,No internet service,No,0,No,No,113.39,2555.99,4,3,0,0
CUS-102840,15,Month-to-month,Fiber optic,Bank transfer,Yes,No,No,0,Yes,No,88.83,1212.23,2,0,0,1
CUS-104597,42,Month-to-month,Fiber optic,Mailed check,Yes,No internet service,No,0,No,Yes,109.66,4350.97,4,2,0,0
CUS-100926,28,Month-to-month,Fiber optic,Mailed check,Yes,No internet service,No,0,No,No,97.79,2506.34,1,3,0,1
CUS-102453,64,Two year,No,Bank transfer,Yes,No,Yes,0,Yes,No,54.7,3536.28,2,2,0,0
CUS-102622,11,One year,Fiber optic,Electronic check,Yes,Yes,No,0,Yes,Yes,102.95,1674.05,3,5,0,0
CUS-104624,11,One year,Fiber optic,Electronic check,Yes,No,No,0,Yes,No,91.64,1117.24,3,6,1,1
CUS-100015,38,One year,Fiber optic,Electronic check,No,No,No,0,No,Yes,106.36,4119.63,5,4,0,0
CUS-106325,49,Month-to-month,No,Mailed check,No,No,Yes,1,Yes,Yes,62.64,2953.14,0,2,0,0
CUS-100315,35,Month-to-month,Fiber optic,Electronic check,Yes,No,No,0,Yes,No,100.1,3114.4,2,4,0,1
CUS-105362,35,One year,DSL,Electronic check,Yes,No,No,1,No,Yes,45.29,1589.87,4,1,0,0
CUS-105054,21,Month-to-month,Fiber optic,Credit card,No,Yes,No,0,No,No,69.44,1120.28,1,3,1,1
CUS-101161,65,Month-to-month,DSL,Credit card,Yes,Yes,No internet service,0,Yes,Yes,75.19,4561.75,3,2,0,1
CUS-101488,40,One year,Fiber optic,Mailed check,No,Yes,Yes,0,No,No,84.81,3460.27,2,2,0,0
CUS-106787,25,Month-to-month,DSL,Electronic check,No,No,No internet service,0,No,No,84.15,1964.07,5,3,0,1
CUS-106881,15,Month-to-month,Fiber optic,Credit card,No,Yes,No,0,No,Yes,87.54,1076.76,2,1,0,1
CUS-101362,41,Month-to-month,Fiber optic,Electronic check,Yes,No,Yes,0,No,Yes,91.41,4136.88,0,1,0,0
CUS-101694,27,One year,DSL,Bank transfer,No,No,No,1,Yes,No,36.47,804.93,0,0,0,0
CUS-101212,36,Month-to-month,DSL,Credit card,Yes,No,No internet service,0,Yes,Yes,62.97,2091.91,5,2,0,0
CUS-103599,36,One year,Fiber optic,Electronic check,Yes,No internet service,No,0,Yes,No,99.97,4227.82,2,1,0,0
CUS-101703,8,Two year,DSL,Credit card,No,No,No internet service,0,No,No,72.33,737.72,2,2,0,0
CUS-105514,14,Month-to-month,Fiber optic,Electronic check,No,Yes,No,0,Yes,Yes,80.23,1094.29,0,0,0,1
CUS-105430,55,Two year,Fiber optic,Electronic check,Yes,No,No,0,Yes,No,85.36,4229.44,3,1,1,0
CUS-105815,28,One year,Fiber optic,Mailed check,No,Yes,No,0,No,No,108.0,3906.68,4,2,0,0
CUS-105755,15,Month-to-month,DSL,Credit card,No,No internet service,No,0,Yes,No,56.46,639.25,2,1,0,1
CUS-103954,31,One year,Fiber optic,Credit card,No,No,No internet service,0,No,No,80.64,2537.9,1,1,0,0
CUS-105808,72,One year,No,Mailed check,No,No internet service,No internet service,0,Yes,Yes,70.48,4843.4,5,2,0,0
CUS-105119,18,One year,DSL,Electronic check,Yes,Yes,Yes,0,No,No,58.54,1297.32,4,1,1,0
CUS-102691,19,Month-to-month,Fiber optic,Credit card,Yes,No internet service,No,1,Yes,Yes,102.8,2666.16,1,5,1,1
CUS-106022,26,One year,No,Bank transfer,Yes,No,No,0,Yes,Yes,64.14,1740.18,3,2,0,0
CUS-105250,16,One year,No,Electronic check,Yes,No,No,0,Yes,No,66.8,1130.98,4,1,0,0
CUS-101323,62,Two year,Fiber optic,Electronic check,No,No,No internet service,0,Yes,No,86.58,5108.18,3,1,0,0
CUS-105593,26,Month-to-month,No,Electronic check,Yes,No,No,0,No,No,53.16,1469.19,1,2,0,0
CUS-104305,8,Month-to-month,DSL,Bank transfer,Yes,No,Yes,0,Yes,Yes,24.09,12.04,0,1,0,0
CUS-103484,19,Month-to-month,DSL,Mailed check,No,No,No,0,No,No,115.07,2397.71,5,4,0,0
CUS-101860,58,One year,Fiber optic,Electronic check,Yes,Yes,No,0,Yes,No,82.61,4465.96,4,1,0,0
CUS-104974,63,Month-to-month,Fiber optic,Electronic check,Yes,Yes,No internet service,0,No,No,113.3,7047.48,4,2,0,0
CUS-100387,26,Two year,No,Credit card,Yes,Yes,No,0,Yes,No,70.99,2012.17,5,4,0,0
CUS-104336,13,Month-to-month,DSL,Electronic check,Yes,No,No,0,No,No,92.68,1195.36,5,1,0,1
CUS-101032,33,Two year,DSL,Credit card,No,No internet service,No internet service,0,Yes,No,85.76,2745.39,4,1,1,0
CUS-106339,24,Two year,Fiber optic,Bank transfer,No,No internet service,No,0,Yes,No,101.95,2337.87,2,5,0,0
CUS-103886,41,Two year,Fiber optic,Mailed check,Yes,No,No internet service,0,No,No,121.69,5303.03,4,3,0,1
CUS-102653,72,Month-to-month,No,Credit card,Yes,No,Yes,0,Yes,No,87.04,5934.38,5,2,0,0
CUS-106914,45,One year,Fiber optic,Mailed check,Yes,Yes,Yes,0,No,Yes,108.15,4343.5,5,2,0,0
CUS-106583,23,Month-to-month,Fiber optic,Credit card,Yes,Yes,Yes,0,No,Yes,75.96,1895.23,0,2,1,1
CUS-102825,15,Two year,Fiber optic,Credit card,No,No internet service,No internet service,0,No,No,86.5,1509.01,1,1,0,0
CUS-101010,48,Month-to-month,No,Credit card,Yes,Yes,No internet service,0,Yes,No,93.23,4752.88,5,4,0,1
CUS-101539,26,Month-to-month,Fiber optic,Credit card,No,Yes,No internet service,0,No,No,85.0,2103.52,0,2,0,0
CUS-100931,4,Month-to-month,DSL,Mailed check,Yes,No internet service,No,1,Yes,No,73.58,311.47,5,0,0,1
CUS-102287,45,Month-to-month,DSL,Electronic check,Yes,Yes,No internet service,1,Yes,Yes,79.35,3480.89,5,2,0,1
CUS-100691,22,One year,No,Mailed check,Yes,No,Yes,0,Yes,No,49.16,1361.25,1,3,0,0
CUS-100533,15,Month-to-month,Fiber optic,Bank transfer,No,No internet service,No,0,Yes,Yes,67.1,980.83,0,0,0,0
CUS-102399,37,Two year,DSL,Credit card,No,No,No,0,No,No,35.5,1346.64,0,0,0,0
CUS-102202,28,Month-to-month,Fiber optic,Electronic check,Yes,No,No,0,Yes,No,91.44,2714.48,5,2,0,1
CUS-100652,42,Two year,Fiber optic,Electronic check,No,No,No,0,No,No,97.68,3889.63,1,4,0,0
CUS-100033,44,One year,Fiber optic,Mailed check,Yes,No internet service,No,0,No,No,109.91,4729.66,4,0,0,0
CUS-105343,39,One year,DSL,Credit card,Yes,No,No,1,Yes,Yes,72.88,2710.02,2,1,0,0
CUS-100044,39,Two year,DSL,Mailed check,No,No,No,0,No,No,64.77,2803.67,2,1,0,0
CUS-103357,13,Month-to-month,No,Credit card,No,Yes,No,0,Yes,Yes,80.44,1174.52,2,0,0,0
CUS-102288,31,Two year,Fiber optic,Electronic check,No,Yes,No,0,No,No,76.3,2095.62,0,1,0,0
CUS-100964,4,Two year,DSL,Bank transfer,Yes,No,No,0,Yes,No,40.34,272.84,1,0,0,0
CUS-105796,28,Two year,DSL,Electronic check,Yes,Yes,No,0,No,Yes,32.42,803.17,3,3,0,0
CUS-105002,2,One year,Fiber optic,Credit card,No,No internet service,No internet service,0,Yes,Yes,108.07,175.37,5,1,0,0
CUS-106162,41,One year,DSL,Electronic check,No,Yes,No,0,No,No,69.14,2442.13,3,3,0,0
CUS-106800,25,Month-to-month,No,Electronic check,Yes,Yes,No,0,No,No,101.94,2511.61,5,1,1,0
CUS-102570,69,Month-to-month,No,Electronic check,Yes,Yes,Yes,0,Yes,No,72.8,5223.46,4,1,0,0
CUS-105985,50,Two year,DSL,Electronic check,Yes,Yes,No internet service,0,No,No,27.65,1303.74,0,3,0,0
CUS-106540,51,Month-to-month,Fiber optic,Bank transfer,No,No,Yes,0,Yes,No,95.28,4687.77,3,2,0,1
CUS-104149,24,Two year,Fiber optic,Credit card,Yes,No internet service,Yes,0,No,No,106.43,2945.21,4,2,0,0
CUS-105209,23,Month-to-month,DSL,Bank transfer,Yes,No,No,0,No,Yes,71.61,1301.28,5,1,0,0
CUS-105911,70,One year,No,Electronic check,No,Yes,No,0,No,No,55.5,3946.76,1,0,0,0
CUS-102526,56,Month-to-month,Fiber optic,Bank transfer,Yes,No internet service,Yes,0,No,No,119.7,7073.83,2,4,0,0
CUS-100026,17,Two year,DSL,Bank transfer,Yes,No,No internet service,0,No,Yes,56.56,836.15,1,2,0,0
CUS-103605,20,Two year,DSL,Mailed check,Yes,No internet service,No,0,No,No,41.33,748.03,1,2,0,0
CUS-100063,15,Two year,DSL,Electronic check,No,No,No,0,No,No,68.19,1417.02,3,0,0,0
CUS-101044,61,Month-to-month,DSL,Credit card,Yes,No,No,0,Yes,No,43.44,2642.41,0,2,0,0
CUS-102654,36,Two year,DSL,Bank transfer,Yes,No,No internet service,1,Yes,No,69.97,2519.97,5,1,0,0
CUS-104871,7,Month-to-month,Fiber optic,Credit card,No,No,No internet service,0,No,No,95.97,861.68,4,0,0,0
CUS-100227,22,Two year,Fiber optic,Bank transfer,Yes,No,No internet service,1,No,No,100.13,2731.11,2,2,0,0
CUS-102746,33,One year,No,Electronic check,No,No internet service,No,0,Yes,No,47.16,1262.72,2,1,0,1
CUS-104709,10,Month-to-month,DSL,Bank transfer,Yes,No,No,1,Yes,Yes,33.35,290.39,2,2,0,0
CUS-104623,37,Two year,DSL,Credit card,Yes,Yes,No,0,Yes,No,51.71,1928.08,1,1,0,0
CUS-106333,11,Month-to-month,Fiber optic,Electronic check,Yes,No,No,0,Yes,No,63.1,847.83,4,2,0,1
CUS-103148,7,Month-to-month,No,Mailed check,Yes,No,No internet service,1,No,No,43.86,331.65,2,3,0,0
CUS-101783,72,Month-to-month,No,Credit card,Yes,No,Yes,0,No,Yes,69.15,4697.36,3,0,0,0
CUS-102996,49,Month-to-month,DSL,Mailed check,Yes,No,No,0,Yes,No,80.49,3990.08,4,2,0,0
CUS-100969,10,Month-to-month,Fiber optic,Electronic check,Yes,No,No,0,No,No,88.53,544.78,3,2,0,1
CUS-105397,23,One year,Fiber optic,Mailed check,Yes,No,No internet service,0,No,No,56.84,1430.88,0,4,0,1
CUS-106145,7,Month-to-month,DSL,Bank transfer,Yes,Yes,No,1,Yes,No,46.44,427.87,0,0,0,0
CUS-103260,18,Month-to-month,Fiber optic,Electronic check,Yes,No internet service,Yes,0,No,No,105.94,1841.77,5,2,0,1
CUS-101535,14,One year,DSL,Electronic check,Yes,Yes,No,0,No,Yes,71.42,1242.72,2,2,0,0
CUS-101864,22,Two year,DSL,Electronic check,Yes,Yes,No,0,Yes,No,97.2,1839.45,5,3,0,0
CUS-103935,17,One year,DSL,Electronic check,Yes,No,Yes,0,No,No,73.08,1082.45,3,3,0,0
CUS-103194,10,Month-to-month,DSL,Electronic check,Yes,No internet service,No,0,Yes,No,49.54,484.22,3,0,0,0
CUS-102083,31,Month-to-month,DSL,Mailed check,No,Yes,No,0,No,Yes,35.05,994.93,0,2,0,0
CUS-102436,9,Month-to-month,Fiber optic,Credit card,No,Yes,No,0,No,No,92.25,1301.71,3,1,0,0
CUS-104593,25,One year,DSL,Credit card,No,Yes,No,0,No,No,61.01,1800.74,3,0,0,0
CUS-106798,11,Two year,DSL,Electronic check,No,No,No,0,No,No,58.52,763.34,4,0,0,0
CUS-103014,23,One year,No,Electronic check,Yes,Yes,Yes,0,No,Yes,74.61,1541.63,5,1,0,0
CUS-105635,72,Month-to-month,DSL,Credit card,Yes,No,No,0,Yes,Yes,54.22,3918.14,0,2,0,0
CUS-100252,3,Month-to-month,Fiber optic,Credit card,Yes,No,No,1,No,No,112.66,664.71,3,4,0,1
CUS-104213,25,Two year,DSL,Bank transfer,Yes,No internet service,Yes,0,Yes,No,82.88,1984.73,4,1,0,0
CUS-104523,51,Month-to-month,Fiber optic,Electronic check,Yes,No,No,0,Yes,No,142.05,7222.55,4,7,0,1
CUS-103150,30,Two year,DSL,Bank transfer,No,No,Yes,1,Yes,Yes,57.31,1884.03,2,0,0,0
CUS-104815,5,Month-to-month,DSL,Credit card,Yes,No,No,0,No,No,62.94,499.87,4,1,1,1
CUS-106522,60,Month-to-month,Fiber optic,Mailed check,Yes,No,No,0,No,Yes,84.04,4999.0,2,2,0,1
CUS-106758,17,Month-to-month,Fiber optic,Bank transfer,No,No,No,0,No,No,92.11,1285.34,4,0,0,0
CUS-101662,33,Month-to-month,DSL,Electronic check,No,No internet service,No internet service,1,No,No,53.86,1870.37,1,1,0,0
CUS-104398,36,Month-to-month,Fiber optic,Mailed check,No,No,No,0,No,Yes,63.35,2450.23,2,2,1,1
CUS-104776,22,Month-to-month,Fiber optic,Electronic check,Yes,No internet service,No,1,No,Yes,136.2,2445.39,2,5,0,1
CUS-101915,8,One year,DSL,Credit card,No,No,Yes,0,No,No,55.15,567.42,0,1,0,0
CUS-105148,15,Month-to-month,DSL,Credit card,Yes,Yes,No,0,Yes,Yes,89.23,867.76,5,4,0,1
CUS-103892,21,Two year,DSL,Bank transfer,Yes,No internet service,Yes,1,Yes,Yes,89.67,1769.22,4,6,0,0
CUS-105066,72,Month-to-month,DSL,Mailed check,Yes,No internet service,No,0,No,Yes,72.36,4848.26,2,0,0,1
CUS-100641,2,Month-to-month,DSL,Bank transfer,No,Yes,Yes,1,No,No,53.96,26.98,0,2,0,1
CUS-103559,37,One year,Fiber optic,Electronic check,No,No internet service,Yes,0,Yes,Yes,82.76,3245.09,5,3,0,0
CUS-106010,2,Two year,Fiber optic,Electronic check,No,No,No,0,No,No,82.12,41.06,2,0,0,0
CUS-102178,20,Two year,DSL,Credit card,No,No internet service,Yes,0,Yes,Yes,63.64,1320.28,4,6,0,0
CUS-100297,8,Month-to-month,Fiber optic,Bank transfer,Yes,Yes,No,0,Yes,No,81.49,587.07,1,4,0,1
CUS-100303,36,One year,No,Bank transfer,Yes,No,No internet service,0,No,No,64.85,2541.93,3,1,0,0
CUS-102337,23,One year,DSL,Electronic check,Yes,No,Yes,0,Yes,Yes,63.85,1444.92,4,3,0,0
CUS-103286,10,Two year,DSL,Bank transfer,No,No,Yes,0,No,Yes,61.67,150.47,0,1,0,0
CUS-106450,13,Month-to-month,Fiber optic,Electronic check,No,Yes,No,0,No,No,84.63,1156.07,0,1,0,0
CUS-104768,24,Two year,Fiber optic,Electronic check,Yes,Yes,No internet service,0,No,Yes,108.14,2889.07,5,4,1,1
CUS-101979,19,Month-to-month,DSL,Credit card,No,No,No,0,No,No,108.79,2461.34,4,3,0,1
CUS-105884,34,Two year,Fiber optic,Mailed check,No,No internet service,No,0,No,Yes,112.45,3799.85,5,0,0,0
CUS-100655,19,Two year,DSL,Electronic check,Yes,No,No,1,No,Yes,51.4,1224.25,4,1,0,0
CUS-101634,37,Two year,DSL,Bank transfer,No,No,No internet service,0,Yes,No,63.72,2530.66,2,1,0,0
CUS-104655,5,Two year,Fiber optic,Credit card,No,No internet service,No,1,No,Yes,123.81,439.04,5,6,0,0
CUS-104743,15,Month-to-month,No,Electronic check,No,Yes,No,0,No,No,54.7,782.38,3,0,0,0
CUS-100240,50,Month-to-month,No,Bank transfer,No,Yes,No internet service,0,No,No,40.35,1855.15,2,0,0,0
CUS-100783,49,Month-to-month,Fiber optic,Bank transfer,Yes,No,No,0,No,No,67.89,3124.35,1,0,0,0
CUS-101354,17,Month-to-month,Fiber optic,Electronic check,Yes,No,Yes,0,Yes,No,91.85,1729.95,4,3,0,0
CUS-101018,72,Month-to-month,No,Credit card,Yes,No,No,0,No,No,48.06,3574.99,2,2,0,0
CUS-102354,31,Two year,Fiber optic,Electronic check,No,No,No,1,No,Yes,67.21,2138.85,0,1,0,0
CUS-100977,19,Two year,Fiber optic,Electronic check,No,No,No,0,Yes,No,110.42,1663.16,3,2,0,0
CUS-100809,51,Month-to-month,Fiber optic,Credit card,Yes,No,No,0,No,No,91.97,4961.87,5,3,0,0
CUS-103126,23,Month-to-month,Fiber optic,Mailed check,Yes,No,No internet service,0,No,No,79.45,1502.82,1,5,0,1
CUS-102521,20,Month-to-month,No,Bank transfer,Yes,No internet service,No,0,No,No,63.08,1306.38,4,1,0,0
CUS-100257,6,Month-to-month,Fiber optic,Electronic check,Yes,Yes,Yes,0,No,No,96.67,381.81,1,3,1,1
CUS-100893,20,Two year,DSL,Credit card,No,No internet service,No,0,No,Yes,80.59,1579.45,2,3,0,0
CUS-104250,20,Two year,DSL,Credit card,Yes,No,Yes,0,Yes,No,84.7,1800.05,5,1,0,0
CUS-105010,27,Month-to-month,Fiber optic,Credit card,Yes,No,No,0,Yes,No,96.4,2556.68,1,3,0,1
CUS-106640,46,Month-to-month,No,Mailed check,Yes,Yes,No,0,No,No,84.87,4136.91,2,0,0,0
CUS-102405,7,Two year,No,Bank transfer,Yes,Yes,No,0,No,No,56.15,75.06,0,1,0,0
CUS-106784,5,Two year,No,Bank transfer,Yes,No internet service,Yes,0,Yes,No,63.4,590.84,1,2,0,0
CUS-101760,13,One year,Fiber optic,Electronic check,Yes,No,Yes,0,Yes,No,96.71,1232.82,4,6,1,0
CUS-104813,23,Month-to-month,No,Credit card,No,No,No internet service,0,Yes,Yes,72.07,1937.18,3,1,0,0
CUS-106656,10,Month-to-month,DSL,Electronic check,Yes,No,No,0,No,Yes,88.32,313.36,4,4,1,0
CUS-102110,20,One year,Fiber optic,Credit card,Yes,No internet service,No,1,Yes,Yes,101.58,2145.33,4,0,0,1
CUS-102985,30,Month-to-month,DSL,Bank transfer,Yes,No,Yes,0,No,Yes,78.1,2107.79,5,4,0,0
CUS-104169,23,Month-to-month,DSL,Bank transfer,Yes,No internet service,No internet service,0,No,No,49.97,1255.87,2,3,0,1
CUS-101357,61,Month-to-month,Fiber optic,Electronic check,Yes,No,No,0,No,No,108.99,7019.6,4,2,0,0
CUS-103613,14,Month-to-month,No,Credit card,No,No,No,0,Yes,No,65.25,1033.72,0,0,0,1
CUS-106635,29,Month-to-month,No,Bank transfer,No,No,No,0,No,Yes,54.69,1694.1,1,2,0,0
CUS-102226,24,Month-to-month,No,Bank transfer,Yes,No,No,0,No,No,55.75,966.38,1,0,0,0
CUS-101747,19,Month-to-month,No,Bank transfer,Yes,No internet service,No,0,Yes,No,64.45,1476.21,3,1,0,1
CUS-105770,72,One year,DSL,Mailed check,Yes,Yes,No,0,No,No,56.86,4084.71,2,1,0,0
CUS-102291,37,Month-to-month,Fiber optic,Credit card,No,Yes,No internet service,1,No,Yes,97.66,4075.46,1,1,0,0
CUS-106313,49,Month-to-month,Fiber optic,Electronic check,No,No,No internet service,0,Yes,No,118.99,6006.86,5,2,0,0
CUS-101726,17,Month-to-month,Fiber optic,Electronic check,No,No,No,0,No,No,122.23,2643.15,5,6,0,1
CUS-103410,55,One year,Fiber optic,Electronic check,No,No internet service,No,0,Yes,No,105.68,5628.52,3,6,0,1
CUS-101807,15,Month-to-month,DSL,Bank transfer,No,Yes,Yes,0,Yes,No,68.89,1069.31,3,4,0,0
CUS-104653,16,Month-to-month,Fiber optic,Credit card,Yes,Yes,No,0,No,Yes,108.67,1552.56,5,3,0,1
CUS-101832,7,Month-to-month,No,Bank transfer,Yes,No,No,0,Yes,No,48.77,65.25,1,2,0,0
CUS-102638,13,One year,No,Credit card,Yes,Yes,Yes,0,Yes,Yes,73.32,943.07,4,1,0,0
CUS-105948,12,Month-to-month,Fiber optic,Credit card,Yes,No internet service,No,0,Yes,No,95.45,1343.92,4,4,0,1
CUS-104151,47,Month-to-month,Fiber optic,Electronic check,Yes,No,No,0,Yes,No,78.32,4034.05,2,1,0,1
CUS-104046,40,One year,Fiber optic,Electronic check,Yes,No,No internet service,1,No,No,65.71,2308.46,2,0,0,0
CUS-101758,20,Month-to-month,DSL,Electronic check,No,No,Yes,0,No,No,67.36,1181.73,4,3,1,1
CUS-102402,42,One year,DSL,Credit card,Yes,No,No internet service,0,No,No,55.94,2442.39,1,1,0,0
CUS-106572,5,Month-to-month,Fiber optic,Electronic check,No,No,No internet service,0,Yes,No,104.8,1072.97,3,3,0,1
CUS-103320,23,Month-to-month,DSL,Electronic check,No,No,No internet service,0,No,No,18.0,340.89,0,0,0,0
CUS-101092,17,Month-to-month,Fiber optic,Electronic check,No,No,No,0,Yes,No,73.49,1594.2,2,4,1,0
CUS-104884,18,Month-to-month,Fiber optic,Bank transfer,No,Yes,No internet service,0,No,Yes,78.47,1616.68,2,2,0,0
CUS-100124,9,Month-to-month,No,Credit card,Yes,Yes,No,1,No,No,63.0,825.1,3,0,0,0
CUS-103309,13,One year,Fiber optic,Electronic check,Yes,No internet service,No,0,No,Yes,108.26,1341.19,5,3,0,1
CUS-104405,16,One year,DSL,Mailed check,No,No,No,0,Yes,No,51.95,956.95,5,1,0,0
CUS-104462,32,Month-to-month,Fiber optic,Mailed check,Yes,No,No internet service,0,No,No,93.76,3385.49,4,0,0,0
CUS-102614,31,One year,No,Bank transfer,Yes,No internet service,No,0,No,No,83.95,2623.08,3,0,0,0
CUS-106944,6,Month-to-month,Fiber optic,Bank transfer,Yes,No,No internet service,0,No,No,84.9,668.86,3,1,0,0
CUS-103491,6,Month-to-month,No,Mailed check,No,No,Yes,1,No,No,53.71,269.18,2,1,0,0
CUS-103163,33,One year,Fiber optic,Credit card,No,Yes,Yes,0,No,No,77.85,2575.88,2,2,0,0
CUS-105096,19,One year,Fiber optic,Mailed check,Yes,Yes,Yes,0,Yes,No,91.28,1611.72,1,2,1,0
CUS-100598,72,Month-to-month,Fiber optic,Credit card,Yes,No internet service,No,0,Yes,No,103.71,7647.16,3,3,0,0
CUS-100075,5,One year,Fiber optic,Credit card,Yes,No,No,1,No,Yes,104.23,633.59,5,2,0,0
CUS-101339,54,Month-to-month,Fiber optic,Mailed check,No,Yes,No internet service,0,Yes,No,94.58,5056.59,0,3,0,0
CUS-101416,27,Month-to-month,Fiber optic,Credit card,No,No,No,0,No,No,90.11,2673.89,3,2,0,0
CUS-102820,25,Month-to-month,DSL,Electronic check,No,No internet service,No,0,Yes,Yes,73.02,1937.84,4,4,0,1
CUS-102842,38,Month-to-month,Fiber optic,Bank transfer,Yes,No,Yes,0,Yes,No,106.02,3877.76,4,1,0,0
CUS-104100,28,One year,Fiber optic,Credit card,Yes,Yes,No,0,No,No,102.58,2636.06,4,4,0,1
CUS-105117,48,Month-to-month,No,Credit card,No,Yes,No internet service,0,No,No,49.51,2385.25,1,2,0,0
CUS-103971,23,Month-to-month,No,Mailed check,No,No,Yes,1,Yes,Yes,69.91,1458.25,4,0,0,1
CUS-106342,72,One year,DSL,Credit card,Yes,Yes,No,0,No,No,41.7,2899.4,0,0,0,0
CUS-100149,21,One year,Fiber optic,Electronic check,Yes,No,No,0,No,No,89.28,1649.09,4,1,0,0
CUS-103732,47,Month-to-month,No,Bank transfer,Yes,Yes,No,1,Yes,No,39.87,2038.3,1,2,0,0
CUS-101557,72,Two year,DSL,Electronic check,Yes,Yes,No,0,No,No,34.5,2449.19,2,0,1,0
CUS-103879,12,Month-to-month,Fiber optic,Electronic check,Yes,No internet service,No,0,Yes,Yes,97.0,1535.81,1,5,0,0
CUS-100453,22,Month-to-month,No,Bank transfer,Yes,No internet service,Yes,1,Yes,Yes,54.44,1067.58,0,3,0,0
CUS-106498,5,Month-to-month,Fiber optic,Electronic check,No,No internet service,No internet service,0,No,Yes,96.3,684.4,4,1,0,1
CUS-105990,40,Month-to-month,No,Bank transfer,Yes,Yes,No,0,No,Yes,78.72,3172.29,5,0,0,0
CUS-101961,13,Month-to-month,Fiber optic,Bank transfer,Yes,No internet service,Yes,0,Yes,No,94.46,1101.97,1,1,0,0
CUS-102647,24,Month-to-month,DSL,Electronic check,Yes,Yes,Yes,1,No,No,64.58,1409.46,1,1,0,0
CUS-100808,68,Month-to-month,DSL,Electronic check,Yes,No,No,0,No,No,54.59,3551.47,2,1,0,1
CUS-103544,9,Two year,DSL,Electronic check,No,No,No internet service,0,Yes,No,52.29,402.27,3,1,0,0
CUS-106821,59,Month-to-month,DSL,Mailed check,Yes,Yes,Yes,0,Yes,No,53.6,3315.83,1,2,0,0
CUS-106189,22,One year,DSL,Mailed check,No,No,No,0,No,No,47.32,1086.72,1,1,0,0
CUS-106611,54,Two year,DSL,Credit card,Yes,No,No internet service,0,No,Yes,66.34,3451.14,5,0,0,0
CUS-101119,2,One year,Fiber optic,Bank transfer,No,No internet service,Yes,0,Yes,Yes,98.28,684.37,5,2,0,1
CUS-103091,24,One year,DSL,Credit card,No,Yes,No internet service,0,No,No,67.11,1726.69,3,2,0,0
CUS-100810,12,Month-to-month,Fiber optic,Credit card,Yes,No,No,0,No,No,103.16,790.67,1,1,0,1
CUS-101129,52,Month-to-month,Fiber optic,Electronic check,Yes,No,Yes,0,No,No,95.8,5374.65,1,5,0,0
CUS-100834,14,One year,Fiber optic,Electronic check,No,Yes,No,0,No,No,102.1,1928.48,4,5,0,1
CUS-106745,32,Two year,Fiber optic,Electronic check,Yes,No,No,0,Yes,Yes,80.38,2137.09,4,1,0,0
CUS-105377,16,Month-to-month,Fiber optic,Credit card,No,Yes,No,1,Yes,No,84.41,1257.24,3,1,0,1
CUS-106690,30,Two year,Fiber optic,Bank transfer,No,No,No internet service,1,Yes,No,84.55,2340.24,4,1,0,0
CUS-104726,22,One year,No,Electronic check,Yes,Yes,No,0,No,Yes,66.56,1422.19,2,0,0,0
CUS-101235,23,Month-to-month,Fiber optic,Mailed check,Yes,No,No,0,Yes,No,94.28,2667.73,5,2,0,1
CUS-101225,42,Month-to-month,No,Mailed check,Yes,No,No internet service,0,No,No,31.77,1412.07,0,0,0,0
CUS-105579,10,Month-to-month,DSL,Electronic check,Yes,Yes,No,1,Yes,No,54.12,524.16,4,0,0,1
CUS-106882,2,Month-to-month,Fiber optic,Electronic check,Yes,No,No,1,Yes,No,78.07,39.03,1,0,0,1
CUS-105641,5,Month-to-month,Fiber optic,Bank transfer,Yes,No,No,0,No,No,96.56,602.26,3,1,0,0
CUS-104322,7,Month-to-month,Fiber optic,Mailed check,Yes,No internet service,No,1,Yes,Yes,113.15,294.3,2,3,0,0
CUS-104507,45,Two year,Fiber optic,Credit card,Yes,No,Yes,1,Yes,No,119.32,5529.64,4,4,0,1
CUS-104641,12,Month-to-month,No,Credit card,Yes,No internet service,No,0,No,No,49.05,838.39,2,1,1,0
CUS-104899,29,Month-to-month,Fiber optic,Bank transfer,Yes,No,No,0,Yes,Yes,76.19,2219.18,3,1,0,0
CUS-102157,16,Month-to-month,DSL,Bank transfer,Yes,No,No,1,Yes,No,63.14,994.52,3,0,0,0
CUS-101027,19,Two year,Fiber optic,Electronic check,Yes,Yes,No,0,No,Yes,74.54,1337.03,3,2,0,0
CUS-103996,5,Month-to-month,Fiber optic,Credit card,Yes,Yes,No,0,No,Yes,96.87,522.25,0,3,0,1
CUS-102943,72,Month-to-month,DSL,Electronic check,Yes,No,Yes,0,Yes,No,74.9,5519.13,4,5,1,0
CUS-100349,31,Two year,No,Bank transfer,Yes,No internet service,No,1,No,No,59.93,1779.91,3,3,0,0
CUS-100452,33,Month-to-month,Fiber optic,Bank transfer,Yes,Yes,No,0,Yes,No,82.84,2580.87,2,2,0,0
CUS-100662,6,Month-to-month,DSL,Credit card,Yes,No,No,1,Yes,Yes,62.22,307.37,3,0,0,1
CUS-100172,38,Month-to-month,Fiber optic,Mailed check,Yes,No internet service,No internet service,0,No,No,112.26,3892.87,0,2,0,1
CUS-101405,23,One year,Fiber optic,Electronic check,No,No internet service,Yes,0,No,No,130.38,3109.65,5,2,0,0
CUS-101620,33,Two year,DSL,Bank transfer,Yes,No,No,0,Yes,Yes,48.72,1544.45,4,0,0,0
CUS-104519,18,Month-to-month,DSL,Bank transfer,Yes,No,Yes,0,Yes,Yes,63.19,1063.52,4,4,0,1
CUS-100422,19,Month-to-month,Fiber optic,Mailed check,Yes,Yes,No,0,Yes,No,118.35,2849.17,5,3,1,1
CUS-102210,25,One year,DSL,Credit card,Yes,No,No,0,Yes,No,25.21,851.5,0,0,0,1
CUS-106767,13,Two year,Fiber optic,Credit card,Yes,No,No,0,No,No,93.2,972.67,2,2,0,0
CUS-100881,19,Month-to-month,DSL,Bank transfer,Yes,Yes,No,0,Yes,Yes,61.55,1001.25,4,0,0,1
CUS-103334,20,Month-to-month,Fiber optic,Electronic check,Yes,Yes,No internet service,0,Yes,Yes,123.2,2100.9,4,3,1,1
CUS-101253,30,One year,No,Credit card,No,No,Yes,0,Yes,Yes,50.38,1529.25,0,0,0,0
CUS-105015,11,Two year,No,Mailed check,Yes,No,No,0,Yes,Yes,64.11,635.82,3,2,0,0
CUS-106614,16,One year,No,Bank transfer,No,No,Yes,1,No,No,66.71,988.14,1,4,0,0
CUS-104323,18,One year,No,Credit card,No,No,No,0,No,No,57.31,1185.73,5,2,0,1
CUS-104086,9,Month-to-month,No,Credit card,Yes,No,No,0,No,Yes,48.11,385.71,1,2,0,1
CUS-106521,50,One year,DSL,Credit card,Yes,Yes,No,0,No,No,78.1,3888.96,5,1,0,1
CUS-104528,13,One year,No,Bank transfer,Yes,No,No,0,Yes,No,61.5,657.4,2,2,0,0
CUS-100102,12,One year,Fiber optic,Credit card,No,Yes,No,1,Yes,No,75.73,813.18,4,3,0,1
CUS-102344,13,Month-to-month,No,Electronic check,Yes,No,No internet service,0,No,Yes,57.7,895.84,1,2,0,0
CUS-104272,38,Two year,Fiber optic,Electronic check,No,Yes,No internet service,0,Yes,No,82.4,3201.7,1,1,1,0
CUS-106636,23,Two year,Fiber optic,Credit card,No,No,Yes,0,Yes,No,101.21,2153.67,0,2,0,0
CUS-103469,63,Month-to-month,No,Electronic check,No,Yes,No,0,Yes,No,69.86,4716.32,2,2,0,0
CUS-105438,6,Two year,Fiber optic,Bank transfer,Yes,No,Yes,0,No,No,102.84,51.42,5,2,0,0
CUS-101580,14,One year,DSL,Electronic check,Yes,No internet service,Yes,0,No,No,73.68,719.03,4,1,0,0
CUS-103540,37,Month-to-month,DSL,Mailed check,No,No,No,0,Yes,Yes,64.33,2278.01,4,0,0,1
CUS-103437,10,Month-to-month,Fiber optic,Bank transfer,No,No internet service,No,0,No,No,82.44,458.31,1,4,0,1
CUS-105281,51,Month-to-month,No,Bank transfer,No,Yes,No internet service,0,Yes,No,61.62,3353.06,3,3,0,0
CUS-104586,16,One year,Fiber optic,Credit card,No,No,Yes,0,Yes,No,97.34,2040.58,1,6,0,1
CUS-105157,72,Month-to-month,DSL,Mailed check,No,No internet service,No internet service,0,No,Yes,60.65,4285.94,0,0,0,0
CUS-100135,26,Two year,DSL,Electronic check,No,No,No internet service,0,No,No,74.5,2158.64,5,1,0,0
CUS-102034,13,Month-to-month,DSL,Bank transfer,Yes,Yes,Yes,0,Yes,No,53.21,919.65,1,1,0,0
CUS-103759,39,Month-to-month,Fiber optic,Mailed check,Yes,No,No,0,No,No,51.0,1936.42,1,1,0,0
CUS-103795,25,Month-to-month,No,Credit card,No,No,No,0,No,Yes,66.04,1916.76,4,0,0,0
CUS-106292,21,Two year,No,Credit card,No,No,No,0,Yes,No,57.55,1307.45,2,5,0,0
CUS-104666,14,Two year,DSL,Bank transfer,Yes,No,Yes,1,No,No,64.48,884.12,2,2,0,0
CUS-103660,23,Month-to-month,Fiber optic,Credit card,Yes,Yes,Yes,0,Yes,Yes,104.63,2407.81,2,3,0,1
CUS-102615,23,Month-to-month,DSL,Bank transfer,Yes,No internet service,No internet service,0,No,No,38.26,844.86,0,1,0,0
CUS-105039,24,One year,DSL,Electronic check,No,No,No,0,Yes,Yes,54.99,1395.5,3,1,1,0
CUS-104112,59,One year,DSL,Bank transfer,No,No,Yes,0,Yes,No,52.58,3142.24,3,3,0,0
CUS-105963,46,Month-to-month,No,Credit card,Yes,No internet service,No,0,No,No,31.92,1363.31,2,0,0,0
CUS-102094,69,Two year,Fiber optic,Mailed check,Yes,Yes,No internet service,0,Yes,No,105.9,6894.56,5,5,0,0
CUS-102107,29,One year,DSL,Credit card,Yes,No,No,0,Yes,No,94.8,2335.69,5,8,0,0
CUS-100807,52,One year,No,Mailed check,No,No,No,0,No,No,43.17,2307.14,2,1,0,0
CUS-100462,19,Month-to-month,DSL,Electronic check,Yes,Yes,No,0,Yes,No,40.15,674.93,0,1,0,0
CUS-100879,44,Month-to-month,Fiber optic,Bank transfer,Yes,Yes,No,0,No,No,82.62,3487.11,0,2,0,1
CUS-103209,56,One year,Fiber optic,Mailed check,Yes,No,Yes,0,Yes,No,81.39,4665.63,1,1,0,0
CUS-104385,36,Two year,Fiber optic,Electronic check,No,Yes,No,1,No,Yes,92.47,2695.82,0,3,1,0
CUS-106217,21,One year,DSL,Mailed check,No,No,No,0,No,No,56.72,1152.52,0,2,0,0
CUS-104522,8,One year,DSL,Mailed check,Yes,Yes,No internet service,0,Yes,Yes,30.81,345.93,0,0,1,0
CUS-105576,42,One year,DSL,Credit card,Yes,No,No,1,No,Yes,70.88,2861.91,2,2,0,0
CUS-100799,18,One year,No,Electronic check,Yes,No,Yes,0,No,No,41.86,480.0,2,0,0,0
CUS-100354,52,Month-to-month,DSL,Bank transfer,No,No,No internet service,0,No,No,32.64,1614.08,0,0,0,0
CUS-102677,45,Two year,DSL,Electronic check,Yes,No internet service,Yes,1,Yes,Yes,75.87,3145.35,5,4,0,0
CUS-101073,38,Month-to-month,Fiber optic,Credit card,Yes,Yes,No,0,Yes,No,73.67,3061.67,3,2,0,0
CUS-102577,72,Month-to-month,No,Electronic check,Yes,Yes,No,0,No,No,90.14,6192.18,3,0,0,1
CUS-102112,13,Month-to-month,Fiber optic,Electronic check,Yes,Yes,No,0,Yes,No,124.52,1236.37,5,3,1,1
CUS-100144,9,Month-to-month,DSL,Electronic check,No,No,Yes,0,Yes,No,33.73,514.18,1,1,0,0
CUS-100380,10,Two year,DSL,Electronic check,Yes,Yes,Yes,0,Yes,No,75.83,798.24,2,2,1,0
CUS-101340,22,Month-to-month,Fiber optic,Credit card,No,No internet service,No,0,Yes,No,83.13,2356.04,1,2,0,0
CUS-103388,39,One year,No,Bank transfer,Yes,No internet service,No,0,No,Yes,38.01,1582.81,1,0,0,0
CUS-104326,43,Two year,DSL,Mailed check,Yes,Yes,No internet service,0,Yes,No,54.73,2516.01,4,0,0,0
CUS-100121,12,Two year,No,Bank transfer,No,Yes,Yes,0,No,No,48.14,467.14,2,1,0,0
CUS-104296,29,Two year,Fiber optic,Bank transfer,No,No internet service,No,0,No,Yes,104.73,2796.23,1,2,0,1
CUS-104510,46,Month-to-month,Fiber optic,Credit card,Yes,No internet service,Yes,1,Yes,No,109.6,4839.09,2,0,0,1
CUS-101360,53,Month-to-month,No,Mailed check,Yes,Yes,No internet service,0,No,No,24.41,1051.57,0,0,1,0
CUS-100418,55,Month-to-month,DSL,Credit card,No,Yes,No internet service,0,Yes,Yes,81.63,4863.75,5,2,0,1
CUS-106091,17,One year,Fiber optic,Electronic check,No,No,Yes,0,Yes,No,80.37,1260.1,0,1,0,0
CUS-105510,51,Month-to-month,DSL,Mailed check,No,No,Yes,0,No,No,63.35,3713.72,4,1,0,0
CUS-101514,9,Month-to-month,No,Electronic check,Yes,Yes,No internet service,0,No,No,63.81,674.47,3,1,0,0
CUS-106050,17,Two year,Fiber optic,Mailed check,No,Yes,Yes,1,No,No,99.13,1323.84,2,1,0,0
CUS-104168,72,One year,Fiber optic,Electronic check,No,No internet service,Yes,0,No,No,91.71,6953.09,2,2,0,1
CUS-102509,12,Month-to-month,No,Credit card,No,Yes,Yes,0,Yes,No,39.75,490.89,5,1,0,0
CUS-103819,15,Two year,No,Electronic check,Yes,No,No internet service,0,Yes,Yes,50.21,669.31,4,0,0,0
CUS-100555,44,Month-to-month,No,Mailed check,No,No,Yes,0,No,No,65.29,3303.82,4,2,0,0
CUS-102002,14,One year,Fiber optic,Bank transfer,Yes,No,No,0,Yes,No,132.26,2758.6,5,2,0,1
CUS-103499,64,Month-to-month,No,Electronic check,Yes,Yes,No,0,No,No,60.84,3975.47,2,0,0,0
CUS-102664,35,Two year,Fiber optic,Credit card,No,No,No,0,Yes,No,95.7,3133.54,5,4,0,0
CUS-101485,13,One year,DSL,Credit card,No,Yes,Yes,0,No,No,49.2,667.27,5,2,0,0
CUS-104984,20,Month-to-month,No,Electronic check,No,No,No,0,Yes,No,46.63,822.16,0,1,0,1
CUS-101272,35,One year,Fiber optic,Bank transfer,Yes,Yes,No internet service,0,No,Yes,76.89,2466.96,1,2,0,0
CUS-106556,26,Month-to-month,DSL,Credit card,No,No,No internet service,0,No,No,80.39,1998.09,2,2,0,1
CUS-101411,15,Month-to-month,Fiber optic,Mailed check,Yes,No,Yes,1,Yes,No,121.98,2087.69,1,2,0,1
CUS-106261,33,Two year,No,Mailed check,No,No,Yes,0,No,No,46.99,1705.57,1,2,0,0
CUS-106744,30,Month-to-month,Fiber optic,Mailed check,Yes,No,No,0,No,No,113.47,3714.74,2,1,0,1
CUS-101471,72,Two year,DSL,Bank transfer,No,Yes,No internet service,0,Yes,No,72.89,5265.17,0,3,0,0
CUS-106836,26,Month-to-month,DSL,Electronic check,No,No,Yes,0,Yes,Yes,63.75,1747.21,3,0,0,0
CUS-106198,28,Month-to-month,Fiber optic,Electronic check,No,Yes,No internet service,1,No,No,112.25,3356.78,4,2,0,0
CUS-104584,72,Month-to-month,Fiber optic,Electronic check,Yes,Yes,Yes,1,Yes,No,83.81,5891.49,5,3,0,0
CUS-105598,53,One year,DSL,Mailed check,Yes,No internet service,No internet service,0,No,No,53.8,2919.24,5,2,0,0
CUS-104126,38,Month-to-month,DSL,Electronic check,Yes,No,No,1,No,No,59.71,2216.41,5,5,1,1
CUS-106980,25,Two year,DSL,Mailed check,No,No,No,0,No,No,40.46,1052.37,0,1,0,0
CUS-103129,37,One year,DSL,Electronic check,No,No,Yes,0,No,No,32.6,1311.77,0,0,0,0
CUS-102312,12,One year,DSL,Electronic check,No,Yes,Yes,0,No,No,63.72,860.55,5,2,0,0
CUS-102836,72,Month-to-month,DSL,Electronic check,Yes,No internet service,Yes,0,No,No,57.86,4205.56,1,2,1,0
CUS-106570,25,Month-to-month,Fiber optic,Mailed check,No,No,No internet service,0,Yes,Yes,81.25,2165.54,1,0,0,1
CUS-100981,35,Month-to-month,Fiber optic,Electronic check,No,No,No,0,Yes,Yes,83.64,2770.77,3,1,0,1
CUS-105935,22,Two year,Fiber optic,Mailed check,Yes,No,Yes,0,No,No,83.48,2020.64,2,3,1,0
CUS-102155,3,Month-to-month,No,Bank transfer,Yes,No,Yes,1,Yes,No,102.12,150.17,5,3,0,0
CUS-103208,38,Month-to-month,No,Electronic check,Yes,No internet service,No,1,No,No,72.24,2474.77,3,3,0,1
CUS-106167,33,One year,Fiber optic,Mailed check,Yes,No,Yes,0,Yes,No,107.08,3265.26,2,0,0,0
CUS-101268,26,Month-to-month,DSL,Credit card,No,No,No,0,Yes,No,81.6,2008.8,5,2,0,1
CUS-100414,17,Month-to-month,DSL,Mailed check,No,No internet service,No internet service,0,Yes,Yes,58.68,1326.21,1,0,0,1
CUS-100268,17,Two year,DSL,Bank transfer,Yes,No,Yes,1,Yes,No,72.01,1458.93,3,1,0,0
CUS-103193,46,Month-to-month,Fiber optic,Credit card,No,No,No,0,No,Yes,95.31,4322.51,4,2,0,1
CUS-100654,56,Month-to-month,DSL,Credit card,Yes,No internet service,No,0,Yes,Yes,63.92,3782.69,1,3,1,1
CUS-103016,16,Month-to-month,Fiber optic,Credit card,Yes,Yes,Yes,0,No,Yes,95.59,1531.56,4,4,0,1
CUS-105020,16,Two year,Fiber optic,Electronic check,Yes,Yes,Yes,1,No,No,84.91,1349.45,0,3,0,0
CUS-106285,5,Month-to-month,No,Credit card,No,No,No,0,Yes,No,80.74,488.91,5,1,0,0
CUS-102741,17,Month-to-month,Fiber optic,Electronic check,No,No,No,0,No,No,91.15,1442.17,1,3,0,1
CUS-102310,15,Month-to-month,DSL,Bank transfer,No,No,No,0,Yes,Yes,59.41,769.12,1,2,0,1
CUS-103497,15,Month-to-month,No,Mailed check,Yes,No,No,0,No,Yes,73.64,1224.02,1,0,0,0
CUS-100773,42,Month-to-month,Fiber optic,Mailed check,Yes,No,No,0,Yes,Yes,110.95,4629.76,4,2,0,1
CUS-102418,6,Month-to-month,No,Electronic check,Yes,No internet service,No internet service,0,No,No,43.72,273.72,1,1,0,0
CUS-100589,28,Two year,Fiber optic,Bank transfer,No,No,Yes,0,No,No,116.84,3453.72,1,2,0,0
CUS-106996,16,Month-to-month,Fiber optic,Credit card,No,No,No,0,No,No,105.39,1721.56,3,0,0,0
CUS-103425,17,Month-to-month,DSL,Credit card,Yes,No,No,0,No,No,75.33,1107.88,3,3,0,1
CUS-105050,45,Month-to-month,No,Electronic check,Yes,No,Yes,0,Yes,No,69.06,3326.54,5,5,0,1
CUS-103555,33,Two year,Fiber optic,Bank transfer,Yes,Yes,No internet service,0,No,No,88.88,2961.24,3,3,0,0
CUS-103820,8,Month-to-month,Fiber optic,Credit card,Yes,Yes,No,0,No,Yes,83.89,712.99,2,3,1,0
CUS-103861,35,Month-to-month,Fiber optic,Electronic check,Yes,Yes,No,0,Yes,Yes,90.52,3406.9,0,2,0,0
CUS-103328,20,Two year,DSL,Electronic check,Yes,Yes,No internet service,0,No,No,77.28,951.14,3,4,0,0
CUS-103105,23,Month-to-month,Fiber optic,Electronic check,Yes,No,No internet service,0,Yes,Yes,94.52,1993.94,3,1,0,1
CUS-100701,17,Month-to-month,DSL,Mailed check,Yes,Yes,No,0,Yes,Yes,69.97,1052.42,4,1,0,0
CUS-103034,29,Month-to-month,Fiber optic,Bank transfer,Yes,Yes,No,0,No,Yes,44.61,1263.36,0,1,0,0
CUS-102275,50,One year,DSL,Electronic check,Yes,Yes,No,1,No,Yes,59.21,2760.48,1,3,0,0
CUS-104210,7,Month-to-month,DSL,Mailed check,Yes,No internet service,No,0,Yes,No,67.81,557.65,1,0,0,0
CUS-100677,32,One year,DSL,Credit card,No,No,Yes,0,No,Yes,95.84,3620.28,5,9,0,0
CUS-102705,49,One year,DSL,Electronic check,No,No internet service,No,0,Yes,Yes,68.78,3369.34,5,0,0,0
CUS-104690,11,Month-to-month,No,Mailed check,No,No,No internet service,0,No,No,68.28,914.48,5,2,1,1
CUS-106885,13,Month-to-month,DSL,Credit card,Yes,No,No internet service,0,Yes,No,82.51,1367.64,3,1,0,0
CUS-102318,26,Two year,No,Bank transfer,No,Yes,No,0,Yes,No,51.46,1366.76,0,0,0,0
CUS-104866,41,One year,DSL,Electronic check,Yes,No,No,0,No,No,44.0,1830.09,1,0,0,0
CUS-100693,10,Month-to-month,DSL,Electronic check,No,No internet service,No,1,Yes,No,26.13,321.79,0,1,0,1
CUS-101513,23,Two year,DSL,Mailed check,No,No internet service,No internet service,0,Yes,No,49.21,1100.28,5,0,1,0
CUS-102846,45,Two year,Fiber optic,Electronic check,Yes,Yes,No internet service,0,Yes,No,76.14,3385.26,1,1,0,0
CUS-106816,5,Month-to-month,Fiber optic,Credit card,Yes,No,No internet service,0,No,No,59.1,348.97,2,1,0,1
CUS-106149,20,One year,Fiber optic,Electronic check,Yes,No,No internet service,1,No,No,72.44,1072.25,0,1,0,0
CUS-100110,21,One year,Fiber optic,Credit card,Yes,No internet service,No internet service,0,Yes,No,130.83,2546.45,5,5,1,1
CUS-103018,16,Two year,DSL,Credit card,No,No,Yes,0,Yes,No,48.95,745.76,0,0,0,0
CUS-105982,4,Month-to-month,No,Bank transfer,Yes,No,No,0,No,No,45.72,265.43,1,0,0,0
CUS-103135,27,Month-to-month,Fiber optic,Bank transfer,Yes,No,No,0,Yes,No,137.24,3118.59,4,2,0,0
CUS-102338,41,Month-to-month,Fiber optic,Electronic check,Yes,Yes,No,0,No,No,92.59,3678.84,0,1,1,1
CUS-106334,48,Month-to-month,Fiber optic,Credit card,Yes,No internet service,No,0,No,No,88.13,4529.48,5,4,0,1
CUS-103024,10,Month-to-month,Fiber optic,Electronic check,Yes,No,No,0,Yes,No,133.05,1137.48,5,4,0,1
CUS-100856,7,Month-to-month,Fiber optic,Credit card,Yes,Yes,No,0,Yes,Yes,67.58,487.34,3,2,0,0
CUS-105747,37,Two year,DSL,Electronic check,Yes,Yes,Yes,0,No,Yes,73.7,3006.68,5,3,0,0
CUS-104596,38,Two year,DSL,Bank transfer,No,No internet service,No,0,Yes,No,98.17,3223.27,5,2,0,0
CUS-105995,32,One year,DSL,Electronic check,Yes,No internet service,Yes,0,No,No,74.07,2480.46,1,3,1,0
CUS-105493,29,Month-to-month,No,Credit card,Yes,Yes,Yes,0,Yes,Yes,60.03,1677.65,2,0,0,1
CUS-104883,22,Month-to-month,DSL,Electronic check,Yes,No,No internet service,0,Yes,No,46.53,794.34,1,0,0,1
CUS-101897,19,Month-to-month,DSL,Bank transfer,No,No internet service,No,0,No,No,65.43,1357.11,3,1,0,0
CUS-104362,30,One year,No,Credit card,No,No,Yes,0,No,Yes,59.82,1875.77,3,2,1,0
CUS-101966,10,Two year,Fiber optic,Mailed check,No,No,No internet service,0,Yes,No,82.62,913.16,0,2,1,0
CUS-105653,3,Two year,Fiber optic,Electronic check,Yes,No,No,0,Yes,No,111.45,263.48,3,5,0,0
CUS-102018,21,One year,No,Electronic check,Yes,No,No internet service,0,Yes,No,54.31,1162.63,3,5,0,0
CUS-102407,5,One year,Fiber optic,Mailed check,No,Yes,No,0,Yes,No,97.55,482.02,4,2,0,0
CUS-103000,7,Month-to-month,DSL,Mailed check,Yes,No,No internet service,0,Yes,Yes,47.44,270.78,4,3,0,0
CUS-102302,33,One year,No,Credit card,Yes,Yes,Yes,1,No,Yes,99.51,3804.67,5,7,0,1
CUS-101468,31,Two year,DSL,Credit card,Yes,Yes,No internet service,0,No,No,95.32,2534.03,5,2,0,0
CUS-105144,11,One year,Fiber optic,Bank transfer,Yes,Yes,Yes,0,Yes,No,111.38,1161.81,1,1,0,0
CUS-102963,55,Month-to-month,Fiber optic,Electronic check,No,No internet service,No internet service,0,Yes,No,90.25,4747.37,3,2,0,0
CUS-106131,25,Month-to-month,Fiber optic,Credit card,No,Yes,Yes,0,No,No,68.25,1358.55,0,2,0,0
CUS-104024,27,One year,Fiber optic,Bank transfer,No,Yes,Yes,0,Yes,No,127.42,2705.36,5,3,0,0
CUS-105220,39,One year,DSL,Bank transfer,No,Yes,Yes,0,Yes,No,52.26,1854.44,5,0,1,0
CUS-100107,19,One year,DSL,Bank transfer,Yes,Yes,Yes,1,No,Yes,51.2,993.26,3,1,0,0
CUS-100029,5,One year,No,Bank transfer,Yes,No internet service,No,0,Yes,Yes,50.09,213.3,2,1,0,0
CUS-103815,51,One year,Fiber optic,Credit card,Yes,No internet service,Yes,1,Yes,Yes,127.82,6894.2,5,3,0,1
CUS-103114,20,Month-to-month,DSL,Bank transfer,Yes,Yes,Yes,0,Yes,No,80.72,1615.82,4,1,1,0
CUS-105284,9,One year,DSL,Mailed check,Yes,Yes,Yes,0,No,No,54.71,670.23,5,4,0,0
CUS-102662,23,Month-to-month,DSL,Electronic check,Yes,No,No,0,Yes,No,67.31,1622.83,3,1,0,1
CUS-105956,39,Two year,No,Credit card,Yes,Yes,No,0,No,No,55.15,2005.4,0,2,0,0
CUS-100751,24,Month-to-month,DSL,Credit card,Yes,Yes,No internet service,1,Yes,No,65.06,1798.48,3,1,0,0
CUS-103132,55,Month-to-month,DSL,Electronic check,No,Yes,No internet service,0,No,No,68.0,3788.29,0,1,0,1
CUS-100584,72,Two year,DSL,Mailed check,No,No,Yes,0,Yes,No,75.2,5379.46,4,3,0,0
CUS-101220,39,Month-to-month,Fiber optic,Credit card,No,No internet service,Yes,0,No,Yes,89.91,3336.86,2,3,0,1
CUS-102594,7,One year,Fiber optic,Credit card,Yes,Yes,No,0,No,Yes,68.35,605.63,1,2,0,0
CUS-101775,7,One year,DSL,Mailed check,Yes,No internet service,Yes,0,Yes,No,53.25,26.62,3,2,0,0
CUS-105856,11,Month-to-month,Fiber optic,Bank transfer,Yes,Yes,No,0,No,No,72.06,770.68,0,1,0,1
CUS-106014,14,One year,DSL,Mailed check,No,No,Yes,1,Yes,No,66.34,958.17,4,0,0,0
CUS-100548,24,One year,DSL,Electronic check,No,Yes,No internet service,0,Yes,Yes,67.21,1727.66,1,0,0,1
CUS-105412,66,One year,DSL,Mailed check,Yes,No,No internet service,0,Yes,No,51.54,3177.49,2,0,0,0
CUS-104310,38,Month-to-month,DSL,Credit card,No,No internet service,No,0,Yes,No,51.14,2001.19,0,1,0,0
CUS-102921,54,Month-to-month,No,Credit card,No,Yes,No,0,No,No,47.62,2589.63,2,3,0,0
CUS-106506,72,Month-to-month,No,Mailed check,Yes,No,Yes,0,Yes,No,69.74,4918.49,1,4,0,0
CUS-106591,31,One year,DSL,Mailed check,No,No,No,0,Yes,No,41.1,1330.24,0,0,0,0
CUS-105762,72,One year,Fiber optic,Electronic check,No,No,No,0,Yes,No,108.29,7283.93,3,1,0,0
CUS-106741,9,Month-to-month,Fiber optic,Bank transfer,No,No,No,0,No,Yes,110.63,1182.54,3,3,0,1
CUS-106845,31,Month-to-month,No,Bank transfer,No,No,No internet service,0,Yes,Yes,85.75,2943.44,5,2,0,0
CUS-101945,45,Month-to-month,DSL,Mailed check,No,Yes,Yes,1,No,Yes,35.37,1637.93,1,0,0,0
CUS-104913,62,Month-to-month,DSL,Mailed check,No,No,No internet service,0,No,No,50.05,3351.41,2,0,0,0
CUS-105786,26,One year,Fiber optic,Mailed check,Yes,No,No,0,No,No,72.07,2011.14,2,2,0,0
CUS-100344,43,Month-to-month,No,Mailed check,No,No internet service,No,0,No,No,48.53,2142.7,3,2,0,1
CUS-106229,20,One year,No,Credit card,Yes,Yes,Yes,0,Yes,No,72.6,1622.41,4,2,1,0
CUS-105221,28,Two year,DSL,Credit card,Yes,Yes,No internet service,0,Yes,No,58.7,1665.41,4,3,0,0
CUS-101575,28,Month-to-month,Fiber optic,Mailed check,Yes,Yes,Yes,0,No,Yes,99.13,3013.17,3,3,1,1
CUS-102488,26,Month-to-month,Fiber optic,Credit card,Yes,No,No,0,Yes,No,93.83,2465.2,3,3,0,0
CUS-106562,27,Month-to-month,Fiber optic,Electronic check,No,No internet service,No internet service,1,No,No,88.09,1816.13,0,3,1,0
CUS-104161,24,Month-to-month,DSL,Bank transfer,Yes,No,Yes,0,No,No,81.69,1475.02,5,4,0,0
CUS-102751,40,Two year,DSL,Mailed check,No,No,No,0,No,No,35.11,1492.13,0,1,0,0
CUS-102868,12,Month-to-month,Fiber optic,Mailed check,Yes,No,No internet service,1,Yes,No,57.94,721.71,3,2,1,1
CUS-106093,36,Month-to-month,Fiber optic,Electronic check,Yes,Yes,No,0,Yes,No,85.47,2623.92,2,1,0,0
CUS-102126,43,Two year,Fiber optic,Credit card,Yes,No,No,0,No,Yes,100.28,4040.29,3,1,0,0
CUS-100090,18,Two year,Fiber optic,Bank transfer,Yes,Yes,Yes,0,Yes,No,130.39,2668.81,4,1,1,0
CUS-103412,24,Month-to-month,DSL,Credit card,No,No,No internet service,1,Yes,No,69.26,1536.16,2,3,0,1
CUS-104315,52,Two year,No,Electronic check,Yes,No,Yes,0,Yes,No,39.87,2136.24,2,2,0,0
CUS-105159,46,One year,DSL,Credit card,No,No,No,0,No,No,72.27,3227.01,3,1,0,0
CUS-102227,29,Month-to-month,DSL,Mailed check,No,No,No internet service,1,No,No,80.17,2545.55,4,1,0,0
CUS-105866,29,Month-to-month,Fiber optic,Credit card,Yes,No,No,0,Yes,No,66.5,1872.42,4,0,1,1
CUS-100624,4,Two year,Fiber optic,Mailed check,Yes,No,No internet service,0,Yes,No,67.15,155.74,1,0,0,1
CUS-100069,33,Two year,DSL,Mailed check,No,No,No,0,Yes,No,49.71,1509.64,0,1,0,0
CUS-100889,55,Month-to-month,Fiber optic,Electronic check,No,No internet service,Yes,1,No,No,75.76,4357.73,5,3,0,1
CUS-105781,20,Month-to-month,Fiber optic,Electronic check,No,No internet service,Yes,0,No,Yes,94.86,2021.9,5,3,0,0
CUS-105304,13,Month-to-month,DSL,Electronic check,Yes,No,No,0,No,No,72.29,997.86,3,2,0,1
CUS-104512,43,Month-to-month,No,Credit card,No,No,Yes,0,No,Yes,82.66,3425.41,3,0,0,0
CUS-104605,14,One year,DSL,Mailed check,No,No,No,0,Yes,No,64.36,1068.52,4,2,0,0
CUS-103869,32,Month-to-month,Fiber optic,Mailed check,Yes,No,No,0,No,No,113.12,3548.82,3,5,0,1
CUS-102954,23,Two year,Fiber optic,Electronic check,Yes,No,No,0,No,No,125.23,2624.22,1,3,1,0
CUS-100947,28,One year,No,Credit card,Yes,No internet service,No internet service,0,No,Yes,65.96,1522.45,3,1,0,0
CUS-100877,10,Two year,Fiber optic,Bank transfer,Yes,No internet service,Yes,0,No,Yes,111.99,1257.01,1,5,0,0
CUS-102948,36,One year,No,Credit card,No,No internet service,No internet service,1,No,Yes,45.67,1846.02,2,0,0,0
CUS-106533,12,Month-to-month,Fiber optic,Bank transfer,Yes,No,Yes,0,Yes,No,90.37,1114.71,2,1,1,1
CUS-102596,17,Month-to-month,DSL,Credit card,No,Yes,No,0,Yes,Yes,57.08,1042.89,0,1,1,0
CUS-100293,20,Month-to-month,Fiber optic,Electronic check,Yes,No,No,0,No,No,88.84,1515.6,2,0,0,1
CUS-103203,11,Month-to-month,DSL,Mailed check,Yes,Yes,No internet service,0,No,Yes,44.24,562.04,0,0,0,0
CUS-106211,42,Two year,DSL,Mailed check,No,No,No internet service,0,No,Yes,61.18,2324.81,0,1,0,0
CUS-100445,9,One year,Fiber optic,Credit card,Yes,Yes,Yes,0,Yes,No,93.39,489.23,2,4,0,1
CUS-104381,70,Month-to-month,DSL,Mailed check,Yes,No,Yes,0,Yes,Yes,65.62,4326.91,3,2,0,0
CUS-101919,25,Month-to-month,Fiber optic,Electronic check,Yes,No internet service,No,0,Yes,No,115.28,2686.34,0,6,1,1
CUS-102142,24,Month-to-month,Fiber optic,Credit card,No,Yes,No internet service,0,Yes,No,136.47,3797.39,5,2,0,1
CUS-106169,41,Month-to-month,No,Bank transfer,No,No,No internet service,0,No,No,90.27,3745.95,4,2,0,0
CUS-101839,38,Month-to-month,No,Electronic check,Yes,No,Yes,0,Yes,No,55.55,1813.49,4,2,0,0
CUS-105152,8,Two year,No,Mailed check,No,Yes,No internet service,0,No,No,46.28,363.03,3,1,0,0
CUS-106770,56,Month-to-month,Fiber optic,Electronic check,Yes,Yes,No,0,No,No,74.1,4158.71,1,1,0,0
CUS-102835,38,One year,DSL,Electronic check,Yes,No,No,0,Yes,No,31.8,1199.29,0,0,0,0
CUS-104695,8,Month-to-month,No,Credit card,No,No internet service,No,0,No,Yes,72.56,684.56,2,2,0,1
CUS-104647,15,One year,DSL,Electronic check,No,Yes,No,0,No,No,97.26,2103.76,5,2,0,1
CUS-103058,22,One year,DSL,Bank transfer,Yes,No internet service,No,0,Yes,No,78.79,1610.12,4,3,0,1
CUS-104997,9,Month-to-month,Fiber optic,Credit card,Yes,No,Yes,0,No,No,74.22,615.53,2,4,0,1
CUS-104890,20,Month-to-month,No,Electronic check,Yes,No,No internet service,0,No,No,71.27,1665.72,1,2,0,0
CUS-100367,30,Month-to-month,DSL,Bank transfer,Yes,Yes,No internet service,1,No,Yes,69.2,2277.38,3,1,0,0
CUS-105669,7,Two year,DSL,Mailed check,No,No internet service,Yes,0,Yes,Yes,61.34,245.71,3,2,0,0
CUS-105300,35,One year,Fiber optic,Mailed check,Yes,No,No,0,No,No,89.31,2930.16,1,0,1,0
CUS-102510,4,Month-to-month,DSL,Mailed check,No,Yes,Yes,1,No,Yes,45.26,236.75,2,1,1,1
CUS-106276,28,Month-to-month,No,Electronic check,Yes,No internet service,Yes,0,Yes,No,79.19,2154.72,3,1,0,0
CUS-103352,19,Month-to-month,DSL,Bank transfer,Yes,No,No,0,Yes,No,46.25,978.26,1,0,0,0
CUS-106115,72,Month-to-month,Fiber optic,Credit card,Yes,No internet service,No,1,No,No,115.96,8784.22,0,4,0,0
CUS-106908,59,Two year,No,Mailed check,Yes,No,Yes,1,Yes,No,92.5,5207.81,5,0,0,0
CUS-102228,15,One year,DSL,Mailed check,Yes,Yes,No,0,No,Yes,52.0,358.06,2,1,0,0
CUS-102821,32,Month-to-month,Fiber optic,Electronic check,Yes,No,No internet service,0,No,No,94.23,2953.75,1,3,0,1
CUS-103240,28,Month-to-month,DSL,Mailed check,Yes,No,Yes,0,No,No,59.86,1456.21,2,0,0,0
CUS-104663,36,Month-to-month,No,Electronic check,Yes,Yes,No,0,No,No,75.87,2850.92,5,1,0,0
CUS-105621,29,Month-to-month,DSL,Mailed check,Yes,No,No,0,Yes,No,59.92,1703.66,1,4,0,0
CUS-104967,15,One year,No,Mailed check,No,No,No,0,Yes,No,67.5,823.96,3,1,0,0
CUS-106233,21,Month-to-month,No,Credit card,Yes,No internet service,No,1,Yes,No,80.52,1905.23,4,2,0,1
CUS-105028,14,Two year,No,Electronic check,Yes,No,No,0,Yes,Yes,76.4,1284.9,3,0,0,0
CUS-104588,11,Month-to-month,Fiber optic,Mailed check,Yes,Yes,No internet service,0,Yes,No,112.03,1300.97,5,0,0,0
CUS-101186,15,Month-to-month,DSL,Bank transfer,Yes,Yes,Yes,0,Yes,Yes,59.09,966.36,1,2,1,1
CUS-102927,28,Two year,DSL,Bank transfer,No,No,No,0,No,No,91.52,2605.37,5,1,0,0
CUS-102252,31,One year,Fiber optic,Mailed check,No,No internet service,No internet service,0,Yes,No,89.08,2462.89,2,1,0,0
CUS-106017,18,Month-to-month,No,Credit card,Yes,Yes,No,0,Yes,No,73.95,1174.27,3,2,0,1
CUS-102688,34,Two year,DSL,Credit card,Yes,No,No,1,No,No,57.83,2099.62,2,2,1,0
CUS-105313,25,Month-to-month,No,Mailed check,Yes,No,No,0,No,Yes,63.46,2045.22,2,4,0,1
CUS-106846,60,Two year,DSL,Bank transfer,Yes,No,No internet service,1,No,Yes,81.24,4833.87,1,4,0,0
CUS-100151,4,Two year,DSL,Mailed check,No,No,No,1,Yes,Yes,42.07,108.68,0,0,0,0
CUS-104194,26,Two year,No,Bank transfer,Yes,Yes,No internet service,0,No,No,48.23,1398.16,0,1,0,0
CUS-101033,9,One year,Fiber optic,Mailed check,Yes,No,Yes,0,Yes,No,79.94,426.41,1,1,0,1
CUS-101383,23,One year,Fiber optic,Mailed check,No,Yes,No,0,Yes,No,96.39,2569.65,3,2,0,0
CUS-100915,6,One year,DSL,Credit card,No,No,No,1,No,No,79.44,842.86,4,2,0,0
CUS-101305,55,Month-to-month,No,Credit card,Yes,No,No internet service,0,Yes,No,56.54,3244.9,2,5,0,1
CUS-105836,30,Month-to-month,Fiber optic,Mailed check,Yes,Yes,No,0,Yes,Yes,100.27,2832.59,0,4,0,1
CUS-102465,23,One year,Fiber optic,Mailed check,No,Yes,Yes,0,No,No,79.2,1467.55,2,1,0,0
CUS-104950,25,Month-to-month,Fiber optic,Credit card,Yes,No internet service,No internet service,0,Yes,Yes,81.64,2553.56,4,3,0,0
CUS-100509,10,Month-to-month,DSL,Electronic check,No,No,Yes,0,No,No,65.28,1007.78,2,0,0,0
CUS-104483,18,One year,No,Credit card,Yes,No,No,0,No,No,48.92,846.42,0,0,0,0
CUS-105009,65,One year,No,Bank transfer,Yes,No,Yes,0,No,No,95.85,6765.11,5,2,0,0
CUS-104096,18,One year,Fiber optic,Credit card,Yes,Yes,No internet service,0,No,Yes,129.04,2020.24,5,4,1,0
CUS-102758,32,One year,Fiber optic,Electronic check,Yes,No,No internet service,0,Yes,Yes,84.01,2929.66,3,3,0,0
CUS-102692,7,Two year,Fiber optic,Mailed check,Yes,No internet service,No internet service,0,No,No,62.79,274.1,0,0,0,0
CUS-104601,16,One year,DSL,Electronic check,Yes,Yes,No,0,No,No,39.49,502.79,0,0,0,0
CUS-100748,15,One year,DSL,Bank transfer,No,No,No internet service,0,Yes,No,58.89,687.4,3,2,0,0
CUS-102229,10,Month-to-month,Fiber optic,Mailed check,Yes,No internet service,No internet service,0,Yes,Yes,109.44,951.91,3,1,0,1
CUS-105733,12,Month-to-month,Fiber optic,Electronic check,Yes,Yes,Yes,1,Yes,Yes,88.55,781.5,2,1,0,1
CUS-105223,16,One year,No,Electronic check,No,Yes,No,0,No,No,59.5,889.8,1,1,0,0
CUS-101310,22,Month-to-month,Fiber optic,Electronic check,Yes,No,Yes,0,Yes,No,127.28,2537.27,3,6,0,0
CUS-101611,7,One year,Fiber optic,Electronic check,No,Yes,Yes,1,Yes,Yes,98.31,524.93,5,4,0,0
CUS-105925,23,Month-to-month,Fiber optic,Credit card,No,No internet service,No internet service,0,No,No,75.9,1860.09,1,1,0,1
CUS-100911,26,Month-to-month,Fiber optic,Mailed check,No,No,Yes,0,Yes,No,83.83,2546.68,1,1,0,1
CUS-102676,15,Month-to-month,Fiber optic,Credit card,Yes,No,No,1,Yes,No,92.43,1382.99,5,1,0,1
CUS-102471,15,Month-to-month,No,Bank transfer,Yes,No,No,0,Yes,No,39.42,648.61,1,1,0,0
CUS-104030,5,Month-to-month,DSL,Electronic check,Yes,No,No,0,Yes,No,27.32,13.66,1,2,0,0
CUS-105072,2,Month-to-month,Fiber optic,Mailed check,Yes,No,No,0,No,Yes,68.65,104.61,1,2,0,0
CUS-105062,31,One year,DSL,Credit card,Yes,No,No,0,Yes,No,78.33,2421.45,4,1,0,0
CUS-105960,26,Month-to-month,No,Credit card,Yes,Yes,Yes,0,Yes,Yes,61.33,1220.01,4,1,0,0
CUS-103699,59,One year,Fiber optic,Bank transfer,No,No,No,0,Yes,Yes,83.13,5168.91,2,5,1,0
CUS-100471,47,Month-to-month,DSL,Mailed check,Yes,No,No,0,Yes,Yes,63.16,2888.38,3,1,0,0
CUS-100967,30,Month-to-month,DSL,Bank transfer,No,Yes,No internet service,0,No,No,46.61,1335.38,0,3,0,0
CUS-104080,57,Two year,Fiber optic,Bank transfer,No,No,No,0,Yes,No,83.55,4351.31,0,4,1,0
CUS-102114,65,Two year,Fiber optic,Electronic check,Yes,No,No,0,No,No,91.7,6242.58,2,8,1,0
CUS-106146,46,Month-to-month,Fiber optic,Bank transfer,No,No,No,0,Yes,No,76.15,3320.63,0,2,0,0
CUS-102168,34,Two year,DSL,Electronic check,Yes,Yes,No,0,No,No,45.21,1636.77,0,0,0,0
CUS-106606,7,Two year,Fiber optic,Electronic check,Yes,No internet service,Yes,0,Yes,Yes,85.72,839.37,0,1,0,0
CUS-106352,61,Month-to-month,Fiber optic,Electronic check,No,No internet service,No,0,Yes,No,78.77,4737.14,2,1,0,0
CUS-100896,17,Two year,DSL,Bank transfer,Yes,No,No internet service,0,Yes,No,48.71,851.48,0,0,0,0
CUS-106298,27,One year,DSL,Credit card,No,No internet service,Yes,0,Yes,Yes,69.99,1986.52,4,1,0,0
CUS-106834,51,Month-to-month,DSL,Credit card,No,No,No,0,Yes,Yes,54.59,2901.96,1,1,1,1
CUS-103035,19,Month-to-month,DSL,Credit card,Yes,No,No internet service,0,No,Yes,63.99,1447.73,2,0,0,1
CUS-101773,24,Two year,No,Electronic check,No,No,Yes,0,No,No,68.18,1704.51,4,3,0,0
CUS-103268,34,One year,DSL,Mailed check,No,Yes,Yes,0,Yes,No,58.41,2390.72,2,1,0,0
CUS-100251,4,Month-to-month,Fiber optic,Bank transfer,No,No,No internet service,0,Yes,No,112.01,443.03,2,3,0,1
CUS-101209,18,One year,Fiber optic,Bank transfer,Yes,Yes,No internet service,0,Yes,Yes,92.11,1918.9,2,1,0,0
CUS-105470,72,Two year,Fiber optic,Mailed check,No,Yes,No,0,No,No,75.14,5139.7,2,1,1,0
CUS-103834,20,Month-to-month,No,Electronic check,No,No,No,0,Yes,No,53.64,941.72,1,0,0,1
CUS-103197,72,Month-to-month,Fiber optic,Electronic check,Yes,Yes,No,0,Yes,No,117.82,8436.74,5,0,1,0
CUS-106111,29,Two year,Fiber optic,Bank transfer,Yes,No,No,0,No,No,114.33,3288.03,5,2,0,1
CUS-103887,10,Month-to-month,Fiber optic,Electronic check,No,Yes,Yes,0,Yes,Yes,76.84,637.27,2,0,0,0
CUS-101128,56,One year,No,Credit card,No,No,No internet service,0,Yes,Yes,59.51,3158.63,0,1,0,0
CUS-102858,19,One year,No,Mailed check,Yes,No internet service,No,0,No,No,63.36,1273.78,2,3,1,0
CUS-104449,68,Month-to-month,DSL,Credit card,Yes,Yes,No,0,Yes,Yes,64.99,4278.64,4,1,0,0
CUS-101593,10,Month-to-month,Fiber optic,Electronic check,No,No,No,0,Yes,No,68.11,834.36,1,0,0,0
CUS-103265,38,Month-to-month,No,Mailed check,No,Yes,No internet service,1,No,Yes,76.72,2808.41,4,1,0,0
CUS-102447,4,One year,Fiber optic,Mailed check,Yes,Yes,No,0,No,Yes,60.43,176.2,0,2,0,0
CUS-100057,29,Month-to-month,No,Bank transfer,Yes,No internet service,No,0,No,No,69.34,2043.91,5,1,0,0
CUS-101699,50,Month-to-month,Fiber optic,Electronic check,Yes,No,No,0,No,No,80.37,4329.81,4,5,0,0
CUS-101322,14,Two year,DSL,Bank transfer,Yes,No,No,0,No,No,53.77,794.44,1,0,1,0
CUS-100176,64,Month-to-month,No,Electronic check,Yes,Yes,No,0,Yes,No,95.66,5711.21,3,4,1,1
CUS-105687,12,Month-to-month,DSL,Mailed check,No,No,No,0,No,Yes,45.22,779.17,2,1,0,1
CUS-106068,8,Two year,Fiber optic,Electronic check,No,No,No internet service,0,Yes,No,101.24,941.13,3,5,0,0
CUS-104335,54,Month-to-month,DSL,Credit card,No,No internet service,Yes,0,No,No,100.09,5366.08,4,1,0,0
CUS-106954,19,Month-to-month,DSL,Bank transfer,Yes,Yes,Yes,0,No,No,70.0,1113.01,1,2,0,0
CUS-102406,10,Two year,DSL,Bank transfer,No,No,No,0,No,No,45.8,509.82,0,4,0,0
CUS-100292,20,Month-to-month,Fiber optic,Electronic check,No,No,No,0,No,No,65.59,1446.22,2,0,0,1
CUS-101142,44,One year,No,Electronic check,No,No internet service,Yes,0,No,No,23.97,1005.56,0,0,0,0
CUS-102301,44,Month-to-month,DSL,Bank transfer,Yes,No internet service,No,0,No,No,63.5,2609.24,5,3,0,1
CUS-104184,43,Month-to-month,No,Mailed check,Yes,No,Yes,0,Yes,No,43.83,1827.75,0,0,0,0
CUS-100183,10,Month-to-month,Fiber optic,Credit card,No,Yes,No,0,Yes,No,79.15,693.01,3,4,0,1
CUS-101170,52,Two year,Fiber optic,Credit card,No,No,No internet service,0,No,No,103.02,4757.44,3,2,1,0
CUS-102515,51,One year,No,Electronic check,No,No,No,0,Yes,Yes,64.64,3420.36,1,2,1,0
CUS-105205,53,Two year,Fiber optic,Mailed check,No,No internet service,Yes,1,No,No,106.27,5254.55,1,2,0,0
CUS-105364,1,Month-to-month,Fiber optic,Mailed check,Yes,No internet service,Yes,0,Yes,No,93.94,97.89,5,1,0,1
CUS-102029,13,One year,DSL,Mailed check,Yes,No,No,0,No,No,82.28,1045.76,5,4,0,0
CUS-106543,8,Month-to-month,DSL,Bank transfer,No,No,No,0,Yes,No,55.58,620.51,3,2,1,1
CUS-103355,15,Month-to-month,No,Electronic check,No,No,Yes,0,Yes,Yes,51.36,761.84,1,1,0,0
CUS-101086,28,Two year,Fiber optic,Bank transfer,Yes,Yes,Yes,0,No,No,106.42,3370.77,1,2,0,0
CUS-102881,20,One year,Fiber optic,Electronic check,Yes,Yes,No internet service,0,Yes,Yes,104.09,2083.1,0,2,0,1
CUS-104071,72,One year,DSL,Mailed check,Yes,No,No internet service,1,No,No,89.25,6392.76,5,2,0,0
CUS-101172,9,One year,DSL,Electronic check,Yes,No,No,0,Yes,No,65.73,515.81,5,1,0,0
CUS-103541,48,Month-to-month,Fiber optic,Mailed check,Yes,Yes,Yes,0,No,No,111.89,5313.76,3,3,1,0
CUS-104262,27,One year,No,Electronic check,Yes,No internet service,No,0,No,No,51.95,1261.36,1,1,0,0
CUS-104038,46,Two year,Fiber optic,Electronic check,No,No,No,0,Yes,No,108.14,4566.84,4,2,0,0
CUS-104999,12,Two year,Fiber optic,Bank transfer,No,Yes,No internet service,1,Yes,No,101.77,1006.69,4,1,0,0
CUS-103550,16,One year,DSL,Electronic check,Yes,No,No,0,Yes,No,68.36,834.48,5,1,0,0
CUS-104428,12,Month-to-month,Fiber optic,Mailed check,Yes,No internet service,No,1,No,No,93.59,1092.83,1,3,0,1
CUS-104700,56,One year,Fiber optic,Electronic check,Yes,No,No,0,Yes,No,90.29,5087.74,3,1,1,0
CUS-106595,16,One year,No,Electronic check,Yes,No internet service,No,0,Yes,No,81.74,1557.74,3,4,0,0
CUS-104907,4,One year,DSL,Electronic check,No,No,No,0,No,No,76.01,644.97,5,2,0,0
CUS-104378,19,Month-to-month,Fiber optic,Bank transfer,No,No,No,1,Yes,Yes,98.89,1738.4,4,2,0,0
CUS-103078,25,Two year,Fiber optic,Credit card,No,No internet service,Yes,0,Yes,Yes,104.52,2331.27,5,2,0,0
CUS-100613,36,Month-to-month,Fiber optic,Electronic check,Yes,No,No,0,Yes,No,59.24,1773.36,1,0,0,0
CUS-102462,60,Month-to-month,DSL,Electronic check,No,Yes,Yes,0,Yes,No,30.88,1782.94,1,0,1,0
CUS-102892,40,Month-to-month,DSL,Electronic check,Yes,Yes,Yes,0,Yes,Yes,45.72,1793.13,0,1,0,0
CUS-102585,36,Month-to-month,Fiber optic,Electronic check,Yes,No,Yes,0,Yes,No,78.74,3291.23,2,5,1,1
CUS-103686,11,Month-to-month,Fiber optic,Credit card,No,No,No,0,Yes,No,109.87,1255.66,4,4,0,1
CUS-101430,31,Month-to-month,No,Bank transfer,Yes,Yes,Yes,0,Yes,Yes,84.38,2246.94,3,4,0,0
CUS-106453,14,Month-to-month,DSL,Electronic check,Yes,No,No,0,Yes,No,40.49,635.99,1,1,0,0
CUS-101876,32,Month-to-month,Fiber optic,Credit card,No,No,No,0,No,No,75.12,2456.6,0,1,0,0
CUS-101748,11,Month-to-month,Fiber optic,Electronic check,Yes,No,Yes,0,No,No,75.91,1162.32,3,1,0,0
CUS-106306,59,Month-to-month,No,Mailed check,Yes,Yes,No internet service,0,Yes,Yes,82.9,4907.03,5,2,0,1
CUS-100505,39,Month-to-month,Fiber optic,Electronic check,Yes,No,No internet service,1,No,No,59.98,2113.36,1,1,0,0
CUS-100415,9,One year,Fiber optic,Mailed check,Yes,No,No internet service,1,Yes,Yes,55.96,454.08,2,1,0,0
CUS-104988,13,Month-to-month,Fiber optic,Electronic check,Yes,Yes,No internet service,0,No,No,87.19,886.38,1,0,0,1
CUS-100272,5,Month-to-month,DSL,Bank transfer,No,No internet service,Yes,0,Yes,No,78.95,493.07,4,3,0,1
CUS-105694,35,Month-to-month,DSL,Electronic check,Yes,No internet service,No,0,No,No,21.28,723.57,0,1,0,0
CUS-101706,72,One year,Fiber optic,Electronic check,No,No,Yes,0,Yes,No,78.68,6059.67,2,3,1,0
CUS-102932,52,One year,No,Bank transfer,Yes,No internet service,No internet service,0,Yes,No,67.79,3721.69,2,1,0,0
CUS-105327,28,Two year,Fiber optic,Mailed check,Yes,Yes,Yes,0,No,Yes,90.46,2521.71,0,4,0,0
CUS-102795,29,Month-to-month,Fiber optic,Electronic check,Yes,Yes,No internet service,1,Yes,No,102.53,3151.08,3,1,0,0
CUS-106604,16,One year,DSL,Electronic check,Yes,No,No,0,Yes,No,73.84,1167.81,4,1,0,0
CUS-105850,27,One year,Fiber optic,Electronic check,No,No,No,0,No,No,77.4,2491.46,0,2,0,0
CUS-102413,46,One year,No,Credit card,No,No internet service,No,0,No,No,52.5,2793.01,2,2,0,0
CUS-100106,35,One year,No,Mailed check,No,Yes,Yes,0,No,No,50.71,1894.29,3,0,1,0
CUS-101344,9,Month-to-month,No,Credit card,No,No,No,0,Yes,No,47.03,474.92,1,0,0,0
CUS-106769,18,Two year,DSL,Bank transfer,No,No internet service,Yes,0,No,Yes,40.59,881.87,1,3,0,0
CUS-104195,14,Month-to-month,DSL,Electronic check,Yes,Yes,No,0,No,No,61.52,1053.94,4,0,0,0
CUS-105244,11,Month-to-month,Fiber optic,Mailed check,No,No,Yes,0,Yes,No,83.95,816.56,0,0,0,0
CUS-105556,51,Two year,Fiber optic,Mailed check,Yes,Yes,No internet service,0,Yes,No,99.2,5147.25,4,2,0,0
CUS-103206,46,Month-to-month,DSL,Mailed check,Yes,No,No,0,Yes,Yes,86.65,3965.75,5,0,0,1
CUS-100952,49,One year,Fiber optic,Bank transfer,No,No,Yes,0,Yes,No,108.17,5065.95,2,3,0,0
CUS-104604,43,Month-to-month,Fiber optic,Credit card,No,Yes,No,0,No,Yes,120.72,5135.42,5,2,0,1
CUS-102586,37,One year,No,Mailed check,Yes,No internet service,No,1,Yes,No,26.03,857.05,0,1,1,0
CUS-106997,25,Month-to-month,Fiber optic,Mailed check,Yes,Yes,Yes,0,No,No,120.73,3264.16,4,4,0,1
CUS-101504,35,Two year,Fiber optic,Electronic check,Yes,Yes,No,0,No,No,63.42,2201.43,1,1,0,0
CUS-103979,21,Month-to-month,Fiber optic,Electronic check,No,No internet service,No,1,Yes,Yes,80.08,1882.55,0,1,0,0
CUS-106960,4,Month-to-month,Fiber optic,Mailed check,Yes,No,No internet service,0,No,No,91.52,530.27,1,0,0,0
CUS-104796,47,Month-to-month,Fiber optic,Mailed check,Yes,Yes,No internet service,0,No,Yes,93.81,4065.78,5,4,1,0
CUS-102598,54,Month-to-month,DSL,Bank transfer,Yes,No,No internet service,0,Yes,No,41.19,2076.2,0,0,0,0
CUS-102115,31,Month-to-month,Fiber optic,Credit card,No,Yes,No,0,No,No,63.88,2312.55,3,1,0,0
CUS-101121,35,Two year,Fiber optic,Mailed check,Yes,No,No internet service,0,No,No,112.51,3868.67,4,5,1,0
CUS-103770,21,Month-to-month,Fiber optic,Credit card,Yes,No,No internet service,0,No,No,114.43,1313.25,2,3,0,1
CUS-105411,9,Month-to-month,DSL,Bank transfer,Yes,Yes,Yes,0,Yes,Yes,24.81,134.98,1,0,0,0
CUS-104966,16,One year,Fiber optic,Credit card,No,Yes,No internet service,1,No,Yes,94.24,1144.81,3,2,0,0
CUS-101024,19,Two year,Fiber optic,Electronic check,Yes,Yes,No,0,Yes,No,87.2,1786.76,1,2,1,0
CUS-106271,48,One year,No,Mailed check,Yes,Yes,Yes,0,Yes,No,36.56,1684.71,0,2,0,0
CUS-106041,13,Month-to-month,DSL,Mailed check,No,No internet service,No internet service,0,Yes,No,70.02,1213.98,2,0,0,0
CUS-105907,38,Month-to-month,No,Electronic check,Yes,Yes,Yes,1,No,No,49.87,1892.45,1,0,0,0
CUS-104377,53,Month-to-month,No,Credit card,Yes,Yes,No,0,No,No,34.75,1820.56,0,2,0,0
CUS-102351,24,Month-to-month,DSL,Mailed check,Yes,No,No internet service,0,Yes,No,37.03,666.52,0,1,0,0
CUS-100416,4,Month-to-month,DSL,Credit card,Yes,Yes,Yes,0,Yes,No,51.06,362.37,0,1,0,0
CUS-103166,43,One year,No,Bank transfer,Yes,No,Yes,0,No,No,77.1,3385.54,0,3,0,0
CUS-104118,40,Month-to-month,DSL,Electronic check,No,No,Yes,0,Yes,No,69.81,2538.1,2,1,0,0
CUS-105199,34,One year,No,Bank transfer,Yes,Yes,No internet service,0,No,No,55.24,1756.6,0,3,0,0
CUS-104333,17,Month-to-month,DSL,Credit card,Yes,Yes,No,0,Yes,No,52.54,665.94,1,2,1,0
CUS-100564,23,One year,Fiber optic,Credit card,Yes,Yes,No,1,Yes,Yes,87.22,1790.0,5,0,0,0
CUS-100478,35,One year,Fiber optic,Electronic check,No,No,No,0,No,Yes,97.79,3622.15,0,1,0,0
CUS-102955,37,Month-to-month,No,Bank transfer,Yes,Yes,No,0,No,No,77.86,2913.35,4,1,0,0
CUS-105100,13,One year,Fiber optic,Bank transfer,No,No internet service,No internet service,0,Yes,No,99.85,1239.39,5,3,0,1
CUS-101203,20,One year,DSL,Electronic check,No,No,No internet service,1,No,No,62.13,1441.03,5,5,0,0
CUS-101224,3,One year,Fiber optic,Electronic check,Yes,Yes,No,1,No,No,97.11,352.46,3,3,0,1
CUS-100142,35,Month-to-month,Fiber optic,Bank transfer,Yes,Yes,No internet service,0,No,No,95.36,3415.68,2,1,0,1
CUS-106599,14,Month-to-month,No,Credit card,No,No,No internet service,0,Yes,Yes,45.51,904.64,1,2,0,1
CUS-103927,43,Two year,Fiber optic,Mailed check,No,Yes,No,1,Yes,No,127.57,5954.89,3,2,1,0
CUS-102124,18,One year,Fiber optic,Credit card,No,No,No,0,Yes,No,82.38,1453.84,0,1,0,0
CUS-104196,31,Month-to-month,Fiber optic,Bank transfer,No,No internet service,Yes,1,No,No,121.64,3355.16,4,1,0,1
CUS-102245,4,One year,Fiber optic,Bank transfer,No,No,No,0,No,Yes,90.35,45.18,1,1,0,0
CUS-103011,45,One year,DSL,Mailed check,Yes,No internet service,No,0,Yes,No,42.5,1760.53,3,1,0,0
CUS-102957,20,Month-to-month,DSL,Bank transfer,Yes,No internet service,No internet service,0,No,No,63.99,1535.34,2,1,0,1
CUS-100605,31,Month-to-month,Fiber optic,Electronic check,No,No,No,0,No,No,101.39,2889.15,3,6,0,0
CUS-102004,24,Month-to-month,No,Bank transfer,Yes,No,No,0,Yes,No,75.25,1911.24,4,2,0,1
CUS-101194,52,Month-to-month,Fiber optic,Mailed check,Yes,Yes,Yes,0,No,No,100.09,4711.63,2,5,0,1
CUS-104769,23,Month-to-month,DSL,Mailed check,No,No,Yes,0,Yes,No,58.89,1286.04,3,0,0,0
CUS-102149,37,Month-to-month,No,Bank transfer,No,Yes,No,0,No,No,35.7,1335.18,0,1,1,0
CUS-102251,62,Month-to-month,Fiber optic,Electronic check,No,No,No,0,No,No,85.06,5532.66,1,0,0,0
CUS-104609,24,Month-to-month,Fiber optic,Credit card,Yes,No,No,0,Yes,No,90.53,2069.55,0,2,0,0
CUS-101756,28,One year,Fiber optic,Electronic check,Yes,No,No internet service,0,Yes,No,126.45,3307.05,5,3,1,1
CUS-100497,45,Month-to-month,No,Mailed check,Yes,Yes,No,0,Yes,Yes,45.11,2205.27,1,0,0,0
CUS-102317,23,Month-to-month,Fiber optic,Bank transfer,Yes,No,No,0,Yes,Yes,133.53,3946.83,4,5,0,1
CUS-104463,31,Month-to-month,Fiber optic,Bank transfer,Yes,No internet service,No,0,No,No,68.15,1877.32,0,3,1,0
CUS-106843,11,Two year,DSL,Bank transfer,Yes,No,No,0,No,No,44.38,369.1,1,0,0,0
CUS-105642,54,Month-to-month,No,Electronic check,No,No,No internet service,0,No,No,52.64,2741.63,1,0,0,1
CUS-103276,5,Month-to-month,Fiber optic,Electronic check,Yes,Yes,Yes,0,Yes,No,98.12,130.01,4,6,1,1
CUS-106163,21,Two year,DSL,Electronic check,Yes,No internet service,Yes,0,Yes,No,57.67,1182.69,2,0,0,0
CUS-100721,31,Month-to-month,DSL,Credit card,No,No,Yes,0,No,No,76.4,2421.64,1,4,0,0
CUS-104228,64,Two year,Fiber optic,Electronic check,Yes,No internet service,No,0,Yes,No,96.25,6237.03,2,4,0,0
CUS-101025,47,One year,No,Mailed check,Yes,Yes,No,1,Yes,Yes,34.05,1673.22,1,0,0,0
CUS-106496,64,Month-to-month,Fiber optic,Electronic check,Yes,No,Yes,1,Yes,No,80.56,5215.46,2,3,1,1
CUS-101295,14,Two year,Fiber optic,Mailed check,No,Yes,No internet service,0,Yes,Yes,84.36,1516.14,5,4,0,0
CUS-103480,14,Two year,Fiber optic,Electronic check,No,Yes,Yes,0,Yes,No,94.86,1327.58,2,3,1,0
CUS-101496,50,Two year,DSL,Electronic check,Yes,No internet service,Yes,1,No,No,75.56,3790.73,0,2,0,1
CUS-105670,12,Month-to-month,No,Mailed check,No,Yes,No,0,Yes,No,57.73,854.09,4,4,0,0
CUS-101520,34,Two year,DSL,Electronic check,Yes,No,Yes,0,Yes,Yes,73.14,2676.01,4,2,0,0
CUS-102164,17,One year,No,Credit card,Yes,Yes,No,0,No,Yes,39.42,1095.53,0,0,0,1
CUS-104102,11,Month-to-month,No,Electronic check,Yes,Yes,No internet service,0,Yes,Yes,49.1,255.69,0,1,0,0
CUS-106435,15,Month-to-month,No,Credit card,No,No internet service,No internet service,0,Yes,No,43.72,654.36,2,0,0,0
CUS-106581,67,Month-to-month,Fiber optic,Electronic check,No,No,No internet service,0,No,No,94.77,6183.91,5,4,0,1
CUS-102627,14,Month-to-month,Fiber optic,Credit card,Yes,Yes,No,0,Yes,No,62.76,927.02,2,0,0,0
CUS-106228,17,Month-to-month,DSL,Electronic check,No,No,No,0,No,Yes,94.97,1987.86,5,3,0,1
CUS-105087,49,Month-to-month,No,Bank transfer,No,No internet service,Yes,0,No,Yes,41.63,2002.52,2,1,0,0
CUS-105941,17,Two year,Fiber optic,Credit card,No,No,No,0,No,No,91.91,1270.29,1,1,0,0
CUS-105636,40,Two year,Fiber optic,Bank transfer,No,No internet service,No,1,Yes,No,110.71,4317.23,5,4,1,0
CUS-100108,36,One year,Fiber optic,Mailed check,Yes,No,No internet service,0,No,No,77.01,3037.46,1,1,0,0
CUS-101754,47,Month-to-month,DSL,Mailed check,Yes,No internet service,Yes,0,Yes,No,47.33,2345.97,5,0,0,0
CUS-106082,24,One year,DSL,Mailed check,Yes,No,No internet service,0,No,No,58.1,1654.99,2,1,0,0
CUS-101351,22,Month-to-month,No,Electronic check,No,No,No internet service,0,No,Yes,71.36,1771.81,4,2,1,0
CUS-106524,16,Two year,Fiber optic,Mailed check,No,No,Yes,1,No,Yes,105.76,1539.56,3,7,0,1
CUS-104789,25,Month-to-month,Fiber optic,Bank transfer,No,No,No,0,No,Yes,117.05,3120.9,3,7,1,1
CUS-103790,14,Month-to-month,DSL,Bank transfer,Yes,Yes,Yes,0,No,No,75.21,1251.01,1,2,0,1
CUS-101973,31,Month-to-month,Fiber optic,Credit card,No,No,No,0,Yes,No,83.3,3020.73,0,3,0,1
CUS-100336,23,One year,DSL,Electronic check,Yes,No,No,0,No,No,33.16,688.18,1,0,0,0
CUS-104909,65,Month-to-month,Fiber optic,Electronic check,No,No internet service,No,0,Yes,Yes,104.96,6909.41,2,3,0,0
CUS-104651,8,Month-to-month,DSL,Bank transfer,Yes,Yes,No,0,Yes,No,54.04,182.17,3,0,0,1
CUS-102268,31,Month-to-month,Fiber optic,Mailed check,Yes,Yes,No,0,No,No,73.08,2259.57,0,1,1,1
CUS-102543,20,Month-to-month,Fiber optic,Bank transfer,No,No internet service,No,1,No,No,133.73,2756.42,5,7,0,1
CUS-100724,35,One year,No,Bank transfer,Yes,No,Yes,0,No,Yes,82.1,2927.85,4,4,1,1
CUS-100765,44,One year,Fiber optic,Electronic check,Yes,No,Yes,0,Yes,No,56.05,2379.85,0,2,0,0
CUS-104603,8,One year,No,Bank transfer,Yes,No,No,0,No,Yes,76.52,573.69,4,2,0,0
CUS-103734,15,One year,Fiber optic,Mailed check,Yes,Yes,Yes,0,No,No,109.02,1589.43,5,5,0,0
CUS-100307,5,Month-to-month,Fiber optic,Mailed check,Yes,No,Yes,0,No,No,66.65,315.72,1,1,1,1
CUS-106103,18,Month-to-month,DSL,Electronic check,Yes,Yes,No,0,No,No,66.43,1341.54,3,2,0,1
CUS-105767,72,Month-to-month,DSL,Electronic check,Yes,No,No,0,No,Yes,40.67,2922.12,1,1,1,0
CUS-102865,13,Month-to-month,DSL,Bank transfer,No,No internet service,Yes,0,No,No,62.78,904.31,2,1,0,1
CUS-106707,20,One year,Fiber optic,Bank transfer,No,No,No internet service,0,No,No,96.33,1576.37,0,5,0,0
CUS-104384,72,Month-to-month,No,Electronic check,Yes,No,Yes,0,No,No,28.43,2083.26,0,0,0,0
CUS-106338,72,Month-to-month,No,Credit card,No,No,No,0,Yes,No,43.02,3197.92,3,2,1,0
CUS-101791,17,Month-to-month,DSL,Credit card,No,No internet service,Yes,1,No,No,72.57,891.94,3,0,0,0
CUS-103207,42,One year,DSL,Mailed check,No,No,No internet service,0,No,No,29.32,1214.65,0,0,0,0
CUS-104956,22,One year,DSL,Electronic check,Yes,No,No,0,Yes,Yes,51.9,1315.31,1,2,0,0
CUS-104912,6,One year,DSL,Mailed check,Yes,Yes,Yes,0,No,No,79.72,651.62,5,1,0,0
CUS-102053,22,Month-to-month,No,Electronic check,Yes,No internet service,No,0,Yes,No,65.56,1506.41,1,3,0,0
CUS-106074,26,Month-to-month,No,Mailed check,No,Yes,No,0,Yes,No,44.42,1074.29,1,1,0,0
CUS-100071,12,Two year,DSL,Electronic check,No,Yes,No,0,No,No,106.69,1441.13,5,2,0,0
CUS-102473,19,One year,No,Electronic check,Yes,No,Yes,0,No,No,41.14,735.68,1,0,0,0
CUS-106456,44,Month-to-month,Fiber optic,Electronic check,Yes,No,Yes,0,No,No,105.18,4529.65,3,1,0,1
CUS-101260,17,One year,Fiber optic,Credit card,No,No,Yes,0,No,No,83.43,1697.13,1,2,0,0
CUS-101666,10,Month-to-month,Fiber optic,Electronic check,Yes,Yes,No,0,No,No,90.78,320.04,0,0,0,1
CUS-103102,24,One year,No,Credit card,Yes,No,Yes,0,No,No,65.11,1571.93,2,2,0,0
CUS-104266,4,Month-to-month,DSL,Electronic check,No,No,No,0,No,Yes,39.71,19.86,2,0,0,0
CUS-103692,13,One year,DSL,Electronic check,Yes,Yes,Yes,1,No,Yes,76.61,826.54,5,2,0,0
CUS-104977,33,One year,No,Electronic check,No,No,No internet service,1,Yes,No,56.61,1945.77,1,0,0,0
CUS-106663,14,One year,No,Mailed check,Yes,No,No internet service,0,Yes,No,70.44,1300.85,2,2,0,0
CUS-101695,9,Month-to-month,Fiber optic,Bank transfer,Yes,No,No internet service,0,No,Yes,111.96,1146.41,5,4,0,1
CUS-101095,57,Two year,DSL,Bank transfer,No,No internet service,No,0,No,No,68.74,3784.52,4,0,0,0
CUS-103838,49,Month-to-month,DSL,Bank transfer,Yes,No,No,0,No,No,60.66,3024.0,1,1,1,1
CUS-103621,34,Month-to-month,Fiber optic,Mailed check,Yes,No internet service,No internet service,0,No,Yes,121.76,3899.84,3,3,0,1
CUS-105945,26,Month-to-month,DSL,Bank transfer,Yes,Yes,No,1,Yes,No,90.16,2240.31,4,2,0,1
CUS-101630,49,Month-to-month,No,Electronic check,Yes,No,No,0,Yes,Yes,68.41,3533.21,4,0,0,0
CUS-104043,21,Month-to-month,Fiber optic,Electronic check,No,Yes,No internet service,0,No,Yes,89.44,2143.28,2,3,0,1
CUS-101881,18,Month-to-month,DSL,Bank transfer,Yes,No internet service,Yes,1,No,Yes,71.39,1110.53,2,1,0,1
CUS-104679,6,Month-to-month,DSL,Credit card,No,No,Yes,0,Yes,Yes,60.93,213.21,2,2,0,0
CUS-101612,28,One year,Fiber optic,Bank transfer,Yes,No internet service,No internet service,0,Yes,No,84.89,1842.61,4,1,0,0
CUS-100978,72,Month-to-month,No,Mailed check,No,No,Yes,0,Yes,No,34.56,2595.61,0,2,0,0
CUS-103050,47,One year,No,Credit card,No,No,No,0,Yes,No,80.65,4342.14,3,2,0,0
CUS-104960,8,Month-to-month,Fiber optic,Bank transfer,No,No,No,0,Yes,No,76.7,700.33,5,1,1,0
CUS-102548,14,One year,Fiber optic,Electronic check,Yes,Yes,No,1,No,No,112.62,1004.86,2,3,0,0
CUS-100848,72,Month-to-month,Fiber optic,Electronic check,Yes,Yes,Yes,0,No,No,101.33,7351.69,0,1,0,1
CUS-103483,40,Month-to-month,DSL,Credit card,Yes,Yes,No internet service,0,No,No,30.11,1169.68,1,1,0,0
CUS-105718,9,One year,DSL,Bank transfer,Yes,No,No,0,No,No,83.38,547.46,5,0,0,1
CUS-106534,36,Two year,No,Bank transfer,Yes,No,No,1,No,No,62.5,1948.97,3,2,1,0
CUS-102131,12,Two year,DSL,Electronic check,No,No,No internet service,0,Yes,No,69.39,793.84,0,3,0,0
CUS-100047,7,One year,Fiber optic,Electronic check,No,No,No,1,Yes,No,126.04,417.96,5,3,0,1
CUS-103684,25,One year,Fiber optic,Credit card,No,No,No,0,Yes,No,114.78,3007.51,4,1,0,0
CUS-101350,18,Month-to-month,Fiber optic,Electronic check,Yes,Yes,No internet service,0,Yes,No,87.71,1815.48,3,0,0,0
CUS-104628,8,Two year,Fiber optic,Electronic check,No,Yes,No internet service,0,Yes,No,81.38,386.94,2,3,0,0
CUS-100446,56,One year,DSL,Electronic check,No,No internet service,No,1,Yes,No,70.42,3944.38,2,1,0,0
CUS-101743,32,Month-to-month,Fiber optic,Bank transfer,Yes,Yes,Yes,0,Yes,No,111.6,3673.66,0,4,1,1
CUS-104074,37,One year,Fiber optic,Electronic check,No,Yes,No,1,No,Yes,101.22,3688.08,4,2,0,1
CUS-102981,21,One year,Fiber optic,Bank transfer,Yes,No,No internet service,0,Yes,No,88.63,1617.41,1,0,0,0
CUS-105163,5,Two year,DSL,Bank transfer,No,No,No,0,Yes,No,47.39,446.38,0,1,0,0
CUS-103985,8,Month-to-month,Fiber optic,Bank transfer,Yes,No,No internet service,0,No,Yes,95.15,876.36,1,1,0,1
CUS-105270,51,One year,DSL,Credit card,No,Yes,Yes,0,No,No,39.41,1933.16,1,1,0,0
CUS-104898,34,Two year,DSL,Mailed check,Yes,Yes,Yes,1,No,No,73.61,2511.58,5,1,0,0
CUS-101294,18,Two year,DSL,Credit card,No,Yes,No internet service,1,Yes,No,50.88,769.33,3,2,0,0
CUS-102939,37,Month-to-month,Fiber optic,Electronic check,No,No internet service,No,0,Yes,No,69.76,2631.97,0,0,0,1
CUS-103783,6,Two year,DSL,Electronic check,Yes,No,No,0,Yes,Yes,55.56,203.44,1,2,1,0
CUS-106535,43,One year,DSL,Electronic check,No,Yes,No internet service,0,Yes,No,46.74,1937.71,0,0,0,0
CUS-104994,50,One year,No,Electronic check,Yes,No internet service,No,0,No,No,64.04,3631.0,4,2,0,0
CUS-104165,60,One year,DSL,Mailed check,No,Yes,No,0,Yes,Yes,110.62,6946.16,5,3,0,1
CUS-101112,5,Month-to-month,DSL,Electronic check,Yes,No,No,0,Yes,No,47.36,423.14,3,0,0,0
CUS-100776,9,Two year,Fiber optic,Electronic check,Yes,No internet service,No internet service,0,Yes,Yes,114.56,532.56,4,2,0,0
CUS-106613,50,Month-to-month,Fiber optic,Credit card,Yes,No,No,0,No,Yes,116.88,5499.23,5,4,1,1
CUS-104746,17,Month-to-month,DSL,Electronic check,No,Yes,No internet service,0,Yes,No,65.38,979.77,2,1,0,1
CUS-102906,9,Month-to-month,Fiber optic,Mailed check,No,No,Yes,0,Yes,Yes,63.97,244.39,1,5,0,0
CUS-106942,9,Month-to-month,Fiber optic,Electronic check,Yes,No,No,0,No,Yes,85.9,742.07,3,2,0,1
CUS-103803,44,Month-to-month,Fiber optic,Mailed check,No,Yes,No internet service,1,No,No,79.49,3504.91,0,1,0,1
CUS-104439,31,Month-to-month,DSL,Credit card,Yes,No,No,0,Yes,No,55.67,1818.54,3,1,0,0
CUS-101851,40,Month-to-month,No,Electronic check,Yes,Yes,No,0,Yes,No,90.0,3184.88,0,3,0,0
CUS-101963,58,Month-to-month,DSL,Bank transfer,Yes,No,No internet service,0,No,No,45.22,2825.95,0,2,0,1
CUS-104908,3,Month-to-month,Fiber optic,Credit card,No,No internet service,No,1,Yes,Yes,91.14,108.65,0,2,0,1
CUS-103881,7,Two year,No,Bank transfer,Yes,No,Yes,0,No,Yes,23.95,106.45,0,0,0,0
CUS-104329,7,Month-to-month,No,Bank transfer,No,No internet service,No,0,No,No,74.06,496.45,4,3,1,1
CUS-100485,20,Month-to-month,No,Bank transfer,Yes,Yes,Yes,0,No,No,33.31,655.22,0,0,0,0
CUS-105879,25,Month-to-month,Fiber optic,Credit card,Yes,No,No,0,No,Yes,95.04,2477.27,1,2,0,1
CUS-106161,46,One year,DSL,Mailed check,Yes,No,No internet service,0,No,No,35.97,1618.82,1,1,0,0
CUS-100030,28,Month-to-month,Fiber optic,Credit card,Yes,Yes,No,0,Yes,No,100.94,2450.23,5,3,1,1
CUS-101879,72,One year,DSL,Electronic check,Yes,No,No,1,Yes,No,46.77,3348.88,0,0,0,0
CUS-102283,22,One year,Fiber optic,Credit card,No,No internet service,No,1,Yes,No,113.72,2247.18,4,3,1,0
CUS-104144,72,One year,DSL,Bank transfer,No,Yes,No,0,No,No,66.0,4693.14,2,2,1,1
CUS-103213,43,Month-to-month,Fiber optic,Bank transfer,No,No,No,0,No,No,109.66,4951.76,5,5,0,0
CUS-104503,11,Month-to-month,No,Credit card,No,No,No,0,No,Yes,63.36,974.45,4,1,0,0
CUS-104771,5,Month-to-month,Fiber optic,Bank transfer,Yes,No,No,0,Yes,No,65.88,375.78,0,1,0,1
CUS-103408,19,Two year,No,Bank transfer,No,No,No,1,Yes,Yes,41.09,722.32,1,1,0,0
CUS-100636,63,Month-to-month,DSL,Bank transfer,Yes,No,No,1,No,Yes,54.15,3558.77,3,1,0,0
CUS-105448,52,Month-to-month,DSL,Bank transfer,Yes,No,Yes,1,Yes,Yes,63.2,3374.98,0,0,0,0
CUS-102348,45,One year,Fiber optic,Electronic check,Yes,No,No,0,Yes,Yes,98.65,5022.37,5,0,0,0
CUS-101083,72,Two year,Fiber optic,Electronic check,No,Yes,No internet service,1,Yes,No,90.45,6651.14,4,1,0,0
CUS-100861,24,Month-to-month,DSL,Credit card,Yes,No,No internet service,0,No,No,71.53,1858.75,4,1,1,1
CUS-103080,49,Month-to-month,No,Mailed check,Yes,Yes,No,0,No,Yes,51.54,2434.63,3,0,0,0
CUS-100903,46,Month-to-month,Fiber optic,Electronic check,Yes,No,No,0,Yes,No,100.64,4908.16,3,3,0,1
CUS-106554,14,Month-to-month,DSL,Mailed check,Yes,No,No,0,No,No,51.1,383.44,1,0,0,0
CUS-100109,22,One year,Fiber optic,Bank transfer,Yes,Yes,No,0,Yes,Yes,129.09,3499.53,5,5,0,1
CUS-106732,24,Month-to-month,Fiber optic,Credit card,Yes,No,No,0,No,No,133.76,3683.66,3,3,0,1
CUS-105040,30,Month-to-month,No,Bank transfer,Yes,No,No,1,Yes,Yes,69.24,2028.73,3,3,0,1
CUS-104837,26,One year,Fiber optic,Mailed check,No,Yes,No,0,Yes,Yes,101.51,3142.39,0,0,0,0
CUS-106077,22,Month-to-month,DSL,Credit card,Yes,Yes,No,0,No,No,68.18,1497.78,0,2,0,1
CUS-105875,10,Month-to-month,Fiber optic,Electronic check,Yes,No internet service,Yes,1,Yes,Yes,96.9,1022.29,4,2,0,0
CUS-106646,8,Two year,DSL,Electronic check,No,Yes,Yes,1,No,Yes,59.51,603.42,0,2,0,0
CUS-103822,13,Month-to-month,No,Electronic check,Yes,No,No,0,No,No,77.02,1300.71,4,1,0,0
CUS-101831,23,Month-to-month,Fiber optic,Credit card,No,No,Yes,0,No,No,86.63,1684.48,0,3,0,0
CUS-105853,8,Two year,No,Bank transfer,Yes,No,No internet service,0,No,No,59.35,462.88,3,0,0,0
CUS-100782,8,Month-to-month,DSL,Electronic check,Yes,No,Yes,1,No,Yes,42.21,292.51,0,2,0,0
CUS-106835,26,One year,DSL,Mailed check,Yes,No,No,1,No,No,49.88,1443.49,2,1,1,0
CUS-103295,51,Two year,Fiber optic,Bank transfer,Yes,No internet service,No internet service,0,No,No,111.98,5806.21,4,1,0,0
CUS-102753,22,One year,Fiber optic,Electronic check,No,No internet service,No,0,Yes,No,72.81,1683.8,0,2,1,1
CUS-104810,16,Two year,Fiber optic,Electronic check,No,Yes,No,1,Yes,No,105.94,1613.94,5,2,0,0
CUS-101825,26,Two year,Fiber optic,Bank transfer,No,No,No internet service,0,No,No,105.88,2502.72,1,2,0,0
CUS-101094,43,One year,Fiber optic,Credit card,Yes,No,No,0,Yes,Yes,106.08,4383.13,4,0,0,0
CUS-104896,37,Two year,DSL,Bank transfer,No,Yes,Yes,0,No,No,84.65,2876.96,2,5,0,0
CUS-106923,24,Month-to-month,Fiber optic,Bank transfer,Yes,No,No,0,Yes,Yes,87.64,2525.84,2,2,0,0
CUS-102588,9,Month-to-month,No,Electronic check,No,No,Yes,0,No,No,70.77,1141.92,2,1,1,0
CUS-105903,48,Month-to-month,DSL,Electronic check,Yes,Yes,No,0,Yes,No,96.53,5334.65,5,5,0,1
CUS-102550,19,Month-to-month,Fiber optic,Bank transfer,No,Yes,No,1,Yes,No,120.46,1610.68,5,4,0,1
CUS-105894,20,Two year,Fiber optic,Electronic check,No,No,Yes,0,Yes,Yes,97.32,2236.86,4,3,0,0
CUS-101654,20,Month-to-month,Fiber optic,Bank transfer,No,No,Yes,1,Yes,Yes,71.51,1743.76,1,1,1,0
CUS-105728,72,One year,Fiber optic,Bank transfer,No,No internet service,No,1,Yes,No,127.41,9561.05,5,6,1,1
CUS-105354,17,One year,Fiber optic,Electronic check,Yes,No,No,1,Yes,No,103.7,1701.07,4,2,0,1
CUS-102328,33,Month-to-month,Fiber optic,Electronic check,No,No,No,0,No,No,89.6,3058.0,1,3,0,1
CUS-103785,41,Month-to-month,DSL,Credit card,Yes,No internet service,No internet service,1,No,No,28.39,1102.07,0,0,0,0
CUS-104539,35,Two year,DSL,Electronic check,Yes,No,No internet service,0,No,No,55.95,1900.97,3,0,0,0
CUS-103210,25,Two year,Fiber optic,Electronic check,Yes,No,No internet service,1,No,No,112.92,2937.03,4,2,0,0
CUS-104355,25,Month-to-month,DSL,Mailed check,No,No,No,0,No,No,70.67,1682.42,5,1,0,0
CUS-103922,7,Month-to-month,DSL,Bank transfer,Yes,Yes,No,0,No,No,57.76,418.53,1,3,0,1
CUS-103852,34,Month-to-month,Fiber optic,Bank transfer,No,No,No,0,No,Yes,93.82,3629.58,0,2,0,0
CUS-106947,72,One year,Fiber optic,Credit card,No,No,No internet service,0,Yes,Yes,103.05,6936.05,1,2,0,0
CUS-105665,34,Two year,No,Mailed check,No,Yes,No,0,Yes,No,68.71,2270.53,5,3,1,0
CUS-101204,11,Month-to-month,Fiber optic,Electronic check,Yes,No internet service,No internet service,0,No,No,91.13,1121.4,5,2,0,1
CUS-102617,42,Two year,Fiber optic,Bank transfer,No,No internet service,Yes,0,Yes,No,85.52,2959.23,1,1,0,0
CUS-103248,50,Month-to-month,No,Credit card,Yes,No,Yes,0,Yes,No,51.96,2402.79,2,2,0,0
CUS-105389,39,Month-to-month,No,Bank transfer,No,No internet service,Yes,0,No,No,55.13,2158.18,1,1,0,0
CUS-105873,24,Two year,Fiber optic,Bank transfer,Yes,No,No,0,Yes,No,101.47,2116.53,2,0,0,0
CUS-106961,57,Month-to-month,No,Bank transfer,Yes,No internet service,Yes,0,No,No,55.44,3190.87,5,1,0,0
CUS-101770,35,One year,DSL,Credit card,No,No internet service,No internet service,0,No,No,74.8,2687.25,5,1,0,0
CUS-100829,30,Two year,DSL,Electronic check,No,No,Yes,0,Yes,Yes,44.38,1301.09,2,1,0,0
CUS-103428,18,One year,DSL,Bank transfer,No,No,No,1,Yes,No,48.68,636.64,1,4,0,0
CUS-102431,15,Month-to-month,No,Electronic check,Yes,No internet service,No,0,No,No,48.07,845.48,0,0,0,0
CUS-100627,31,Month-to-month,Fiber optic,Mailed check,No,No,No internet service,1,No,No,98.31,3810.7,3,4,0,0
CUS-104098,9,One year,Fiber optic,Bank transfer,No,No internet service,No,0,Yes,Yes,100.97,901.0,1,2,0,1
CUS-100925,49,One year,DSL,Bank transfer,Yes,Yes,No,1,No,No,78.31,3797.07,5,1,0,0
CUS-100295,9,One year,Fiber optic,Credit card,Yes,No,No,1,No,Yes,86.38,718.7,4,3,0,0
CUS-101052,13,Month-to-month,DSL,Electronic check,Yes,No,No,0,Yes,No,55.64,965.8,2,0,0,0
CUS-102571,11,One year,DSL,Electronic check,Yes,No,No,0,No,No,57.73,816.21,2,2,0,1
CUS-103518,20,Two year,No,Bank transfer,No,No internet service,Yes,1,Yes,Yes,75.86,1579.78,1,1,1,0
CUS-102215,29,Month-to-month,DSL,Electronic check,No,No internet service,No,0,Yes,No,57.98,1546.38,3,1,0,0
CUS-100944,51,Month-to-month,DSL,Mailed check,No,No internet service,No,0,Yes,No,64.05,3145.31,3,1,0,0
CUS-105563,20,Month-to-month,Fiber optic,Bank transfer,Yes,No internet service,No,0,Yes,No,77.2,1878.58,4,6,1,1
CUS-105802,15,Month-to-month,No,Mailed check,No,No internet service,No,0,No,No,73.01,948.32,5,1,0,0
CUS-100012,36,Month-to-month,Fiber optic,Bank transfer,Yes,No,No internet service,1,No,No,121.88,3657.27,5,4,1,1
CUS-101117,31,Month-to-month,DSL,Electronic check,No,Yes,No,0,No,Yes,70.23,2375.16,4,2,0,0
CUS-105090,41,Month-to-month,No,Electronic check,Yes,No,Yes,0,Yes,No,41.44,1830.64,1,0,0,0
CUS-102706,6,Month-to-month,No,Credit card,No,No internet service,Yes,0,Yes,No,100.93,456.13,4,2,0,1
CUS-102966,4,One year,Fiber optic,Bank transfer,Yes,No internet service,No,0,No,No,91.07,198.41,1,4,0,1
CUS-104441,17,Two year,No,Electronic check,No,Yes,Yes,0,No,No,68.36,1094.78,4,0,0,0
CUS-101319,7,Month-to-month,Fiber optic,Bank transfer,Yes,No,Yes,0,Yes,Yes,97.92,294.65,0,0,0,0
CUS-106499,9,Month-to-month,DSL,Credit card,Yes,No internet service,Yes,0,Yes,No,57.69,643.57,0,2,0,0
CUS-106841,72,Month-to-month,DSL,Credit card,No,No internet service,No,0,No,No,55.4,3989.35,1,1,0,0
CUS-106398,20,Month-to-month,Fiber optic,Credit card,Yes,No,No,0,Yes,Yes,91.38,1451.34,4,1,0,0
CUS-102771,69,One year,Fiber optic,Credit card,Yes,No internet service,Yes,0,No,Yes,86.09,6336.86,3,6,1,0
CUS-106028,72,Month-to-month,Fiber optic,Credit card,Yes,No,No,1,Yes,Yes,87.18,5790.1,5,4,0,0
CUS-104216,29,Month-to-month,DSL,Mailed check,Yes,No,No,0,Yes,No,82.34,2347.08,3,0,0,1
CUS-100653,1,Month-to-month,Fiber optic,Electronic check,Yes,No,Yes,0,No,No,90.18,179.66,5,3,0,0
CUS-102457,30,Month-to-month,Fiber optic,Bank transfer,No,Yes,Yes,0,No,No,96.99,2497.98,4,2,0,0
CUS-103473,9,Month-to-month,DSL,Bank transfer,Yes,No,No internet service,0,Yes,Yes,93.58,631.98,5,4,0,0
CUS-105702,15,One year,No,Mailed check,No,Yes,Yes,0,Yes,No,30.63,632.25,3,1,0,0
CUS-105212,60,Month-to-month,Fiber optic,Bank transfer,No,No,No internet service,0,Yes,Yes,74.23,4098.77,0,1,0,1
CUS-106828,33,Month-to-month,No,Electronic check,No,No,Yes,0,No,No,74.96,2504.32,5,3,0,0
CUS-103939,5,Month-to-month,DSL,Electronic check,No,Yes,No,0,Yes,No,69.45,596.19,1,3,0,1
CUS-103918,42,Month-to-month,No,Electronic check,Yes,No,No,0,No,No,22.79,1056.64,0,0,0,1
CUS-105093,2,Two year,Fiber optic,Mailed check,No,Yes,No,0,No,No,78.84,129.12,5,0,0,0
CUS-102303,42,Month-to-month,Fiber optic,Electronic check,Yes,No internet service,Yes,1,Yes,Yes,88.4,3867.88,2,3,0,1
CUS-106260,8,Two year,Fiber optic,Electronic check,Yes,Yes,No,0,No,No,112.19,613.06,3,1,0,0
CUS-100570,25,Month-to-month,DSL,Credit card,Yes,No internet service,No internet service,1,Yes,Yes,64.02,1649.88,2,0,0,1
CUS-101448,29,Two year,Fiber optic,Electronic check,Yes,No,No,0,No,No,102.05,3126.16,3,1,1,0
CUS-104863,28,Month-to-month,DSL,Mailed check,Yes,Yes,No,1,No,Yes,45.09,1218.56,2,1,0,0
CUS-105996,24,Month-to-month,Fiber optic,Electronic check,Yes,No internet service,No internet service,1,Yes,No,122.15,2819.85,0,2,1,0
CUS-101745,25,Month-to-month,No,Electronic check,Yes,Yes,Yes,0,No,No,18.0,572.79,0,1,0,1
CUS-103393,30,One year,DSL,Bank transfer,Yes,No internet service,No,0,Yes,No,58.75,1869.25,1,1,1,0
CUS-105481,54,One year,No,Mailed check,Yes,No,Yes,0,Yes,Yes,38.37,1796.38,2,0,0,0
CUS-100287,36,Month-to-month,No,Electronic check,No,No,No,0,No,No,58.72,2322.01,4,1,0,0
CUS-101738,28,One year,No,Credit card,Yes,No,Yes,0,No,No,74.13,2032.77,2,1,0,0
CUS-104369,27,Month-to-month,Fiber optic,Credit card,Yes,No internet service,No,0,No,Yes,100.54,3014.3,5,4,0,0
CUS-104093,34,One year,No,Credit card,Yes,Yes,No,0,Yes,No,60.22,1977.19,0,1,0,0
CUS-102707,10,One year,DSL,Bank transfer,No,No,No,1,No,Yes,53.54,664.31,1,1,0,0
CUS-103781,10,One year,Fiber optic,Bank transfer,Yes,Yes,No,0,Yes,No,67.18,542.57,0,2,0,0
CUS-104160,16,One year,DSL,Bank transfer,Yes,Yes,No internet service,0,Yes,No,79.16,1161.33,4,1,0,0
CUS-103877,8,Month-to-month,DSL,Mailed check,Yes,Yes,Yes,0,No,No,83.11,664.48,5,5,0,1
CUS-103968,29,Month-to-month,DSL,Electronic check,No,No,Yes,0,Yes,No,41.92,1346.47,1,0,0,1
CUS-101684,37,Month-to-month,Fiber optic,Bank transfer,Yes,No,No,0,No,No,105.05,3536.76,4,3,1,0
CUS-105624,59,Month-to-month,Fiber optic,Electronic check,No,No internet service,Yes,0,Yes,No,107.06,6349.93,2,2,0,0
CUS-101338,9,Month-to-month,No,Mailed check,Yes,No internet service,Yes,0,Yes,No,46.32,479.55,1,2,0,0
CUS-106224,24,Month-to-month,DSL,Bank transfer,No,Yes,Yes,0,Yes,No,57.23,1393.55,4,1,0,1
CUS-106810,54,Month-to-month,No,Credit card,No,Yes,No,0,No,No,81.36,4531.01,5,4,0,0
CUS-105296,2,One year,Fiber optic,Mailed check,Yes,Yes,No,0,No,No,99.19,277.57,5,3,0,0
CUS-104477,62,One year,No,Mailed check,Yes,Yes,Yes,0,Yes,No,66.75,4314.68,2,1,0,0
CUS-102258,11,One year,DSL,Mailed check,Yes,Yes,No,0,Yes,Yes,20.31,259.83,0,0,0,0
CUS-106117,2,Month-to-month,Fiber optic,Credit card,Yes,Yes,Yes,0,Yes,No,90.0,45.0,3,2,0,1
CUS-104617,10,Month-to-month,Fiber optic,Bank transfer,No,No,No,0,No,No,105.77,1104.69,4,4,1,1
CUS-106203,39,Two year,DSL,Electronic check,Yes,No internet service,Yes,0,Yes,No,33.88,1375.51,1,1,0,0
CUS-102470,30,One year,No,Credit card,Yes,No internet service,Yes,0,Yes,No,70.73,2320.29,5,0,1,0
CUS-105419,51,One year,DSL,Mailed check,Yes,No,No internet service,0,Yes,Yes,68.85,3284.58,2,6,0,0
CUS-101564,13,Month-to-month,DSL,Mailed check,Yes,No,No,0,No,Yes,45.04,650.42,0,1,0,0
CUS-106157,19,Two year,Fiber optic,Electronic check,Yes,Yes,No,0,Yes,No,87.13,1758.47,0,1,0,0
CUS-103608,34,Month-to-month,DSL,Electronic check,No,No,No,0,Yes,No,61.14,2034.59,1,0,0,1
CUS-104453,47,Two year,Fiber optic,Credit card,No,No,No,1,Yes,Yes,135.05,6455.58,5,9,0,0
CUS-102185,24,One year,Fiber optic,Mailed check,No,No,No internet service,0,No,No,114.89,2724.46,3,5,0,0
CUS-106653,28,Month-to-month,DSL,Electronic check,No,No internet service,No,0,Yes,Yes,56.99,1600.18,2,0,0,0
CUS-101231,29,Month-to-month,Fiber optic,Mailed check,No,No internet service,Yes,1,Yes,Yes,108.06,3163.85,5,4,0,1
CUS-105374,8,Two year,Fiber optic,Electronic check,No,No,No,0,Yes,No,85.26,222.14,5,1,1,0
CUS-101258,33,Month-to-month,DSL,Bank transfer,Yes,Yes,No,0,Yes,No,94.96,3666.38,4,1,0,1
CUS-102254,32,Month-to-month,No,Bank transfer,Yes,No,No internet service,0,Yes,No,73.96,2429.85,3,3,0,1
CUS-101951,35,Month-to-month,Fiber optic,Electronic check,Yes,No,No,0,No,No,120.33,4219.97,4,3,1,1
CUS-106501,29,Two year,Fiber optic,Credit card,No,No,Yes,1,Yes,No,90.25,2556.97,3,1,0,0
CUS-100113,72,One year,No,Electronic check,Yes,No,No internet service,0,Yes,No,49.72,3726.8,1,1,0,0
CUS-105937,18,Month-to-month,No,Bank transfer,No,No,Yes,1,No,Yes,56.95,914.93,1,2,0,0
CUS-106088,13,Month-to-month,Fiber optic,Credit card,Yes,No internet service,Yes,0,No,Yes,118.91,872.41,5,0,0,1
CUS-106697,53,Month-to-month,DSL,Credit card,Yes,Yes,No,0,No,No,76.27,4217.76,2,2,0,0
CUS-100507,8,Month-to-month,No,Electronic check,No,No,No,0,No,No,39.0,385.53,5,0,0,0
CUS-106859,14,Month-to-month,Fiber optic,Credit card,No,No,No,0,No,No,101.17,1961.69,5,2,0,1
CUS-105110,21,Month-to-month,No,Bank transfer,Yes,No,No,0,Yes,No,43.55,906.03,1,0,0,0
CUS-105700,13,Month-to-month,Fiber optic,Electronic check,Yes,Yes,Yes,0,Yes,Yes,90.78,892.39,4,0,0,1
CUS-103825,6,Month-to-month,Fiber optic,Electronic check,Yes,No,No internet service,1,Yes,No,83.15,553.1,3,1,0,0
CUS-103362,13,Month-to-month,Fiber optic,Mailed check,Yes,Yes,Yes,1,No,No,109.05,1207.94,3,0,0,0
CUS-104047,65,Two year,DSL,Bank transfer,Yes,No,No internet service,0,No,Yes,70.99,4487.34,3,3,0,0
CUS-100350,47,Month-to-month,No,Credit card,No,No,No,1,No,Yes,77.97,3963.84,4,3,0,0
CUS-104119,33,Month-to-month,DSL,Electronic check,Yes,No,No,0,Yes,No,63.19,2048.44,5,3,1,0
CUS-106404,3,One year,Fiber optic,Electronic check,Yes,No,No,0,No,No,108.17,54.08,5,5,0,1
CUS-103710,6,Month-to-month,Fiber optic,Mailed check,Yes,Yes,No,0,Yes,No,134.52,925.28,1,1,0,1
CUS-101114,10,Month-to-month,DSL,Bank transfer,Yes,No,No,1,No,No,51.26,446.68,1,0,0,0
CUS-105654,36,Two year,No,Credit card,No,Yes,Yes,0,No,Yes,78.14,3106.35,4,1,0,0
CUS-100298,72,Month-to-month,DSL,Electronic check,Yes,No,Yes,1,No,No,102.06,7384.36,5,3,1,0
CUS-103279,22,Month-to-month,Fiber optic,Bank transfer,No,No,No,0,Yes,No,103.8,1680.2,5,4,0,1
CUS-105550,72,Month-to-month,Fiber optic,Mailed check,Yes,No,No,0,Yes,No,88.5,6355.92,0,2,0,0
CUS-104527,63,One year,Fiber optic,Credit card,Yes,No,No internet service,0,No,Yes,111.51,7045.87,5,7,0,0
CUS-105326,36,Month-to-month,DSL,Mailed check,No,Yes,Yes,0,Yes,No,63.35,2220.67,4,0,0,0
CUS-105709,9,Month-to-month,DSL,Electronic check,Yes,No,No internet service,0,Yes,Yes,38.19,352.98,2,0,0,0
CUS-106742,28,One year,DSL,Electronic check,Yes,Yes,Yes,0,Yes,No,61.82,1808.21,4,4,0,0
CUS-100229,26,One year,DSL,Credit card,Yes,No,No,0,Yes,No,94.16,2360.12,4,2,0,0
CUS-103617,33,One year,DSL,Credit card,Yes,No,No,1,Yes,Yes,60.29,2219.25,2,0,0,0
CUS-104280,16,Month-to-month,No,Electronic check,No,No internet service,No internet service,0,No,No,65.21,1210.19,3,0,0,0
CUS-105394,6,Month-to-month,No,Mailed check,Yes,No,No,0,Yes,No,71.46,160.78,4,0,1,0
CUS-106916,38,One year,DSL,Credit card,No,No,Yes,1,Yes,Yes,58.73,1927.14,0,1,0,0
CUS-106842,56,Month-to-month,No,Electronic check,Yes,No internet service,Yes,0,No,Yes,79.26,4670.48,4,2,0,1
CUS-102103,23,Month-to-month,No,Bank transfer,Yes,No,No internet service,0,Yes,No,55.67,1141.82,1,0,0,0
CUS-105500,42,One year,No,Bank transfer,No,No internet service,Yes,1,Yes,No,46.34,1973.28,4,1,0,1
CUS-102646,35,One year,Fiber optic,Credit card,Yes,No internet service,No,0,Yes,Yes,115.88,3780.24,4,4,0,1
CUS-103739,28,Month-to-month,Fiber optic,Electronic check,Yes,Yes,No,0,No,No,109.66,4045.31,4,3,0,1
CUS-104664,27,Month-to-month,No,Electronic check,No,No,Yes,0,Yes,No,62.14,1821.23,3,1,0,1
CUS-101614,47,Month-to-month,No,Bank transfer,No,No,No,0,Yes,No,56.44,2492.13,2,2,0,1
CUS-100607,14,One year,DSL,Credit card,No,No,Yes,0,No,No,74.36,1166.29,5,2,1,1
CUS-106090,11,Two year,DSL,Electronic check,Yes,No,No,1,Yes,Yes,40.46,523.05,1,2,0,0
CUS-101093,38,Month-to-month,DSL,Bank transfer,No,Yes,No internet service,0,No,No,31.46,1131.74,0,1,0,0
CUS-105663,64,Month-to-month,DSL,Credit card,No,No,Yes,0,Yes,No,56.62,3977.65,1,1,1,0
CUS-106876,37,Two year,DSL,Bank transfer,Yes,No,No,0,Yes,Yes,44.65,1636.29,3,1,0,0
CUS-106642,9,Month-to-month,Fiber optic,Credit card,Yes,No,Yes,0,Yes,No,134.16,1375.23,4,3,0,1
CUS-100203,20,Two year,Fiber optic,Credit card,No,No internet service,No,0,Yes,No,123.83,2534.73,5,3,0,0
CUS-103164,72,Month-to-month,Fiber optic,Bank transfer,Yes,Yes,No internet service,0,Yes,No,54.79,4149.18,0,1,1,0
CUS-103909,10,One year,Fiber optic,Bank transfer,Yes,No,No internet service,0,No,No,102.42,1381.23,2,1,0,0
CUS-100837,15,Two year,DSL,Electronic check,No,No,No,1,Yes,Yes,57.18,1012.98,2,4,0,0
CUS-105833,26,Month-to-month,DSL,Electronic check,Yes,No,No,0,No,No,47.04,1258.7,1,0,0,0
CUS-101230,60,One year,DSL,Mailed check,Yes,No,No internet service,0,No,Yes,73.08,4193.93,4,1,1,0
CUS-105303,15,Two year,Fiber optic,Mailed check,No,No,Yes,0,No,Yes,68.87,1053.25,2,1,0,0
CUS-101609,30,Month-to-month,Fiber optic,Bank transfer,No,No,No,1,No,Yes,126.49,3772.08,3,3,0,1
CUS-105701,55,One year,DSL,Electronic check,No,Yes,No,0,No,Yes,94.53,4911.43,5,3,0,0
CUS-104104,14,One year,No,Credit card,No,Yes,Yes,1,Yes,No,27.63,315.84,2,3,1,0
CUS-106753,23,Month-to-month,DSL,Credit card,Yes,Yes,No internet service,0,No,No,79.97,1662.83,4,2,0,0
CUS-104241,66,Two year,Fiber optic,Credit card,Yes,No,Yes,1,No,No,94.1,6004.25,2,5,0,0
CUS-105365,72,Month-to-month,DSL,Credit card,Yes,No,No,0,Yes,Yes,49.47,3516.48,1,1,0,0
CUS-103758,40,Month-to-month,No,Bank transfer,Yes,No,Yes,0,Yes,No,43.54,1805.39,2,0,0,0
CUS-105123,19,One year,DSL,Credit card,No,No internet service,No internet service,0,No,No,46.07,854.62,5,0,0,0
CUS-105331,11,Two year,No,Bank transfer,Yes,No internet service,No internet service,1,Yes,Yes,49.68,492.0,1,0,0,0
CUS-102412,24,Two year,Fiber optic,Mailed check,Yes,No,No,0,No,No,90.61,2088.57,5,3,1,0
CUS-102917,39,Month-to-month,DSL,Credit card,No,No internet service,No internet service,0,Yes,No,49.66,2031.85,1,2,0,1
CUS-100657,33,Month-to-month,DSL,Electronic check,Yes,Yes,No internet service,0,No,Yes,70.83,2648.33,5,0,0,0
CUS-100790,7,Two year,Fiber optic,Mailed check,Yes,No,No,1,No,No,92.94,553.66,2,1,0,0
CUS-105162,17,Two year,DSL,Electronic check,Yes,Yes,No internet service,0,No,No,32.15,580.73,2,0,0,0
CUS-104233,24,Two year,Fiber optic,Credit card,No,No,No,0,Yes,Yes,102.81,3141.45,3,1,1,0
CUS-101359,4,Month-to-month,Fiber optic,Bank transfer,No,No,No internet service,0,No,No,111.02,553.41,4,3,0,1
CUS-105202,40,Month-to-month,Fiber optic,Credit card,Yes,No,Yes,0,No,Yes,72.27,2956.43,0,4,0,0
CUS-102347,15,One year,Fiber optic,Mailed check,Yes,No internet service,No internet service,1,Yes,No,102.04,1084.44,3,3,0,0
CUS-104733,39,One year,No,Mailed check,Yes,No,Yes,0,Yes,Yes,57.1,2164.88,1,0,0,0
CUS-103841,52,One year,No,Electronic check,No,No,Yes,0,No,No,58.54,3155.9,3,1,0,0
CUS-106312,21,Two year,DSL,Bank transfer,Yes,No,No internet service,0,Yes,Yes,54.6,1104.61,1,0,0,0
CUS-106109,59,Month-to-month,DSL,Electronic check,No,No internet service,Yes,0,No,No,56.43,3238.49,4,3,0,0
CUS-105538,70,Month-to-month,Fiber optic,Bank transfer,No,No,No internet service,0,No,No,73.67,5242.36,3,3,0,0
CUS-105614,18,Two year,Fiber optic,Electronic check,Yes,No,No,0,No,Yes,76.08,1552.5,4,0,0,0
CUS-105936,22,Two year,Fiber optic,Electronic check,Yes,Yes,No,0,No,Yes,93.71,1848.78,3,3,0,1
CUS-103125,36,One year,Fiber optic,Electronic check,Yes,Yes,Yes,0,Yes,Yes,126.28,5378.72,4,3,0,0
CUS-103764,19,One year,DSL,Bank transfer,Yes,No internet service,No internet service,1,No,No,72.2,966.1,5,0,0,0
CUS-105973,19,Month-to-month,Fiber optic,Electronic check,No,No,No internet service,0,No,No,101.14,1209.23,5,3,0,1
CUS-101780,16,One year,DSL,Electronic check,Yes,Yes,No,0,No,Yes,57.72,1100.31,5,1,0,1
CUS-103947,42,Month-to-month,Fiber optic,Credit card,Yes,No,No,0,Yes,No,78.65,3352.7,0,0,0,0
CUS-100803,4,One year,Fiber optic,Bank transfer,Yes,No,No internet service,0,No,No,75.43,431.22,1,2,0,1
CUS-100857,72,Month-to-month,Fiber optic,Bank transfer,Yes,No internet service,No,0,Yes,No,84.71,6045.82,4,0,0,1
CUS-106918,24,Month-to-month,Fiber optic,Electronic check,Yes,No,Yes,0,No,No,71.94,1779.25,0,2,1,1
CUS-103341,54,One year,Fiber optic,Bank transfer,Yes,Yes,No,0,No,No,91.98,4746.84,1,4,1,0
CUS-106531,37,Two year,Fiber optic,Electronic check,No,No,Yes,0,No,Yes,85.67,3200.91,0,2,0,0
CUS-100219,46,Month-to-month,Fiber optic,Electronic check,Yes,Yes,Yes,0,No,No,105.67,5146.25,3,4,0,1
CUS-101288,61,Two year,Fiber optic,Electronic check,Yes,No internet service,No internet service,0,No,No,88.17,6028.96,5,2,0,0
CUS-100582,6,Month-to-month,Fiber optic,Electronic check,Yes,No,No,0,Yes,Yes,90.18,543.19,4,1,1,1
CUS-100043,35,One year,Fiber optic,Bank transfer,Yes,No,Yes,0,Yes,No,82.92,2579.45,2,2,0,0
CUS-101234,51,Month-to-month,No,Electronic check,Yes,No internet service,No,0,Yes,No,57.47,3073.72,4,4,0,0
CUS-105822,39,Month-to-month,DSL,Bank transfer,No,No internet service,No,0,No,Yes,66.52,2648.54,2,2,1,0
CUS-106773,23,Two year,No,Electronic check,Yes,No,No internet service,0,No,No,45.98,902.7,1,2,0,0
CUS-101892,18,Month-to-month,Fiber optic,Credit card,No,No,No,1,No,No,125.63,2374.94,4,1,0,0
CUS-104239,16,Month-to-month,Fiber optic,Credit card,Yes,No internet service,Yes,1,No,No,71.25,1220.75,0,3,0,0
CUS-106122,46,Month-to-month,DSL,Credit card,Yes,Yes,No internet service,1,No,Yes,56.62,2723.05,1,1,0,1
CUS-103866,50,Month-to-month,No,Credit card,No,No,No,0,No,No,44.98,2387.35,0,0,0,0
CUS-105785,33,One year,Fiber optic,Credit card,Yes,No internet service,Yes,0,Yes,No,91.54,2988.33,1,4,0,0
CUS-101071,16,Two year,Fiber optic,Electronic check,Yes,Yes,No internet service,0,Yes,No,94.13,1203.28,1,2,0,0
CUS-100718,52,Month-to-month,Fiber optic,Mailed check,No,No,No,1,Yes,Yes,99.41,5517.2,0,2,1,1
CUS-102364,10,Two year,DSL,Electronic check,Yes,No,Yes,1,No,No,22.09,178.38,0,0,0,0
CUS-101505,23,One year,Fiber optic,Bank transfer,Yes,Yes,No,0,Yes,No,112.28,2479.86,3,0,0,0
CUS-100670,21,One year,No,Electronic check,No,No,No,1,Yes,No,88.21,1921.47,5,2,0,0
CUS-105595,2,Two year,Fiber optic,Credit card,Yes,No,Yes,0,No,Yes,77.07,61.26,1,2,0,0
CUS-103977,34,One year,DSL,Electronic check,No,No,No,0,No,No,44.88,1288.9,2,2,1,0
CUS-100897,34,Month-to-month,Fiber optic,Electronic check,Yes,No internet service,Yes,0,No,No,89.65,3314.03,3,7,0,0
CUS-106716,32,Month-to-month,DSL,Credit card,Yes,No,No,1,Yes,No,36.4,1025.3,0,2,0,0
CUS-102804,33,One year,Fiber optic,Credit card,No,Yes,No,0,No,No,89.67,2844.62,0,3,1,0
CUS-104880,10,One year,Fiber optic,Electronic check,No,No,No,0,Yes,No,125.96,781.14,4,3,0,1
CUS-102641,48,Two year,DSL,Mailed check,Yes,No,No,0,Yes,No,73.72,3534.93,3,4,1,0
CUS-106047,2,Month-to-month,DSL,Electronic check,Yes,No internet service,Yes,0,No,No,66.16,33.08,4,0,0,0
CUS-102922,10,Month-to-month,Fiber optic,Bank transfer,Yes,No,No internet service,0,No,No,121.19,980.86,5,6,1,1
CUS-106483,13,One year,Fiber optic,Bank transfer,Yes,No,No internet service,0,No,Yes,102.24,1142.87,3,0,0,0
CUS-102876,55,Two year,No,Bank transfer,Yes,Yes,No internet service,0,Yes,Yes,51.59,2578.29,1,1,0,0
CUS-102582,29,One year,Fiber optic,Mailed check,Yes,No internet service,No,0,No,No,109.47,3140.97,5,5,0,0
CUS-105330,36,One year,Fiber optic,Mailed check,Yes,Yes,No internet service,0,No,Yes,111.5,4548.1,2,2,0,0
CUS-101874,11,Two year,Fiber optic,Bank transfer,No,Yes,No,0,Yes,No,103.35,505.66,0,1,1,1
CUS-102370,28,One year,DSL,Electronic check,Yes,No,Yes,0,Yes,No,49.93,1475.89,2,3,0,0
CUS-101769,41,One year,No,Electronic check,Yes,No,No internet service,0,No,Yes,64.14,2680.08,5,3,0,0
CUS-105080,28,One year,Fiber optic,Electronic check,Yes,Yes,Yes,0,Yes,Yes,72.05,1956.11,0,0,0,0
CUS-103006,20,Month-to-month,Fiber optic,Mailed check,No,No,Yes,0,Yes,No,103.17,1900.85,5,3,0,1
CUS-101983,30,Month-to-month,No,Electronic check,No,No,No,0,Yes,Yes,98.65,2995.13,5,2,0,0
CUS-100531,22,Month-to-month,DSL,Bank transfer,Yes,No,Yes,0,Yes,Yes,68.44,1867.74,5,0,0,1
CUS-105006,72,Month-to-month,No,Bank transfer,No,Yes,Yes,0,Yes,Yes,48.24,3516.97,0,0,0,0
CUS-103075,19,Month-to-month,Fiber optic,Electronic check,No,No,No internet service,0,No,No,85.55,1626.59,3,2,0,1
CUS-103505,12,One year,Fiber optic,Mailed check,Yes,No internet service,No internet service,0,No,Yes,85.13,1548.08,0,2,1,0
CUS-102986,11,One year,DSL,Mailed check,No,No internet service,No,0,Yes,No,62.53,694.91,4,2,0,0
CUS-102163,44,Month-to-month,DSL,Electronic check,Yes,No,No,0,No,No,58.74,2452.37,2,1,0,0
CUS-100731,25,Month-to-month,DSL,Credit card,Yes,No internet service,No,0,Yes,No,72.72,1496.3,3,4,0,0
CUS-102339,51,One year,Fiber optic,Mailed check,No,No,No,0,No,No,76.64,3774.15,0,3,0,0
CUS-105082,24,Month-to-month,DSL,Electronic check,Yes,No,No internet service,0,No,Yes,44.99,1235.15,0,2,1,0
CUS-102232,11,Month-to-month,Fiber optic,Electronic check,No,No,No,0,No,No,102.94,640.43,3,2,1,1
CUS-103910,19,Month-to-month,DSL,Electronic check,No,Yes,Yes,0,No,Yes,73.67,1318.82,4,0,0,1
CUS-104436,36,Month-to-month,No,Bank transfer,Yes,No internet service,No,1,Yes,No,49.61,1772.49,0,1,0,0
CUS-101255,12,One year,Fiber optic,Bank transfer,No,No,No,1,Yes,No,97.6,1280.1,1,1,0,1
CUS-102104,25,Month-to-month,No,Bank transfer,No,Yes,No,0,Yes,Yes,64.89,1650.27,0,1,0,0
CUS-106979,23,Month-to-month,Fiber optic,Mailed check,No,Yes,No,0,Yes,No,114.45,2751.1,4,2,0,0
CUS-103583,56,Two year,DSL,Electronic check,No,No,No,0,Yes,Yes,72.48,3968.53,4,2,0,0
CUS-100898,18,Month-to-month,No,Electronic check,Yes,No,Yes,0,No,No,56.29,811.98,2,1,0,0
CUS-100428,14,Two year,Fiber optic,Credit card,Yes,No internet service,No,1,No,Yes,103.85,1265.92,5,3,0,0
CUS-104825,19,One year,DSL,Credit card,Yes,No,Yes,0,Yes,No,53.47,884.78,1,2,0,0
CUS-106329,72,One year,Fiber optic,Mailed check,No,No,No internet service,0,Yes,No,88.13,5928.45,2,2,0,0
CUS-105473,39,One year,DSL,Bank transfer,No,No,No internet service,0,No,Yes,76.79,3051.57,4,1,0,0
CUS-106330,8,One year,Fiber optic,Bank transfer,No,No,No internet service,1,Yes,Yes,126.51,793.03,3,3,0,0
CUS-101222,31,One year,Fiber optic,Mailed check,Yes,Yes,Yes,0,Yes,No,79.53,2538.68,0,2,0,0
CUS-105014,23,Two year,DSL,Credit card,No,No internet service,No internet service,0,No,Yes,63.49,1499.38,0,0,0,1
CUS-105275,20,Two year,DSL,Electronic check,No,Yes,No internet service,0,Yes,Yes,71.73,1539.69,4,2,0,1
CUS-103984,5,Month-to-month,Fiber optic,Mailed check,Yes,No,No internet service,0,Yes,No,107.24,824.62,2,2,0,1
CUS-105924,72,Month-to-month,Fiber optic,Credit card,Yes,No,No,1,No,No,94.48,6793.78,3,0,0,1
CUS-103607,34,Month-to-month,DSL,Electronic check,No,No,No internet service,0,Yes,No,81.57,2158.6,4,3,0,1
CUS-101096,12,Month-to-month,DSL,Bank transfer,Yes,No,No,0,No,No,59.25,475.84,4,0,0,0
CUS-102072,32,One year,DSL,Credit card,Yes,No,No internet service,0,No,Yes,33.19,910.59,0,1,0,0
CUS-106317,58,Month-to-month,DSL,Electronic check,Yes,No,Yes,1,No,No,62.47,3483.77,1,3,1,1
CUS-105612,43,One year,No,Bank transfer,No,Yes,Yes,0,No,No,71.0,3246.08,1,2,1,0
CUS-105902,14,Two year,DSL,Credit card,Yes,No,Yes,0,No,No,68.33,710.27,0,1,0,0
CUS-101788,63,Month-to-month,DSL,Electronic check,Yes,Yes,No,0,No,Yes,68.97,4452.51,5,1,1,1
CUS-105067,34,Month-to-month,Fiber optic,Bank transfer,Yes,No,No internet service,0,Yes,No,117.47,4129.22,5,4,0,1
CUS-103017,21,Month-to-month,Fiber optic,Bank transfer,Yes,No,Yes,1,Yes,No,99.27,2100.77,5,2,0,1
CUS-100528,7,Two year,DSL,Credit card,No,Yes,No internet service,0,Yes,No,44.14,415.57,3,1,1,0
CUS-103107,22,Month-to-month,Fiber optic,Electronic check,Yes,Yes,Yes,0,No,No,73.13,1780.55,5,4,0,1
CUS-100192,58,Month-to-month,Fiber optic,Mailed check,Yes,No,No,0,No,No,55.29,3133.48,1,0,0,0
CUS-104525,20,One year,DSL,Credit card,Yes,No internet service,Yes,0,Yes,No,51.65,1024.07,3,2,0,0
CUS-101126,8,Month-to-month,Fiber optic,Mailed check,No,No internet service,No,0,Yes,No,116.51,824.02,5,1,0,1
CUS-103721,55,Month-to-month,Fiber optic,Mailed check,No,No,No,0,No,No,80.6,4618.23,4,1,0,0
CUS-103159,38,Month-to-month,DSL,Credit card,Yes,No internet service,No internet service,0,No,No,54.52,1854.75,5,0,0,0
CUS-103313,33,Month-to-month,DSL,Bank transfer,No,No,Yes,1,Yes,No,48.04,1432.04,4,0,0,0
CUS-100304,57,Month-to-month,No,Electronic check,Yes,No internet service,Yes,1,Yes,Yes,62.36,3512.41,2,0,0,0
CUS-104010,36,Month-to-month,Fiber optic,Electronic check,No,No internet service,No,0,Yes,Yes,87.57,3330.62,1,5,0,0
CUS-101292,7,One year,DSL,Mailed check,Yes,Yes,Yes,1,No,Yes,66.07,553.36,4,2,0,0
CUS-100070,2,Month-to-month,Fiber optic,Credit card,No,No,No,0,Yes,No,121.07,393.71,5,6,0,1
CUS-102726,20,Two year,No,Mailed check,Yes,No,Yes,0,No,No,39.51,863.7,2,2,0,0
CUS-103844,64,Month-to-month,No,Electronic check,No,Yes,Yes,0,No,No,65.93,4596.82,2,1,0,0
CUS-102879,27,Month-to-month,Fiber optic,Bank transfer,No,No,No,0,Yes,No,77.39,2462.55,0,4,0,1
CUS-100831,27,One year,DSL,Credit card,Yes,No,Yes,0,No,No,49.05,1432.84,0,2,0,0
CUS-105086,26,Month-to-month,DSL,Electronic check,No,Yes,No internet service,0,Yes,No,55.48,1344.33,3,2,1,0
CUS-101456,13,Month-to-month,No,Bank transfer,No,No internet service,No,0,No,No,60.45,927.14,2,1,0,0
CUS-104258,22,Month-to-month,No,Credit card,Yes,Yes,Yes,0,No,Yes,50.31,1128.15,2,2,0,1
CUS-100238,20,Month-to-month,DSL,Electronic check,Yes,No,No,0,No,Yes,65.21,1532.33,3,0,0,1
CUS-100092,28,Month-to-month,Fiber optic,Electronic check,Yes,Yes,No,0,Yes,No,128.53,4063.64,5,2,0,1
CUS-102656,31,Two year,DSL,Bank transfer,No,No,No,0,No,No,44.82,1437.85,0,0,0,0
CUS-103442,38,Month-to-month,No,Credit card,No,No,No,0,No,No,68.34,2611.14,0,2,0,0
CUS-102997,50,Month-to-month,Fiber optic,Electronic check,No,No internet service,No internet service,0,No,No,108.35,5718.81,4,5,1,0
CUS-105605,34,Two year,DSL,Mailed check,No,No,No,0,Yes,No,51.27,1865.29,2,3,0,0
CUS-103217,18,One year,Fiber optic,Mailed check,Yes,No,No,0,Yes,No,93.55,1454.7,3,2,0,0
CUS-104392,40,Two year,DSL,Bank transfer,No,No,No internet service,1,No,No,93.57,3561.51,5,0,0,0
CUS-104387,8,Two year,DSL,Mailed check,Yes,Yes,No,0,Yes,Yes,65.21,703.7,4,3,0,0
CUS-101001,35,Month-to-month,Fiber optic,Mailed check,Yes,No,No,0,Yes,No,93.26,2920.36,2,1,0,0
CUS-103187,41,One year,No,Credit card,Yes,Yes,No internet service,1,Yes,Yes,53.92,2113.21,3,1,0,0
CUS-106708,57,One year,DSL,Electronic check,Yes,No,No internet service,0,No,No,82.72,4588.25,5,3,0,0
CUS-102377,39,Month-to-month,No,Credit card,Yes,Yes,No internet service,0,Yes,No,60.97,2352.64,2,0,0,1
CUS-106258,20,Two year,Fiber optic,Mailed check,No,Yes,No internet service,0,No,No,71.76,1709.75,1,0,0,0
CUS-105216,19,Two year,No,Bank transfer,Yes,No internet service,No,0,No,No,60.09,1613.41,3,0,0,0
CUS-102516,25,Two year,Fiber optic,Credit card,Yes,No,No internet service,0,No,No,101.07,2486.63,1,3,0,0
CUS-101532,14,One year,Fiber optic,Credit card,Yes,Yes,No,0,No,No,81.34,1042.92,0,2,0,0
CUS-102410,28,Two year,Fiber optic,Credit card,No,No,Yes,0,No,Yes,71.37,1964.06,0,1,0,0
CUS-105494,22,Month-to-month,Fiber optic,Electronic check,Yes,No internet service,No,1,Yes,No,83.12,1788.62,1,1,0,0
CUS-100411,15,Two year,No,Bank transfer,No,Yes,Yes,1,Yes,No,41.98,647.74,3,3,0,0
CUS-106144,7,Month-to-month,DSL,Credit card,No,No internet service,No,0,No,Yes,32.31,165.95,0,0,1,1
CUS-106715,31,Month-to-month,Fiber optic,Credit card,Yes,Yes,No,0,No,No,100.6,3106.4,4,6,0,1
CUS-106461,11,Month-to-month,No,Credit card,Yes,No internet service,No internet service,0,Yes,No,70.53,799.39,2,3,1,1
CUS-105137,20,One year,DSL,Bank transfer,Yes,No,Yes,0,No,No,77.55,1626.33,4,1,0,1
CUS-103641,28,Month-to-month,Fiber optic,Electronic check,No,No,No,0,No,No,87.86,2755.33,3,2,0,0
CUS-105981,22,Month-to-month,Fiber optic,Electronic check,No,No,No internet service,0,Yes,Yes,49.98,1312.42,1,0,0,0
CUS-102799,23,Two year,No,Electronic check,No,Yes,Yes,0,No,No,48.25,1183.17,2,1,0,0
CUS-106381,30,Month-to-month,DSL,Bank transfer,No,No internet service,No,0,Yes,No,56.16,1714.59,3,3,0,1
CUS-105325,2,Month-to-month,Fiber optic,Credit card,No,No,No,0,No,No,111.26,118.27,4,3,0,0
CUS-102603,20,Month-to-month,No,Mailed check,No,No internet service,Yes,0,Yes,Yes,44.1,1131.66,1,1,0,0
CUS-100633,23,Two year,No,Mailed check,No,Yes,Yes,0,No,No,73.44,1629.33,5,0,0,1
CUS-100498,72,Month-to-month,DSL,Bank transfer,Yes,Yes,No,0,No,Yes,82.69,6191.25,5,3,1,0
CUS-102463,24,One year,Fiber optic,Bank transfer,Yes,No,No internet service,0,Yes,No,93.46,2337.28,2,4,0,0
CUS-106779,7,Month-to-month,DSL,Credit card,No,No,No internet service,0,No,No,54.13,703.96,3,2,0,1
CUS-100637,32,Month-to-month,DSL,Mailed check,Yes,No,No internet service,0,No,Yes,74.08,2684.59,3,0,0,1
CUS-100720,62,Two year,DSL,Mailed check,Yes,No,Yes,0,Yes,No,59.6,3522.67,2,1,0,0
CUS-100288,6,One year,Fiber optic,Credit card,No,Yes,No internet service,0,Yes,No,98.94,950.57,0,4,0,1
CUS-100757,21,Month-to-month,Fiber optic,Mailed check,Yes,No internet service,No,0,No,No,84.7,1653.38,4,1,0,0
CUS-102513,25,Month-to-month,Fiber optic,Credit card,Yes,No internet service,Yes,0,No,No,54.02,1245.5,0,2,0,0
CUS-102748,18,Two year,DSL,Mailed check,Yes,Yes,No internet service,0,No,No,107.4,2106.61,5,3,1,0
CUS-105328,49,One year,Fiber optic,Electronic check,Yes,No,Yes,0,Yes,No,80.25,3946.77,3,1,0,0
CUS-105168,34,Two year,DSL,Mailed check,No,No internet service,No,0,No,Yes,63.42,2044.12,3,2,0,0
CUS-103406,72,Month-to-month,No,Credit card,Yes,No internet service,No,0,Yes,No,44.94,3257.87,0,0,0,0
CUS-100596,49,Month-to-month,DSL,Mailed check,No,Yes,No internet service,0,No,No,73.77,3373.58,1,0,0,0
CUS-106775,67,Month-to-month,DSL,Credit card,Yes,No,No internet service,0,No,No,92.49,5902.73,5,2,0,1
CUS-101068,29,Month-to-month,Fiber optic,Mailed check,Yes,No internet service,No,1,No,Yes,123.87,3459.18,5,5,0,0
CUS-101942,33,Two year,DSL,Mailed check,Yes,No internet service,Yes,0,No,Yes,57.86,1915.34,5,1,0,0
CUS-101647,19,One year,No,Credit card,Yes,No internet service,No internet service,1,Yes,Yes,37.54,723.35,2,0,0,0
CUS-106075,4,Month-to-month,Fiber optic,Bank transfer,Yes,Yes,Yes,0,No,No,103.27,263.12,3,3,0,1
CUS-101700,33,Month-to-month,DSL,Electronic check,Yes,Yes,No internet service,0,No,No,79.6,2447.13,1,1,0,0
CUS-105609,45,Month-to-month,DSL,Electronic check,Yes,Yes,No,0,No,Yes,76.13,3399.2,3,3,0,1
CUS-104714,15,Month-to-month,No,Electronic check,Yes,No,Yes,0,No,No,50.1,528.13,1,1,0,0
CUS-102666,21,Month-to-month,DSL,Electronic check,Yes,No,No internet service,0,Yes,No,57.41,1216.2,1,2,0,1
CUS-103914,21,Two year,No,Electronic check,Yes,Yes,Yes,0,No,No,38.91,872.68,0,0,0,0
CUS-100086,8,Two year,No,Electronic check,Yes,Yes,No,0,Yes,Yes,90.68,963.34,4,1,0,0
CUS-102308,10,Month-to-month,DSL,Electronic check,Yes,Yes,No internet service,0,No,No,67.89,659.08,1,1,0,0
CUS-104710,52,One year,No,Electronic check,Yes,Yes,No,0,Yes,No,46.18,2241.91,1,5,0,0
CUS-103306,37,Two year,Fiber optic,Credit card,Yes,No,No,0,No,No,96.73,3565.28,2,2,1,0
CUS-102815,5,Month-to-month,Fiber optic,Credit card,No,No internet service,No internet service,0,Yes,Yes,102.46,332.25,0,2,0,0
CUS-101029,26,Month-to-month,DSL,Credit card,Yes,No,No,0,Yes,No,51.85,1322.71,2,0,1,0
CUS-105435,18,Two year,Fiber optic,Bank transfer,Yes,No,No internet service,1,Yes,No,97.35,1462.64,0,5,0,0
CUS-105613,59,One year,Fiber optic,Mailed check,Yes,No,No,0,Yes,Yes,107.33,6305.9,3,4,0,0
CUS-102144,11,Month-to-month,DSL,Mailed check,Yes,No internet service,No,0,Yes,Yes,62.59,1051.93,5,0,0,0
CUS-104373,19,Month-to-month,No,Credit card,No,Yes,No,0,Yes,No,64.89,1455.11,4,1,1,0
CUS-101200,24,Month-to-month,DSL,Electronic check,Yes,No internet service,Yes,0,No,No,34.54,924.45,0,0,0,0
CUS-102025,49,Month-to-month,DSL,Bank transfer,Yes,No,No internet service,0,No,No,70.22,3538.63,4,0,0,0
CUS-100621,10,Month-to-month,DSL,Mailed check,No,Yes,No,0,No,No,56.51,466.39,0,1,0,0
CUS-106894,16,Month-to-month,Fiber optic,Credit card,No,No internet service,No internet service,0,Yes,No,85.44,1293.31,4,3,1,0
CUS-100566,20,Month-to-month,DSL,Bank transfer,Yes,Yes,No internet service,0,No,No,47.17,743.24,3,1,0,0
CUS-101837,13,Month-to-month,Fiber optic,Credit card,No,Yes,No,0,No,No,87.05,1036.54,3,5,0,1
CUS-101334,19,One year,Fiber optic,Bank transfer,Yes,No,No internet service,0,No,No,111.42,2100.31,2,2,1,0
CUS-105863,22,Month-to-month,DSL,Credit card,No,Yes,No internet service,0,Yes,No,60.5,1557.19,4,1,0,0
CUS-106655,28,Month-to-month,Fiber optic,Electronic check,No,Yes,No,0,No,No,84.28,2457.51,0,0,0,0
CUS-102099,53,Two year,Fiber optic,Electronic check,No,No internet service,No,1,Yes,No,84.68,4600.31,2,2,0,0
CUS-103668,34,Month-to-month,Fiber optic,Mailed check,Yes,No,No,0,No,Yes,127.87,3935.94,4,4,1,1
CUS-106967,10,Month-to-month,Fiber optic,Bank transfer,No,Yes,Yes,0,No,No,85.49,814.33,1,3,0,1
CUS-103467,2,One year,Fiber optic,Electronic check,No,Yes,No,0,No,No,84.16,101.82,1,0,0,0
CUS-101688,6,Two year,DSL,Mailed check,Yes,No internet service,No internet service,0,Yes,No,50.18,398.47,2,1,0,0
CUS-100745,9,Two year,No,Bank transfer,Yes,No,No,1,Yes,No,58.78,569.5,4,0,0,0
CUS-104773,27,Month-to-month,Fiber optic,Electronic check,Yes,No,No,0,No,Yes,67.35,1679.73,0,0,0,1
CUS-103257,21,One year,DSL,Mailed check,No,No internet service,No,0,No,No,43.51,1049.98,1,1,0,0
CUS-102187,23,Month-to-month,Fiber optic,Electronic check,Yes,No,No,1,No,Yes,76.0,1825.11,1,1,0,1
CUS-100195,36,Two year,Fiber optic,Bank transfer,No,Yes,No,0,No,No,100.29,3720.67,2,5,1,0
CUS-101152,11,Month-to-month,Fiber optic,Mailed check,Yes,No,No,0,Yes,No,108.68,1107.01,4,0,0,1
CUS-102619,6,Month-to-month,Fiber optic,Credit card,Yes,No,No,0,No,No,106.28,367.02,3,3,1,1
CUS-104602,39,Month-to-month,Fiber optic,Electronic check,No,Yes,No,0,No,No,64.86,2697.38,0,1,1,0
CUS-100802,36,Month-to-month,DSL,Bank transfer,No,No,No,0,Yes,No,51.75,1688.27,5,0,0,0
CUS-104274,13,Two year,DSL,Bank transfer,Yes,No,No internet service,1,Yes,Yes,61.99,1170.83,0,0,0,0
CUS-102350,1,Month-to-month,Fiber optic,Electronic check,No,No internet service,Yes,0,No,Yes,92.58,46.29,5,1,0,1
CUS-106332,20,One year,No,Mailed check,No,Yes,Yes,1,Yes,Yes,65.56,692.93,1,1,0,0
CUS-104516,17,Two year,Fiber optic,Bank transfer,Yes,Yes,No,1,Yes,No,84.47,1350.26,3,4,0,0
CUS-102068,35,Month-to-month,DSL,Credit card,No,Yes,Yes,0,Yes,No,78.98,2832.41,3,4,0,0
CUS-105398,8,Month-to-month,DSL,Electronic check,Yes,No,Yes,0,No,No,59.07,659.54,0,0,0,1
CUS-100644,24,Two year,No,Electronic check,No,No,No internet service,0,Yes,No,54.53,1409.96,1,2,0,0
CUS-106182,63,Month-to-month,Fiber optic,Mailed check,No,No,Yes,0,No,No,105.86,6826.63,3,1,0,0
CUS-105797,72,Two year,DSL,Credit card,Yes,Yes,No,0,Yes,No,54.51,3496.34,1,0,0,0
CUS-102644,59,Month-to-month,DSL,Electronic check,Yes,Yes,No internet service,0,Yes,Yes,40.45,2683.11,0,2,0,1
CUS-104852,51,Two year,No,Electronic check,No,No internet service,No,0,Yes,No,52.13,2659.75,1,1,0,0
CUS-100120,72,Two year,Fiber optic,Electronic check,Yes,No,No,0,Yes,No,100.02,7581.14,3,5,1,0
CUS-101777,24,Month-to-month,No,Credit card,No,Yes,No internet service,0,Yes,No,59.45,1569.46,2,2,0,1
CUS-103395,27,Two year,Fiber optic,Bank transfer,No,No,No,0,No,Yes,78.99,1985.33,1,1,0,0
CUS-105623,52,Month-to-month,Fiber optic,Mailed check,Yes,Yes,No internet service,0,Yes,No,113.13,5616.75,5,5,1,1
CUS-102135,17,Month-to-month,DSL,Mailed check,No,Yes,Yes,1,No,Yes,79.41,1126.92,5,1,0,0
CUS-105792,19,Month-to-month,No,Bank transfer,No,No internet service,No,0,No,No,51.16,959.88,0,1,0,0
CUS-104252,17,Month-to-month,DSL,Bank transfer,Yes,No,No internet service,1,No,No,51.52,692.83,1,0,0,1
CUS-100134,28,Two year,Fiber optic,Electronic check,No,No,Yes,0,No,No,112.36,3342.88,1,3,0,0
CUS-106176,23,Month-to-month,Fiber optic,Electronic check,No,No internet service,Yes,0,Yes,No,115.62,3272.73,5,2,0,1
CUS-106615,9,Two year,Fiber optic,Mailed check,No,Yes,Yes,0,No,Yes,93.8,334.9,2,2,0,0
CUS-104157,72,Month-to-month,Fiber optic,Electronic check,Yes,No,No,0,No,No,82.72,6022.03,3,2,0,1
CUS-102559,21,One year,Fiber optic,Bank transfer,No,No,No internet service,0,No,No,84.34,1564.47,1,1,0,0
CUS-100062,63,Month-to-month,No,Mailed check,Yes,No internet service,Yes,0,Yes,No,60.4,3910.97,1,1,0,1
CUS-104556,71,One year,No,Mailed check,Yes,Yes,No internet service,0,No,No,30.92,2155.67,0,0,0,0
CUS-106089,48,Two year,Fiber optic,Bank transfer,No,No internet service,Yes,0,No,No,87.8,4325.43,1,4,0,0
CUS-103443,40,Month-to-month,DSL,Credit card,Yes,Yes,No,0,Yes,No,81.43,3405.87,4,0,0,1
CUS-103319,18,One year,DSL,Bank transfer,No,No internet service,No,0,Yes,No,60.88,1066.25,3,1,0,0
CUS-103722,10,Two year,Fiber optic,Mailed check,Yes,No,No,0,Yes,No,79.71,477.84,2,0,0,1
CUS-100679,16,Two year,Fiber optic,Credit card,No,Yes,No,0,Yes,No,69.56,1601.71,3,1,0,1
CUS-103698,50,Month-to-month,Fiber optic,Credit card,No,Yes,No internet service,1,No,No,80.19,3792.14,1,0,1,1
CUS-100741,7,Two year,DSL,Electronic check,Yes,Yes,No,1,No,No,68.9,34.45,2,3,0,0
CUS-101211,16,Month-to-month,Fiber optic,Electronic check,No,No internet service,No,0,Yes,Yes,83.47,1621.44,5,0,0,1
CUS-102170,6,Month-to-month,Fiber optic,Bank transfer,No,No internet service,Yes,0,Yes,No,78.29,344.75,0,0,0,1
CUS-105862,9,Month-to-month,No,Electronic check,Yes,No,No internet service,0,No,No,80.28,666.95,5,3,0,1
CUS-104772,39,One year,Fiber optic,Electronic check,Yes,No internet service,Yes,0,No,No,92.85,3410.39,2,2,0,0
CUS-100567,60,Two year,DSL,Electronic check,Yes,No,No,0,Yes,No,51.37,3342.95,1,1,0,0
CUS-101873,51,Month-to-month,DSL,Mailed check,Yes,Yes,Yes,0,No,No,36.87,1828.36,0,3,0,0
CUS-103252,57,Month-to-month,DSL,Electronic check,No,Yes,No,1,Yes,No,76.88,4510.22,5,0,0,0
CUS-101717,7,Month-to-month,Fiber optic,Credit card,Yes,No,Yes,0,Yes,No,115.19,956.26,4,1,0,1
CUS-101392,7,Month-to-month,DSL,Mailed check,Yes,No,No,0,No,Yes,65.73,434.34,3,2,0,1
CUS-105247,19,Two year,DSL,Electronic check,No,No,Yes,0,No,No,78.5,1578.56,5,1,0,0
CUS-103001,26,Month-to-month,DSL,Electronic check,Yes,No,No,0,No,No,67.76,1663.92,5,2,0,1
CUS-103590,25,One year,Fiber optic,Credit card,Yes,No,No internet service,1,Yes,No,100.5,1923.5,5,4,0,0
CUS-100489,10,Two year,Fiber optic,Mailed check,Yes,No,Yes,0,Yes,No,107.69,1012.51,3,4,0,1
CUS-106392,16,Month-to-month,Fiber optic,Electronic check,Yes,No,Yes,0,No,Yes,80.62,1178.82,0,2,0,0
CUS-100690,64,One year,DSL,Electronic check,No,No,No,0,Yes,No,74.25,4175.63,3,1,0,0
CUS-106212,22,Two year,DSL,Electronic check,Yes,No internet service,Yes,0,Yes,No,72.78,1628.21,3,1,0,0
CUS-100602,23,Month-to-month,Fiber optic,Bank transfer,No,No,Yes,0,Yes,No,117.22,2987.58,1,3,0,1
CUS-101911,7,One year,Fiber optic,Electronic check,Yes,No,No,0,Yes,Yes,99.2,778.61,5,2,0,1
CUS-104801,44,Two year,Fiber optic,Electronic check,Yes,No,No internet service,0,Yes,No,93.85,3617.09,3,4,0,0
CUS-105646,31,Two year,DSL,Electronic check,No,No,No,1,No,No,72.79,2459.97,3,1,0,0
CUS-104947,1,Month-to-month,No,Bank transfer,Yes,No internet service,Yes,0,No,Yes,56.15,200.75,5,0,0,0
CUS-105789,10,One year,No,Credit card,Yes,Yes,No,0,Yes,No,48.09,676.43,1,1,0,0
CUS-102873,19,Month-to-month,DSL,Electronic check,Yes,No,No,0,Yes,No,72.79,1234.84,5,1,0,0
CUS-102366,35,Two year,Fiber optic,Electronic check,No,No,Yes,0,No,No,53.18,1764.81,0,1,0,0
CUS-101187,17,Month-to-month,Fiber optic,Credit card,No,No,No internet service,0,No,Yes,81.61,1390.36,2,1,0,1
CUS-100274,20,Two year,DSL,Credit card,Yes,No,Yes,0,No,No,65.96,1359.95,4,4,0,0
CUS-104505,72,Month-to-month,Fiber optic,Bank transfer,No,No internet service,No internet service,0,No,No,127.4,9580.08,5,1,0,0
CUS-101361,17,Two year,No,Credit card,No,Yes,Yes,0,Yes,No,56.05,1012.59,0,0,0,0
CUS-103912,13,Month-to-month,No,Credit card,Yes,Yes,No,0,No,No,63.38,434.4,2,2,0,0
CUS-101526,50,Month-to-month,Fiber optic,Credit card,Yes,No internet service,No internet service,1,Yes,No,90.07,4690.79,0,3,0,0
CUS-103680,23,Month-to-month,DSL,Electronic check,Yes,No,Yes,1,No,No,55.63,1474.69,0,1,0,0
CUS-106739,42,Month-to-month,Fiber optic,Credit card,No,No internet service,Yes,0,Yes,Yes,101.44,4167.6,3,5,0,0
CUS-106899,38,Month-to-month,Fiber optic,Bank transfer,Yes,Yes,No internet service,0,No,No,100.03,3849.92,1,1,0,1
CUS-103431,48,Month-to-month,No,Credit card,Yes,No,No,0,Yes,No,73.84,3639.15,5,2,1,0
CUS-103165,66,Month-to-month,DSL,Electronic check,Yes,No,No,0,Yes,Yes,22.7,1499.87,0,0,0,0
CUS-106577,56,Month-to-month,No,Electronic check,Yes,No,Yes,0,No,No,45.73,2375.67,1,2,0,0
CUS-101337,12,One year,Fiber optic,Credit card,Yes,Yes,No,0,Yes,No,101.21,930.17,5,4,0,1
CUS-100945,22,One year,Fiber optic,Electronic check,Yes,No,No,0,No,No,67.16,1399.46,3,1,1,0
CUS-105499,72,Two year,Fiber optic,Bank transfer,Yes,No,No internet service,1,No,Yes,60.76,4277.7,0,1,0,0
CUS-102250,28,Month-to-month,Fiber optic,Credit card,Yes,Yes,No,0,Yes,No,94.54,2592.78,0,3,0,1
CUS-106785,24,One year,Fiber optic,Bank transfer,Yes,Yes,No,1,Yes,Yes,97.59,1835.35,1,1,0,0
CUS-103429,28,Two year,Fiber optic,Electronic check,No,No internet service,No,0,No,No,80.34,2098.89,3,0,0,0
CUS-103010,42,Month-to-month,No,Credit card,No,No,No,0,Yes,No,69.74,2879.21,5,1,0,0
CUS-102346,52,Month-to-month,No,Mailed check,Yes,Yes,No internet service,0,Yes,No,45.09,2631.24,1,2,0,0
CUS-100068,72,Month-to-month,Fiber optic,Electronic check,No,Yes,No internet service,0,No,No,114.63,8120.25,5,2,0,0
CUS-105118,28,Two year,DSL,Electronic check,No,No,Yes,1,Yes,Yes,56.54,1649.69,3,1,0,0
CUS-104963,43,One year,DSL,Electronic check,Yes,Yes,No,0,No,No,43.9,1989.22,1,2,0,0
CUS-101598,4,Month-to-month,DSL,Electronic check,Yes,No,Yes,0,No,Yes,52.37,323.38,1,1,1,0
CUS-103270,54,Two year,DSL,Electronic check,Yes,No,No,0,Yes,Yes,59.77,3169.16,0,1,0,0
CUS-104103,58,Two year,Fiber optic,Electronic check,No,Yes,No,0,No,Yes,90.93,5495.64,2,3,0,0
CUS-104529,12,One year,DSL,Credit card,No,No,Yes,0,No,Yes,72.71,980.64,5,0,0,0
CUS-101503,32,Month-to-month,Fiber optic,Bank transfer,Yes,Yes,No,0,No,Yes,105.3,3469.88,0,1,0,0
CUS-102851,28,Month-to-month,No,Bank transfer,Yes,No,No internet service,0,No,No,66.62,1934.23,3,0,0,0
CUS-100150,31,Month-to-month,DSL,Bank transfer,Yes,No,Yes,1,Yes,No,64.24,1881.73,4,0,0,0
CUS-102807,3,Two year,DSL,Bank transfer,No,Yes,No,0,Yes,No,97.41,486.97,4,4,1,0
CUS-102086,20,Month-to-month,DSL,Credit card,Yes,No,Yes,0,Yes,No,43.17,924.44,2,1,0,0
CUS-106375,12,One year,Fiber optic,Credit card,Yes,No internet service,No,0,No,No,86.75,1124.28,0,6,0,0
CUS-102259,25,Month-to-month,Fiber optic,Bank transfer,Yes,Yes,No,0,Yes,Yes,119.74,2677.23,4,2,0,0
CUS-104827,21,Two year,No,Electronic check,Yes,No internet service,No internet service,0,No,No,52.26,924.59,0,2,1,0
CUS-102972,72,One year,DSL,Bank transfer,Yes,No internet service,No,0,No,No,52.31,3783.72,5,1,0,0
CUS-105388,21,Two year,DSL,Electronic check,Yes,No internet service,No internet service,1,Yes,No,48.99,1155.04,1,1,0,0
CUS-102805,48,Two year,No,Bank transfer,No,Yes,No internet service,0,No,No,90.67,4457.12,5,1,0,0
CUS-100859,16,Month-to-month,No,Credit card,Yes,No internet service,No internet service,0,No,No,46.94,695.53,0,0,0,0
CUS-102669,22,Month-to-month,Fiber optic,Electronic check,No,No,No internet service,0,No,No,94.95,2245.78,4,2,0,1
CUS-102687,30,Month-to-month,Fiber optic,Credit card,No,No internet service,Yes,0,No,Yes,90.27,3142.22,1,6,0,0
CUS-106268,44,Month-to-month,DSL,Electronic check,Yes,No,Yes,0,Yes,Yes,53.11,2412.98,4,1,0,0
CUS-105927,21,Month-to-month,No,Mailed check,No,No,No,0,No,Yes,62.74,1381.16,1,2,0,1
CUS-100366,11,Month-to-month,Fiber optic,Credit card,Yes,Yes,No,0,Yes,Yes,87.63,805.62,3,4,0,1
CUS-101432,19,Two year,DSL,Credit card,Yes,No,No internet service,0,Yes,No,83.23,1371.33,1,2,1,0
CUS-106812,22,One year,Fiber optic,Electronic check,No,No,No internet service,0,Yes,Yes,97.45,2750.61,2,3,0,0
CUS-101779,29,Month-to-month,DSL,Electronic check,Yes,No,No,0,No,No,75.69,2300.06,4,1,0,1
CUS-104251,64,Month-to-month,Fiber optic,Mailed check,Yes,Yes,Yes,0,No,No,77.11,5014.44,0,1,0,1
CUS-103682,25,Month-to-month,DSL,Bank transfer,No,Yes,No,0,No,No,77.37,1907.62,5,2,0,1
CUS-101818,5,Month-to-month,DSL,Bank transfer,Yes,Yes,Yes,1,Yes,Yes,40.43,310.92,0,1,0,0
CUS-104458,21,One year,Fiber optic,Bank transfer,Yes,Yes,No,0,No,Yes,117.71,2337.8,5,5,0,0
CUS-100841,22,Month-to-month,DSL,Mailed check,No,No,Yes,0,Yes,No,54.02,952.5,3,3,0,0
CUS-101189,12,Month-to-month,DSL,Bank transfer,No,No,No,0,No,No,82.8,963.48,5,0,0,1
CUS-100175,37,Month-to-month,No,Mailed check,Yes,No,Yes,1,No,No,62.77,2238.23,3,3,0,0
CUS-105046,49,One year,DSL,Mailed check,Yes,No internet service,Yes,0,No,No,67.34,3109.27,0,4,0,0
CUS-100617,26,One year,No,Bank transfer,No,Yes,No,0,No,Yes,48.47,1208.65,0,1,0,0
CUS-102093,72,Month-to-month,Fiber optic,Mailed check,Yes,No internet service,No internet service,0,No,No,65.25,4729.73,0,2,0,0
CUS-102925,20,Month-to-month,No,Credit card,Yes,Yes,No,0,No,No,53.29,1060.33,1,1,0,0
CUS-106956,68,One year,DSL,Mailed check,Yes,Yes,Yes,0,No,No,58.92,4091.71,4,0,0,0
CUS-104600,72,Two year,No,Credit card,No,No,No,0,Yes,Yes,66.53,4837.05,3,2,0,0
CUS-101030,24,Month-to-month,DSL,Mailed check,Yes,Yes,Yes,0,Yes,No,76.6,1699.85,4,2,0,0
CUS-106049,13,One year,No,Electronic check,No,No,Yes,0,Yes,No,77.76,1124.69,4,0,0,1
CUS-100300,8,Month-to-month,Fiber optic,Credit card,No,No,Yes,0,No,No,51.15,416.21,0,4,0,1
CUS-101472,49,One year,No,Mailed check,Yes,No internet service,No,0,Yes,No,66.86,3199.88,3,1,0,0
CUS-100283,23,Two year,Fiber optic,Bank transfer,Yes,Yes,Yes,1,No,No,77.84,1268.99,2,2,0,0
CUS-102028,72,Month-to-month,Fiber optic,Electronic check,Yes,Yes,No,0,Yes,No,79.49,5704.88,0,1,0,0
CUS-104003,48,One year,No,Mailed check,Yes,No,No internet service,0,No,Yes,51.49,2456.54,0,1,0,0
CUS-104271,23,Month-to-month,Fiber optic,Electronic check,No,No,No internet service,1,No,No,74.67,1693.28,1,2,0,1
CUS-105546,51,Month-to-month,No,Credit card,Yes,No,No,0,Yes,No,55.02,2999.88,1,2,0,0
CUS-101813,32,One year,DSL,Mailed check,Yes,No internet service,Yes,0,No,No,69.34,1890.24,1,3,0,0
CUS-101271,34,Month-to-month,Fiber optic,Bank transfer,No,No,Yes,0,No,Yes,88.18,3416.14,0,4,0,1
CUS-103614,10,Two year,No,Credit card,Yes,Yes,No,1,No,No,59.52,586.05,5,3,0,0
CUS-104039,13,Month-to-month,Fiber optic,Electronic check,Yes,No,No,0,No,No,98.05,1049.09,0,2,0,1
CUS-105344,25,Month-to-month,No,Bank transfer,Yes,No internet service,No,0,Yes,Yes,86.6,2458.64,5,0,0,0
CUS-102313,13,Month-to-month,Fiber optic,Credit card,Yes,No,No internet service,0,Yes,Yes,75.91,1007.02,1,2,0,0
CUS-102008,45,Month-to-month,Fiber optic,Credit card,Yes,No internet service,No,1,No,Yes,90.24,4171.48,0,5,1,0
CUS-105491,25,Month-to-month,DSL,Credit card,Yes,No,No,0,No,No,55.33,1319.89,3,1,1,0
CUS-102642,65,Month-to-month,DSL,Credit card,No,No internet service,No internet service,0,No,No,56.98,3917.33,3,0,0,1
CUS-103226,24,Month-to-month,Fiber optic,Electronic check,Yes,No,No,0,No,No,143.69,3464.42,5,3,0,1
CUS-106620,19,One year,Fiber optic,Credit card,Yes,Yes,No,0,No,No,95.1,1580.24,1,2,0,0
CUS-104456,15,Two year,Fiber optic,Bank transfer,Yes,Yes,No,0,Yes,No,74.21,715.62,0,2,0,0
CUS-103494,64,Month-to-month,DSL,Electronic check,No,No internet service,No,0,Yes,No,41.05,2798.83,2,1,0,1
CUS-103625,17,Two year,DSL,Bank transfer,No,No,No,0,No,Yes,43.95,827.67,1,0,0,0
CUS-100099,32,One year,DSL,Bank transfer,Yes,No,No internet service,0,No,No,33.59,1074.72,0,0,0,0
CUS-105055,19,Two year,Fiber optic,Electronic check,Yes,No,No internet service,0,Yes,Yes,93.49,1986.51,3,4,0,0
CUS-100744,10,Month-to-month,No,Credit card,Yes,No,No,0,No,Yes,65.13,580.19,4,1,1,0
CUS-106471,21,Two year,No,Bank transfer,Yes,No,Yes,0,Yes,No,52.73,1077.36,2,1,0,0
CUS-100480,17,One year,No,Mailed check,Yes,No internet service,Yes,0,No,No,72.7,1125.43,4,3,0,0
CUS-104619,29,Month-to-month,Fiber optic,Mailed check,Yes,Yes,No,0,Yes,Yes,100.89,2779.59,4,2,0,1
CUS-106797,16,Month-to-month,DSL,Credit card,No,No,No,0,No,No,80.66,1274.68,3,4,1,1
CUS-104930,72,Two year,Fiber optic,Credit card,Yes,No,No,1,Yes,Yes,80.18,5952.9,2,2,0,0
CUS-101157,64,Two year,DSL,Electronic check,No,No,No,0,No,No,72.23,4806.0,4,1,1,0
CUS-101437,43,Month-to-month,Fiber optic,Credit card,Yes,No,Yes,0,No,No,114.38,5097.48,3,5,0,0
CUS-102414,13,Month-to-month,Fiber optic,Credit card,Yes,No,No,1,Yes,No,122.53,1506.82,5,3,0,1
CUS-104048,50,Two year,DSL,Credit card,No,No internet service,No,0,Yes,No,58.3,2877.02,2,1,0,0
CUS-100402,48,One year,Fiber optic,Electronic check,No,No internet service,No,0,No,No,118.77,5672.22,4,5,1,1
CUS-102195,53,Month-to-month,Fiber optic,Credit card,No,No,Yes,0,No,No,94.37,5440.28,3,1,1,0
CUS-100949,35,Month-to-month,DSL,Electronic check,No,No,No,0,Yes,No,81.62,2882.19,4,2,0,1
CUS-105472,15,Month-to-month,Fiber optic,Electronic check,No,No,No internet service,0,No,No,75.83,1310.29,0,1,0,1
CUS-102067,10,Two year,No,Electronic check,Yes,Yes,Yes,0,No,No,83.55,1125.72,4,2,0,0
CUS-103196,60,Month-to-month,Fiber optic,Credit card,Yes,No,No,0,Yes,No,106.58,5879.08,5,4,0,1
CUS-104886,21,One year,DSL,Mailed check,No,No,Yes,0,Yes,No,85.67,2158.07,4,5,0,0
CUS-100668,72,One year,Fiber optic,Credit card,Yes,No,Yes,0,Yes,Yes,101.24,7578.45,4,2,0,0
CUS-100218,22,Two year,No,Bank transfer,Yes,Yes,No,0,Yes,No,44.82,1268.86,1,0,0,0
CUS-101962,15,Month-to-month,No,Credit card,Yes,No,Yes,0,No,Yes,66.89,1302.39,4,0,1,0
CUS-102977,58,Two year,Fiber optic,Bank transfer,No,No,No,0,Yes,No,96.75,5260.57,5,5,0,1
CUS-103475,72,Month-to-month,No,Bank transfer,No,No internet service,No internet service,1,No,No,66.32,4798.07,4,0,0,0
CUS-102213,72,One year,Fiber optic,Electronic check,No,No internet service,No internet service,0,Yes,No,91.32,7318.96,2,0,0,0
CUS-102633,11,One year,DSL,Electronic check,No,No,Yes,0,Yes,Yes,37.7,288.77,0,3,0,0
CUS-104022,18,Month-to-month,DSL,Electronic check,No,No,No internet service,0,No,No,53.09,1135.44,0,1,0,0
CUS-103161,32,Month-to-month,Fiber optic,Mailed check,No,Yes,No,0,No,No,101.91,3127.57,2,3,0,0
CUS-104677,6,Month-to-month,DSL,Mailed check,No,No,No,0,Yes,No,45.72,31.51,5,0,0,0
CUS-104626,26,One year,Fiber optic,Credit card,Yes,No,Yes,0,Yes,No,92.78,2599.67,0,1,0,1
CUS-102145,14,One year,No,Bank transfer,No,No internet service,No,0,No,No,78.81,947.02,5,3,0,0
CUS-100777,15,One year,DSL,Bank transfer,No,No,No,0,Yes,Yes,93.1,1353.51,4,1,0,0
CUS-102434,22,Month-to-month,Fiber optic,Credit card,No,No internet service,Yes,0,Yes,No,109.29,2386.84,5,2,0,1
CUS-104689,11,Month-to-month,Fiber optic,Electronic check,Yes,No,No,1,Yes,Yes,91.58,896.16,2,2,0,0
CUS-103857,24,Month-to-month,No,Bank transfer,No,No,Yes,0,Yes,No,45.83,1158.93,0,2,0,0
CUS-104231,9,Two year,Fiber optic,Bank transfer,No,Yes,Yes,0,Yes,No,102.72,817.25,3,0,0,1
CUS-101491,50,Month-to-month,DSL,Credit card,Yes,Yes,No internet service,0,Yes,No,66.62,3484.73,4,2,0,1
CUS-102885,14,Month-to-month,DSL,Credit card,Yes,No,No,0,Yes,No,68.6,1000.2,3,3,0,0
CUS-102829,5,Month-to-month,Fiber optic,Mailed check,Yes,No,No,0,No,No,79.62,645.38,3,1,0,1
CUS-104174,13,Month-to-month,Fiber optic,Bank transfer,No,No,No internet service,0,Yes,No,93.36,809.67,4,4,1,0
CUS-105230,34,One year,No,Electronic check,Yes,No,Yes,0,No,No,49.43,1338.17,0,1,0,0
CUS-103964,39,One year,No,Electronic check,Yes,Yes,No internet service,0,No,Yes,64.87,2651.26,3,1,0,0
CUS-100517,17,Month-to-month,No,Electronic check,Yes,No,No,1,No,Yes,42.62,594.76,3,1,0,0
CUS-103012,44,Month-to-month,Fiber optic,Bank transfer,No,No,No internet service,0,Yes,Yes,107.57,4601.66,3,2,0,0
CUS-103204,21,Month-to-month,DSL,Bank transfer,Yes,Yes,No,0,No,No,79.66,1537.25,5,3,0,0
CUS-103773,47,Two year,Fiber optic,Credit card,Yes,No,No internet service,0,No,Yes,87.25,3692.85,1,1,0,0
CUS-104786,72,Month-to-month,Fiber optic,Electronic check,Yes,No,Yes,0,Yes,No,92.33,6955.57,2,1,0,0
CUS-106815,24,Month-to-month,DSL,Bank transfer,Yes,No internet service,No internet service,0,Yes,No,47.37,1378.09,0,0,0,0
CUS-106300,37,One year,Fiber optic,Electronic check,Yes,No,No,0,Yes,Yes,79.36,2839.17,0,4,0,0
CUS-103664,39,One year,DSL,Mailed check,No,No internet service,Yes,0,Yes,No,25.53,1064.32,1,1,1,0
CUS-100568,57,Month-to-month,No,Electronic check,Yes,No internet service,No,0,No,Yes,100.65,5986.27,5,2,0,1
CUS-100360,10,Month-to-month,Fiber optic,Electronic check,Yes,No,Yes,0,No,Yes,125.08,1284.56,3,3,0,1
CUS-105239,30,One year,Fiber optic,Credit card,Yes,No,Yes,0,No,No,85.1,2941.36,4,4,0,1
CUS-105404,9,Month-to-month,Fiber optic,Mailed check,Yes,Yes,Yes,0,No,No,70.29,646.45,0,1,0,0
CUS-102991,10,Two year,DSL,Electronic check,Yes,No,No,0,Yes,No,57.26,391.35,5,2,0,0
CUS-100759,22,Month-to-month,DSL,Electronic check,Yes,No internet service,Yes,0,Yes,Yes,61.78,1405.35,2,0,0,0
CUS-103545,7,One year,No,Mailed check,No,No,No,0,Yes,No,48.96,217.55,1,1,0,0
CUS-106574,6,Two year,DSL,Mailed check,No,No internet service,No internet service,0,Yes,No,64.09,520.47,3,3,0,0
CUS-105677,5,Month-to-month,DSL,Electronic check,No,Yes,No,0,Yes,No,61.27,459.79,5,0,0,0
CUS-104554,33,Month-to-month,DSL,Electronic check,Yes,No,No internet service,0,No,Yes,80.5,2804.32,5,4,0,0
CUS-100214,12,One year,Fiber optic,Credit card,Yes,No,Yes,0,Yes,Yes,103.12,1028.44,1,3,0,0
CUS-102899,30,Two year,DSL,Bank transfer,Yes,No,No,0,No,No,65.49,1954.4,4,2,0,0
CUS-103782,46,Month-to-month,No,Electronic check,Yes,No,No internet service,0,Yes,No,69.86,2806.59,5,1,0,0
CUS-104532,36,Month-to-month,No,Bank transfer,Yes,No internet service,No internet service,0,Yes,Yes,76.24,2816.93,4,3,0,0
CUS-105852,23,Month-to-month,Fiber optic,Credit card,Yes,No,No,1,No,Yes,130.6,2505.44,4,0,0,1
CUS-102778,52,One year,DSL,Bank transfer,No,No,No,0,No,No,65.3,3431.07,3,0,0,0
CUS-105141,44,Month-to-month,Fiber optic,Mailed check,Yes,No,Yes,0,No,No,102.92,4179.88,3,4,0,1
CUS-101473,24,One year,Fiber optic,Electronic check,Yes,Yes,No,0,No,Yes,117.93,2608.76,5,0,0,1
CUS-102244,22,Month-to-month,DSL,Bank transfer,Yes,No,No,0,No,No,55.66,1197.44,2,0,1,0
CUS-100725,18,Month-to-month,Fiber optic,Bank transfer,Yes,No internet service,Yes,0,Yes,No,95.21,2257.47,3,2,0,1
CUS-103458,16,Two year,Fiber optic,Electronic check,No,No,Yes,0,No,Yes,76.84,1042.64,0,1,0,0
CUS-100049,18,Month-to-month,No,Electronic check,No,Yes,No,0,Yes,No,47.38,706.45,0,1,0,0
CUS-105476,31,Month-to-month,Fiber optic,Bank transfer,Yes,No internet service,No,0,Yes,No,73.25,2340.77,0,1,0,0
CUS-100887,27,Month-to-month,Fiber optic,Electronic check,No,No,No,0,Yes,No,69.58,1645.19,2,0,0,0
CUS-106119,43,Two year,Fiber optic,Mailed check,No,No,No,0,No,No,127.26,4800.48,5,5,1,0
CUS-104818,33,Month-to-month,Fiber optic,Bank transfer,Yes,No,No,0,Yes,No,87.49,2919.76,3,3,0,0
CUS-106316,33,Month-to-month,DSL,Electronic check,No,No,Yes,0,Yes,No,34.54,1191.03,1,1,0,0
CUS-100516,54,Month-to-month,No,Mailed check,No,Yes,Yes,0,No,No,55.47,2699.13,4,0,0,0
CUS-106365,5,Month-to-month,DSL,Bank transfer,Yes,No,No,0,Yes,No,51.15,259.03,0,4,0,0
CUS-100139,13,One year,DSL,Bank transfer,No,No internet service,No,0,Yes,No,54.78,753.82,1,0,0,0
CUS-102970,18,Two year,DSL,Credit card,No,No,Yes,0,No,Yes,61.48,965.26,5,1,0,0
CUS-103076,72,Month-to-month,DSL,Credit card,No,No internet service,No,0,Yes,Yes,75.28,5471.77,3,2,0,0
CUS-103349,52,One year,DSL,Credit card,No,No,No,0,Yes,No,62.31,3334.28,4,1,0,0
CUS-103454,62,Two year,Fiber optic,Electronic check,Yes,Yes,Yes,1,No,No,129.17,7957.97,5,4,0,0
CUS-100463,27,Month-to-month,Fiber optic,Electronic check,No,No internet service,Yes,0,Yes,No,91.33,2252.17,2,2,0,0
CUS-104299,15,Month-to-month,No,Bank transfer,Yes,Yes,No,0,Yes,Yes,66.98,1227.43,2,2,0,1
CUS-101233,42,Month-to-month,No,Electronic check,Yes,Yes,No,1,No,Yes,38.69,1781.48,3,0,0,0
CUS-100594,32,Month-to-month,Fiber optic,Bank transfer,No,No internet service,No,0,Yes,No,80.06,2835.56,3,0,0,0
CUS-100450,14,One year,No,Mailed check,No,No,No,0,Yes,No,31.02,420.61,0,1,0,0
CUS-103891,25,Month-to-month,DSL,Electronic check,No,No,No,1,No,No,61.31,1612.79,4,2,1,1
CUS-104939,21,Month-to-month,No,Electronic check,Yes,No internet service,No,0,Yes,No,87.11,1753.24,4,2,0,1
CUS-103487,14,Month-to-month,No,Mailed check,No,No,No,0,Yes,No,60.92,538.98,2,1,0,0
CUS-100312,15,Month-to-month,Fiber optic,Bank transfer,Yes,No,Yes,0,No,No,75.36,1130.08,0,3,0,1
CUS-103047,7,Month-to-month,DSL,Credit card,No,No internet service,Yes,1,Yes,No,80.66,694.62,5,0,0,0
CUS-104217,29,One year,DSL,Electronic check,No,No,Yes,1,No,Yes,38.37,1162.1,3,0,0,0
CUS-104704,30,Month-to-month,DSL,Credit card,No,Yes,No,0,Yes,Yes,67.52,1999.98,5,1,0,1
CUS-100451,35,Month-to-month,DSL,Mailed check,Yes,No,No,0,Yes,No,65.17,2383.14,3,0,0,1
CUS-105649,72,Month-to-month,DSL,Credit card,Yes,No,Yes,0,No,No,44.54,3021.01,2,0,0,0
CUS-100890,5,Month-to-month,No,Bank transfer,No,No,No,0,Yes,No,45.11,22.56,4,2,1,1
CUS-102763,24,Month-to-month,Fiber optic,Bank transfer,Yes,No,Yes,0,No,No,87.8,1919.88,0,4,0,1
CUS-103934,5,Month-to-month,No,Mailed check,Yes,No,Yes,0,Yes,No,66.18,381.77,5,0,0,0
CUS-101506,23,Month-to-month,DSL,Electronic check,No,No,No,0,Yes,No,69.76,1618.22,2,1,0,1
CUS-103063,3,Month-to-month,Fiber optic,Credit card,Yes,No internet service,No,0,No,No,99.11,49.56,0,3,0,1
CUS-106915,20,Month-to-month,DSL,Credit card,No,Yes,Yes,0,No,No,88.79,1289.72,4,1,0,1
CUS-100999,28,Two year,Fiber optic,Credit card,Yes,No internet service,Yes,0,Yes,Yes,117.48,3084.81,5,4,0,0
CUS-100389,72,One year,DSL,Electronic check,No,No internet service,Yes,0,No,No,75.17,5210.66,3,2,1,0
CUS-102330,69,One year,No,Mailed check,No,No internet service,No,1,Yes,No,68.47,4768.42,4,1,1,0
CUS-101476,15,Month-to-month,Fiber optic,Electronic check,No,No internet service,No,0,No,No,81.95,1551.47,1,1,0,0
CUS-102240,38,One year,DSL,Credit card,No,No,No,0,Yes,No,51.05,2182.99,2,1,0,0
CUS-106692,64,Two year,No,Electronic check,Yes,No,No,0,Yes,No,69.6,4455.82,5,3,0,0
CUS-106296,19,Month-to-month,Fiber optic,Electronic check,Yes,No,No,0,Yes,No,125.15,1672.36,4,1,0,0
CUS-105838,11,One year,DSL,Credit card,No,No,Yes,0,Yes,No,42.97,444.88,1,0,0,0
CUS-105900,54,Month-to-month,Fiber optic,Electronic check,Yes,No internet service,No internet service,0,No,No,106.11,5857.44,3,1,0,0
CUS-102775,22,Month-to-month,Fiber optic,Bank transfer,Yes,Yes,No,1,No,No,105.03,2567.76,4,4,0,0
CUS-101923,31,Month-to-month,No,Credit card,No,Yes,No internet service,0,No,No,62.13,1700.23,4,0,0,0
CUS-100758,51,Month-to-month,DSL,Electronic check,No,No,Yes,1,Yes,No,71.52,3252.18,4,4,0,0
CUS-103872,72,Month-to-month,No,Credit card,No,No internet service,No internet service,0,No,No,73.45,5377.68,2,3,1,0
CUS-106121,5,Month-to-month,No,Credit card,Yes,No internet service,No,0,No,No,64.35,677.8,4,2,0,0
CUS-101293,43,Month-to-month,No,Electronic check,No,Yes,No,0,Yes,No,56.66,2360.28,2,1,0,0
CUS-106166,38,Month-to-month,DSL,Electronic check,Yes,No,Yes,0,Yes,No,62.59,1872.23,5,0,0,0
CUS-106571,14,One year,Fiber optic,Electronic check,Yes,No,Yes,1,Yes,Yes,119.48,1929.54,4,6,0,1
CUS-104625,24,One year,DSL,Mailed check,Yes,No,No,0,Yes,No,74.68,1940.11,2,4,0,0
CUS-101907,26,Two year,Fiber optic,Bank transfer,No,Yes,No,0,No,No,118.98,3521.38,5,8,0,1
CUS-106138,46,Month-to-month,DSL,Mailed check,Yes,No internet service,Yes,0,Yes,No,59.65,3132.93,2,0,0,0
CUS-104848,72,Month-to-month,No,Mailed check,Yes,No internet service,Yes,0,Yes,No,66.35,4898.13,3,2,0,0
CUS-100368,9,Two year,Fiber optic,Mailed check,Yes,Yes,No,0,Yes,No,127.7,714.85,2,0,0,0
CUS-101937,6,Month-to-month,Fiber optic,Electronic check,Yes,No internet service,Yes,0,Yes,No,134.84,411.69,4,3,0,1
CUS-101151,28,Month-to-month,No,Mailed check,No,No,No,0,No,No,37.85,984.29,0,2,0,0
CUS-104800,40,Month-to-month,Fiber optic,Mailed check,Yes,Yes,No internet service,0,Yes,No,81.85,3637.81,1,0,0,0
CUS-103405,60,Two year,DSL,Bank transfer,Yes,No internet service,No internet service,0,No,No,87.96,4918.26,4,1,0,0
CUS-106886,72,Month-to-month,Fiber optic,Credit card,Yes,No,No,1,No,Yes,123.29,9314.67,5,2,0,0
CUS-100191,17,Month-to-month,Fiber optic,Mailed check,Yes,No internet service,No internet service,1,Yes,No,105.48,1884.11,2,3,1,1
CUS-105166,37,Two year,DSL,Credit card,No,Yes,No,1,Yes,Yes,61.97,2203.7,2,1,0,0
CUS-103611,23,Month-to-month,DSL,Mailed check,Yes,No internet service,No,0,Yes,No,90.16,2142.04,4,4,0,1
CUS-100174,33,One year,Fiber optic,Credit card,Yes,Yes,Yes,0,Yes,Yes,69.56,1977.84,0,0,1,0
CUS-101903,37,Two year,Fiber optic,Electronic check,Yes,No internet service,No internet service,0,No,Yes,74.45,3234.41,0,2,0,0
CUS-101099,26,Two year,Fiber optic,Bank transfer,No,Yes,No internet service,1,No,Yes,93.7,2408.27,4,1,1,0
CUS-104630,21,Month-to-month,DSL,Credit card,No,No,No,0,No,No,80.52,1480.37,4,4,0,1
CUS-104747,53,One year,No,Bank transfer,Yes,Yes,No internet service,0,Yes,Yes,38.73,2094.38,0,1,0,0
CUS-102292,28,One year,Fiber optic,Mailed check,Yes,No,No internet service,0,No,Yes,136.7,3712.45,5,1,0,0
CUS-106092,28,Month-to-month,Fiber optic,Electronic check,Yes,Yes,No,0,Yes,No,99.21,2918.5,5,1,1,1
CUS-106808,16,One year,Fiber optic,Electronic check,Yes,Yes,No,0,Yes,No,105.46,1675.73,0,4,0,1
CUS-105478,15,Month-to-month,DSL,Mailed check,Yes,No internet service,Yes,0,Yes,Yes,92.78,807.44,5,1,0,0
CUS-103523,2,One year,DSL,Credit card,Yes,No,Yes,0,No,No,46.94,142.97,2,0,0,0
CUS-101164,9,Month-to-month,Fiber optic,Mailed check,Yes,No,No,1,Yes,Yes,55.02,346.91,0,2,0,0
CUS-103718,28,Month-to-month,No,Credit card,Yes,No,Yes,1,Yes,No,51.95,1918.2,5,0,0,0
CUS-103978,31,One year,Fiber optic,Credit card,Yes,No,Yes,0,No,Yes,90.19,2786.46,3,2,1,1
CUS-102907,29,Two year,Fiber optic,Bank transfer,No,No,No,0,No,Yes,111.18,2702.95,5,2,0,0
CUS-105206,17,Month-to-month,DSL,Bank transfer,Yes,Yes,No,0,Yes,No,74.85,1401.96,1,1,0,0
CUS-104943,2,Two year,DSL,Electronic check,No,No,No internet service,1,No,No,54.82,257.44,2,1,0,0
CUS-101661,11,Two year,DSL,Credit card,Yes,No,Yes,0,Yes,No,52.34,570.51,0,1,0,0
CUS-100508,17,Month-to-month,DSL,Electronic check,Yes,Yes,No internet service,0,Yes,No,50.98,887.85,2,1,0,0
CUS-100166,24,Month-to-month,Fiber optic,Mailed check,No,No,No,1,No,Yes,101.71,1976.23,5,3,1,1
CUS-106619,3,Month-to-month,Fiber optic,Credit card,No,No,Yes,0,No,Yes,74.86,62.13,1,0,0,0
CUS-105602,55,One year,Fiber optic,Electronic check,No,No internet service,Yes,0,No,No,112.1,6284.36,3,2,0,0
CUS-103121,26,Two year,Fiber optic,Bank transfer,No,No internet service,No,0,Yes,No,88.15,2016.02,1,4,0,0
CUS-105844,30,Month-to-month,Fiber optic,Mailed check,No,Yes,No,0,Yes,No,82.69,2633.95,1,1,0,0
CUS-100103,12,Two year,No,Electronic check,Yes,No internet service,No,0,No,No,76.38,972.43,4,1,0,0
CUS-103332,8,Month-to-month,Fiber optic,Credit card,Yes,No,Yes,0,Yes,No,115.18,1729.1,4,2,1,1
CUS-104230,13,Two year,Fiber optic,Credit card,No,No,No,0,No,No,112.11,1341.98,4,3,1,0
CUS-105826,20,One year,No,Credit card,Yes,No,Yes,1,No,Yes,71.94,1505.42,5,3,0,0
CUS-106410,9,Two year,Fiber optic,Electronic check,Yes,No,No internet service,0,No,No,131.07,1381.04,5,4,1,1
CUS-104291,16,One year,Fiber optic,Bank transfer,Yes,No,No internet service,1,No,No,88.13,1465.6,2,1,0,0
CUS-101752,58,Two year,DSL,Bank transfer,Yes,No internet service,No,0,No,Yes,85.86,4853.07,5,1,0,0
CUS-106246,20,Two year,Fiber optic,Electronic check,No,No internet service,No internet service,0,No,No,100.1,2286.57,1,2,0,0
CUS-103742,6,Two year,No,Mailed check,No,No internet service,No internet service,0,No,No,76.25,471.83,3,1,0,0
CUS-105608,18,Month-to-month,Fiber optic,Electronic check,No,Yes,No,0,No,No,92.19,1500.91,2,2,0,1
CUS-101658,42,Month-to-month,DSL,Bank transfer,No,No,No internet service,0,Yes,No,38.31,1490.64,1,1,0,0
CUS-100152,72,Month-to-month,Fiber optic,Credit card,Yes,Yes,No internet service,0,No,No,102.26,6939.2,2,0,0,0
CUS-103573,61,Month-to-month,No,Electronic check,No,No internet service,No,0,No,No,53.98,3243.96,0,2,0,0
CUS-102483,17,One year,DSL,Bank transfer,No,No,Yes,0,Yes,No,83.29,1323.76,5,3,0,0
CUS-101583,9,Month-to-month,Fiber optic,Credit card,No,Yes,No internet service,1,Yes,Yes,111.59,780.9,4,3,0,1
CUS-105885,21,One year,Fiber optic,Electronic check,No,No,No,0,Yes,Yes,101.67,1888.1,3,3,1,0
CUS-102552,35,One year,Fiber optic,Bank transfer,Yes,Yes,No,0,Yes,No,125.27,3871.19,4,6,0,0
CUS-103379,4,Month-to-month,Fiber optic,Mailed check,Yes,No,No internet service,0,No,No,72.61,48.23,0,3,0,0
CUS-103002,44,Two year,No,Credit card,Yes,No,No,1,No,No,49.15,2231.81,1,1,0,0
CUS-103538,22,One year,Fiber optic,Mailed check,Yes,No internet service,Yes,0,No,No,86.55,1410.82,2,1,0,0
CUS-105132,44,Month-to-month,Fiber optic,Credit card,No,No,No internet service,0,No,No,106.28,4890.23,4,4,1,1
CUS-105416,61,Month-to-month,Fiber optic,Credit card,No,No,Yes,0,No,No,56.39,3541.82,0,0,0,0
CUS-106107,11,Month-to-month,Fiber optic,Credit card,Yes,No,Yes,0,No,No,140.17,2316.63,5,3,0,0
CUS-102209,25,Two year,Fiber optic,Electronic check,No,No,No,0,No,No,87.39,2156.41,0,0,0,0
CUS-103649,53,Month-to-month,No,Electronic check,No,No,Yes,0,Yes,No,69.24,3846.98,5,1,0,1
CUS-104205,10,One year,Fiber optic,Bank transfer,Yes,No,No,0,No,No,72.34,786.85,0,1,0,0
CUS-101822,3,Month-to-month,No,Mailed check,No,No,No,0,Yes,Yes,68.8,107.78,2,2,0,1
CUS-106005,9,Month-to-month,DSL,Bank transfer,Yes,Yes,No,0,No,No,56.0,439.47,2,3,0,0
CUS-104684,19,Two year,DSL,Bank transfer,Yes,No,No,0,Yes,No,50.22,703.86,2,1,1,0
CUS-104192,26,Month-to-month,Fiber optic,Electronic check,No,No,No,0,Yes,No,94.86,2425.32,5,5,0,0
CUS-104424,41,Two year,No,Bank transfer,No,No internet service,No,0,Yes,No,61.3,2394.33,3,0,0,0
CUS-100309,7,Month-to-month,Fiber optic,Electronic check,Yes,No internet service,No internet service,0,Yes,Yes,131.8,1432.98,2,4,0,0
CUS-100212,26,Month-to-month,Fiber optic,Credit card,Yes,No,No,0,Yes,No,98.25,2314.89,5,3,0,1
CUS-103358,36,Month-to-month,Fiber optic,Credit card,No,No internet service,Yes,0,Yes,No,103.94,3935.33,4,1,0,0
CUS-106671,25,Month-to-month,DSL,Mailed check,No,No,Yes,0,Yes,No,25.58,638.93,0,1,0,0
CUS-103552,18,One year,Fiber optic,Electronic check,No,No,No,0,Yes,No,90.01,1478.08,1,3,0,0
CUS-100495,7,Month-to-month,DSL,Bank transfer,No,Yes,Yes,0,No,No,71.27,649.32,5,2,0,0
CUS-100205,8,Month-to-month,DSL,Bank transfer,No,Yes,No,0,No,No,55.62,316.77,4,2,0,0
CUS-101434,14,Month-to-month,DSL,Electronic check,Yes,Yes,No,0,No,No,67.4,1225.84,5,2,0,0
CUS-101135,53,Month-to-month,No,Electronic check,Yes,No,Yes,0,No,No,64.24,3345.31,4,3,0,1
CUS-102584,10,Month-to-month,Fiber optic,Mailed check,No,No,No internet service,1,No,No,62.07,781.78,0,1,0,0
CUS-100868,13,One year,DSL,Electronic check,No,No internet service,No internet service,0,No,No,37.31,592.42,2,2,0,0
CUS-104055,10,Month-to-month,Fiber optic,Credit card,No,No,No internet service,0,No,No,88.02,992.7,1,2,0,0
CUS-100305,15,One year,No,Electronic check,No,Yes,No,0,No,No,52.52,776.21,3,0,0,0
CUS-101849,38,Month-to-month,Fiber optic,Credit card,Yes,Yes,Yes,0,Yes,Yes,99.31,3958.05,5,3,0,1
CUS-103728,7,Two year,No,Electronic check,Yes,No,No,1,No,Yes,47.0,525.68,2,0,0,0
CUS-101988,32,Month-to-month,DSL,Electronic check,Yes,No internet service,No,0,Yes,No,83.99,2509.58,4,3,0,0
CUS-102798,42,Month-to-month,DSL,Mailed check,No,Yes,No,0,No,Yes,49.66,2214.84,2,0,0,0
CUS-104508,34,One year,DSL,Credit card,No,No,No internet service,0,No,Yes,77.87,2578.47,5,3,0,1
CUS-101534,9,Month-to-month,DSL,Electronic check,Yes,No,No,0,No,No,68.09,666.24,4,3,0,1
CUS-100843,33,Month-to-month,Fiber optic,Electronic check,Yes,No,No,0,Yes,No,127.99,3914.84,5,4,0,0
CUS-101987,12,Two year,DSL,Credit card,Yes,No,No internet service,0,Yes,No,44.53,629.45,0,1,0,0
CUS-104092,14,Two year,Fiber optic,Credit card,No,No internet service,No internet service,0,No,No,101.88,800.03,1,4,0,0
CUS-104694,7,Month-to-month,DSL,Electronic check,No,No,Yes,0,Yes,No,46.88,440.84,0,2,0,0
CUS-105257,6,Month-to-month,Fiber optic,Electronic check,No,No,No,0,No,Yes,115.99,516.6,4,4,0,0
CUS-100383,39,One year,No,Electronic check,Yes,No,No,0,No,No,55.26,1848.82,3,1,0,0
CUS-101538,50,Month-to-month,Fiber optic,Bank transfer,No,No,No internet service,0,No,Yes,110.0,5260.85,2,2,0,1
CUS-100211,23,One year,Fiber optic,Electronic check,Yes,No internet service,Yes,0,Yes,No,61.24,1169.56,2,0,0,0
CUS-101957,24,Month-to-month,No,Bank transfer,Yes,No,Yes,0,No,No,70.27,1690.56,4,2,0,0
CUS-104570,15,Month-to-month,No,Credit card,Yes,No,No,0,No,No,51.1,795.39,1,1,1,0
CUS-102438,38,Two year,DSL,Credit card,No,No internet service,Yes,0,No,Yes,84.97,2974.55,5,4,0,0
CUS-102727,35,Month-to-month,DSL,Credit card,No,Yes,No internet service,0,Yes,No,64.35,2138.46,2,1,0,0
CUS-103218,57,Two year,DSL,Bank transfer,Yes,No,No internet service,0,Yes,No,31.98,1854.43,2,0,0,0
CUS-105266,57,Two year,No,Electronic check,No,No,No internet service,0,Yes,Yes,59.86,3545.9,1,0,0,0
CUS-101349,28,Month-to-month,Fiber optic,Bank transfer,No,Yes,No internet service,0,No,Yes,128.06,4076.08,5,3,0,0
CUS-104372,34,Month-to-month,No,Credit card,No,No,No,0,Yes,No,92.0,3185.9,5,3,0,0
CUS-106725,8,Month-to-month,DSL,Credit card,Yes,Yes,No,1,No,No,26.77,197.14,2,0,0,0
CUS-105349,15,One year,No,Credit card,No,No internet service,No,0,Yes,Yes,60.78,1040.58,3,1,0,0
CUS-100680,20,Month-to-month,DSL,Bank transfer,Yes,Yes,No internet service,0,No,No,38.51,809.63,0,0,0,0
CUS-100180,30,One year,Fiber optic,Bank transfer,No,Yes,Yes,0,Yes,No,85.96,2581.69,1,2,0,0
CUS-106660,46,Month-to-month,DSL,Bank transfer,Yes,No,No internet service,1,Yes,Yes,52.72,2308.03,1,0,0,0
CUS-104872,4,Month-to-month,Fiber optic,Credit card,No,No,No,0,Yes,Yes,90.69,722.82,4,3,0,0
CUS-106462,29,Month-to-month,No,Mailed check,Yes,Yes,No,0,No,No,61.85,1985.66,4,3,0,0
CUS-100278,31,Month-to-month,DSL,Bank transfer,Yes,No,Yes,0,Yes,Yes,44.55,1477.4,2,1,0,1
CUS-102937,44,One year,No,Electronic check,No,No,No internet service,0,No,No,49.53,2357.17,4,0,0,0
CUS-104839,17,Month-to-month,DSL,Credit card,Yes,No,No,0,No,No,52.0,936.26,2,1,0,1
CUS-102480,5,One year,Fiber optic,Credit card,No,No internet service,No,0,Yes,Yes,86.48,230.36,3,1,0,0
CUS-100289,30,One year,Fiber optic,Bank transfer,Yes,No internet service,Yes,1,Yes,No,117.94,4478.42,3,3,1,0
CUS-104340,33,Month-to-month,No,Mailed check,Yes,Yes,No internet service,0,Yes,No,39.27,1287.52,3,0,1,0
CUS-106751,16,Two year,No,Electronic check,Yes,Yes,No,0,No,No,77.39,1398.61,4,2,0,0
CUS-100993,30,Month-to-month,DSL,Electronic check,No,No,Yes,0,No,Yes,54.93,1631.73,1,2,0,0
CUS-102236,51,Month-to-month,No,Credit card,No,No internet service,No,0,Yes,Yes,67.03,3383.29,4,1,0,0
CUS-106657,42,One year,DSL,Credit card,Yes,No internet service,Yes,0,No,No,58.01,2553.09,4,1,0,0
CUS-100039,34,Month-to-month,No,Bank transfer,Yes,No,No internet service,0,No,No,60.72,2359.04,2,2,0,0
CUS-106743,5,Month-to-month,Fiber optic,Bank transfer,No,No,No,0,No,No,95.29,628.7,0,3,0,1
CUS-102754,34,Two year,DSL,Mailed check,Yes,No internet service,No,0,No,No,80.67,2683.05,4,1,0,0
CUS-105606,5,Month-to-month,Fiber optic,Bank transfer,No,No internet service,No,0,No,Yes,96.44,200.75,3,3,0,1
CUS-105294,31,Month-to-month,DSL,Bank transfer,Yes,Yes,Yes,0,Yes,No,40.8,1028.64,0,0,0,0
CUS-100270,16,One year,No,Credit card,No,Yes,No,0,No,Yes,88.58,1105.68,4,2,0,1
CUS-106288,13,One year,Fiber optic,Mailed check,No,No,No,0,No,Yes,99.34,569.18,1,2,0,0
CUS-102883,24,Month-to-month,DSL,Credit card,Yes,No internet service,No,1,Yes,No,89.61,2527.24,4,3,0,0
CUS-105717,34,One year,DSL,Electronic check,Yes,No,Yes,1,No,No,66.4,2145.61,0,2,0,0
CUS-106994,14,One year,Fiber optic,Bank transfer,Yes,No,No,0,Yes,Yes,118.14,1547.58,4,2,0,0
CUS-105432,30,Month-to-month,Fiber optic,Electronic check,Yes,Yes,No,0,Yes,No,96.16,2917.22,2,0,0,0
CUS-100111,28,Month-to-month,Fiber optic,Credit card,Yes,No internet service,No internet service,0,Yes,No,100.79,2305.79,2,1,0,1
CUS-101391,3,One year,Fiber optic,Mailed check,Yes,Yes,Yes,1,No,No,70.27,374.15,1,0,0,1
CUS-102600,3,Two year,DSL,Credit card,Yes,No,Yes,0,No,No,28.32,217.83,1,2,0,0
CUS-100220,16,One year,Fiber optic,Mailed check,No,Yes,No,0,No,Yes,88.63,1284.09,2,3,0,0
CUS-106662,43,Month-to-month,Fiber optic,Electronic check,Yes,No,No,0,No,No,109.94,4404.4,5,2,0,1
CUS-103025,43,Month-to-month,DSL,Bank transfer,No,No internet service,No,1,No,No,68.28,3112.35,3,1,0,0
CUS-104248,55,Two year,Fiber optic,Mailed check,No,No,No,0,No,No,94.64,5085.43,3,8,1,0
CUS-100083,22,Month-to-month,No,Credit card,Yes,No,No internet service,0,Yes,Yes,62.84,1274.07,5,1,0,0
CUS-100873,38,Two year,No,Mailed check,No,No,No,0,No,No,50.73,1888.32,2,4,0,0
CUS-106482,12,Month-to-month,DSL,Credit card,No,No,No,0,No,No,59.98,761.96,5,1,0,0
CUS-104615,4,Month-to-month,DSL,Electronic check,Yes,No internet service,No,1,No,No,45.6,103.77,1,0,0,0
CUS-100461,60,Month-to-month,Fiber optic,Mailed check,Yes,No,Yes,1,No,No,67.92,3925.51,3,1,0,1
CUS-106148,7,Month-to-month,DSL,Mailed check,Yes,No,No,0,No,Yes,72.7,655.13,5,2,0,0
CUS-100551,38,Month-to-month,Fiber optic,Mailed check,Yes,Yes,No,0,Yes,No,89.09,3191.11,3,3,0,0
CUS-106507,9,Two year,Fiber optic,Credit card,No,No internet service,No internet service,1,No,Yes,131.87,786.32,2,6,0,0
CUS-102374,6,One year,Fiber optic,Electronic check,No,No internet service,No,0,No,No,89.83,592.05,1,1,0,0
CUS-106433,14,Two year,DSL,Credit card,No,Yes,No,0,Yes,No,48.0,798.46,0,0,0,0
CUS-102246,42,Two year,No,Bank transfer,No,Yes,No internet service,0,No,Yes,47.13,2009.82,2,0,0,0
CUS-106771,13,Two year,Fiber optic,Bank transfer,No,No,No,0,Yes,No,101.46,1429.21,5,1,0,0
CUS-106487,18,Two year,Fiber optic,Electronic check,Yes,Yes,No internet service,0,Yes,No,96.08,1533.31,2,3,0,0
CUS-102450,28,Month-to-month,Fiber optic,Bank transfer,No,No internet service,No internet service,1,Yes,No,107.44,3251.77,3,5,1,0
CUS-102329,11,Two year,Fiber optic,Bank transfer,Yes,No internet service,Yes,0,No,No,83.42,924.23,1,1,0,0
CUS-105868,63,One year,Fiber optic,Electronic check,No,No,No,0,Yes,No,83.73,4997.99,1,0,0,0
CUS-102146,6,One year,DSL,Credit card,Yes,No,No,0,No,No,46.52,151.32,0,1,0,0
CUS-105456,72,Two year,Fiber optic,Electronic check,Yes,No internet service,No,1,Yes,No,141.5,10306.58,5,3,0,0
CUS-105843,51,Month-to-month,Fiber optic,Electronic check,Yes,No,No,0,No,No,124.65,6163.42,3,0,0,0
CUS-106171,11,One year,DSL,Electronic check,Yes,Yes,Yes,0,No,No,64.57,817.8,5,2,0,1
CUS-100650,11,Two year,No,Credit card,Yes,No internet service,No,0,Yes,No,53.53,590.23,3,1,1,0
CUS-100708,48,Month-to-month,Fiber optic,Credit card,No,No internet service,No,0,No,Yes,78.98,3865.33,2,4,1,0
CUS-106654,72,Two year,Fiber optic,Bank transfer,Yes,No internet service,Yes,0,No,No,99.01,7149.55,5,3,0,0
CUS-106593,19,Month-to-month,DSL,Electronic check,Yes,No internet service,Yes,0,Yes,No,68.75,1240.99,3,1,0,1
CUS-105251,14,Month-to-month,No,Electronic check,Yes,Yes,Yes,1,Yes,No,45.13,676.01,0,3,0,1
CUS-105410,67,Month-to-month,Fiber optic,Credit card,Yes,No,Yes,0,Yes,Yes,111.33,6954.82,5,6,1,0
CUS-105425,26,Two year,Fiber optic,Mailed check,No,Yes,Yes,0,Yes,Yes,66.43,1910.83,0,4,1,0
CUS-101424,4,Two year,No,Electronic check,No,Yes,No internet service,0,No,No,58.28,450.8,1,1,0,1
CUS-101216,8,Month-to-month,DSL,Credit card,Yes,No,No,0,Yes,No,66.33,411.8,2,1,0,1
CUS-105337,22,Month-to-month,Fiber optic,Credit card,No,Yes,No,0,No,Yes,85.82,1690.76,3,0,0,1
CUS-101924,31,Month-to-month,DSL,Electronic check,No,No,No,1,Yes,No,43.71,1117.09,1,0,0,0
CUS-103774,4,Month-to-month,Fiber optic,Mailed check,No,Yes,No,0,No,No,92.71,902.17,2,1,0,0
CUS-104657,57,Two year,DSL,Bank transfer,No,No,No,0,No,Yes,50.23,2980.89,0,1,1,0
CUS-100314,30,Two year,No,Mailed check,Yes,No,No,0,No,Yes,64.17,1936.94,3,2,0,0
CUS-103768,39,Month-to-month,DSL,Electronic check,No,No,No,0,Yes,No,46.67,2175.97,0,2,0,0
CUS-101427,33,One year,Fiber optic,Mailed check,No,No,No,0,Yes,Yes,109.4,3914.05,4,3,0,0
CUS-103903,37,Month-to-month,No,Bank transfer,Yes,Yes,No,0,Yes,Yes,54.0,2051.67,1,2,0,1
CUS-106067,10,Two year,DSL,Bank transfer,No,Yes,No internet service,0,No,No,65.0,641.19,5,2,0,0
CUS-103904,56,Month-to-month,No,Bank transfer,Yes,Yes,No,0,No,Yes,53.98,3204.21,1,4,0,0
CUS-105657,23,Month-to-month,No,Electronic check,Yes,No,No,0,Yes,Yes,46.69,1170.85,0,2,1,0
CUS-106747,17,Month-to-month,DSL,Bank transfer,No,No,No internet service,0,Yes,No,49.59,670.64,2,3,1,0
CUS-101105,8,One year,No,Mailed check,No,No internet service,No internet service,0,Yes,No,45.68,123.19,1,4,0,0
CUS-105143,22,Month-to-month,No,Credit card,No,No internet service,No,0,Yes,No,41.41,934.49,4,1,0,0
CUS-104287,26,Month-to-month,No,Bank transfer,Yes,No,No,1,No,Yes,91.21,2058.77,5,2,0,0
CUS-106999,40,Month-to-month,DSL,Electronic check,No,No,No,1,No,Yes,42.88,1597.26,0,2,0,0
CUS-103492,18,One year,Fiber optic,Credit card,Yes,No,No internet service,0,No,No,88.25,1162.56,2,2,0,1
CUS-100684,59,Month-to-month,Fiber optic,Credit card,Yes,No,No,0,Yes,No,81.5,4569.27,1,2,0,0
CUS-105121,39,One year,Fiber optic,Bank transfer,Yes,No,No internet service,0,No,Yes,105.24,4099.87,1,3,0,0
CUS-102765,32,One year,Fiber optic,Electronic check,No,No,No,0,Yes,Yes,102.16,3144.51,3,3,0,0
CUS-105488,72,One year,No,Bank transfer,No,Yes,No,0,No,Yes,51.95,3815.19,2,3,0,0
CUS-104240,25,Month-to-month,Fiber optic,Electronic check,Yes,Yes,No internet service,0,Yes,No,84.88,1783.16,3,2,0,0
CUS-102451,7,One year,Fiber optic,Bank transfer,Yes,No internet service,No internet service,0,Yes,No,90.93,728.02,2,2,0,0
CUS-106006,24,Month-to-month,No,Credit card,No,Yes,No internet service,0,No,Yes,42.79,952.29,2,1,0,0
CUS-100326,38,Month-to-month,No,Electronic check,No,Yes,No,0,Yes,No,68.85,2778.6,4,3,1,0
CUS-103931,41,One year,No,Bank transfer,No,No,No,0,Yes,No,60.75,2514.72,1,4,0,0
CUS-105933,26,Month-to-month,DSL,Electronic check,No,Yes,Yes,1,No,Yes,52.11,1220.17,1,1,0,1
CUS-102176,35,Month-to-month,DSL,Electronic check,Yes,No,Yes,1,No,No,48.99,1547.05,3,1,1,1
CUS-103580,16,Month-to-month,Fiber optic,Electronic check,Yes,No internet service,Yes,1,No,No,82.03,1206.84,0,2,0,1
CUS-106970,27,Two year,Fiber optic,Credit card,Yes,Yes,No,0,No,No,84.03,2304.02,2,3,0,0
CUS-106054,27,One year,Fiber optic,Bank transfer,Yes,Yes,No,1,No,No,92.22,1953.59,2,3,0,1
CUS-103227,16,Two year,No,Mailed check,No,No,Yes,0,Yes,No,51.41,1277.66,1,4,0,0
CUS-102787,47,Month-to-month,No,Credit card,No,Yes,No,1,Yes,Yes,59.61,3016.78,0,3,0,0
CUS-104758,17,One year,Fiber optic,Mailed check,No,No,Yes,0,No,Yes,72.32,1112.43,0,2,0,0
CUS-106827,13,Month-to-month,No,Electronic check,No,No internet service,No,0,Yes,No,55.26,731.87,0,0,0,0
CUS-101676,11,One year,Fiber optic,Credit card,Yes,No internet service,Yes,1,Yes,Yes,119.36,1649.36,5,1,0,1
CUS-100348,17,Two year,Fiber optic,Credit card,No,No,Yes,1,No,No,96.04,1413.94,3,5,0,0
CUS-106358,30,Month-to-month,Fiber optic,Mailed check,No,Yes,No,1,No,No,83.07,2346.49,1,2,1,0
CUS-103554,16,Month-to-month,DSL,Credit card,Yes,Yes,No internet service,0,Yes,Yes,70.67,1718.46,4,2,0,0
CUS-105457,2,Two year,Fiber optic,Credit card,No,Yes,No internet service,0,No,No,73.59,87.71,0,2,0,0
CUS-101626,3,Month-to-month,DSL,Bank transfer,Yes,No,Yes,0,No,No,36.72,18.36,1,2,1,1
CUS-104577,11,Month-to-month,Fiber optic,Credit card,Yes,No internet service,No,0,Yes,Yes,134.14,1927.66,5,3,0,1
CUS-103123,23,Month-to-month,No,Credit card,Yes,No,No,0,No,No,47.54,1057.24,0,1,0,0
CUS-103407,41,Month-to-month,DSL,Credit card,No,No,No internet service,0,No,No,38.74,1694.33,4,4,0,0
CUS-100871,15,Two year,No,Electronic check,Yes,No,No internet service,0,Yes,Yes,25.11,296.16,0,0,0,0
CUS-104075,52,Month-to-month,DSL,Credit card,Yes,No,Yes,1,No,Yes,63.69,3290.75,2,1,0,0
CUS-103858,20,Month-to-month,Fiber optic,Electronic check,No,No,Yes,0,Yes,No,83.63,1945.42,1,4,0,0
CUS-103826,35,One year,Fiber optic,Mailed check,Yes,No,No,0,Yes,No,67.87,2379.49,1,1,0,0
CUS-102218,36,Month-to-month,Fiber optic,Credit card,Yes,Yes,No,0,No,No,109.75,4221.02,3,2,0,0
CUS-105485,16,One year,DSL,Electronic check,No,No internet service,Yes,0,Yes,No,67.7,1329.0,0,2,0,0
CUS-102121,33,Month-to-month,Fiber optic,Credit card,No,Yes,Yes,0,No,No,71.1,2491.14,2,2,0,0
CUS-105829,5,One year,Fiber optic,Mailed check,Yes,No,No internet service,0,No,No,71.03,713.22,3,1,0,0
CUS-103318,14,Month-to-month,Fiber optic,Bank transfer,Yes,No,Yes,0,Yes,Yes,115.01,1608.24,5,3,0,0
CUS-100085,17,One year,Fiber optic,Mailed check,Yes,No,No internet service,0,Yes,Yes,73.63,1082.92,4,2,1,0
CUS-103885,11,Month-to-month,No,Electronic check,No,No,No internet service,0,Yes,Yes,22.82,244.59,1,0,0,0
CUS-101877,11,Month-to-month,Fiber optic,Electronic check,Yes,No,No internet service,1,No,Yes,102.23,1160.82,3,3,0,1
CUS-102801,72,Month-to-month,No,Electronic check,Yes,No,No internet service,0,Yes,No,51.99,3965.1,0,1,0,0
CUS-105521,22,One year,DSL,Bank transfer,Yes,No,Yes,0,No,No,87.68,1955.03,5,1,0,1
CUS-102640,13,Month-to-month,No,Electronic check,Yes,Yes,No,0,No,No,59.08,853.38,2,3,0,1
CUS-106367,28,Two year,DSL,Credit card,Yes,Yes,No,1,Yes,Yes,51.27,1736.09,0,0,0,0
CUS-102880,58,One year,DSL,Electronic check,Yes,Yes,No,0,No,Yes,40.44,2313.78,0,0,0,0
CUS-106230,72,Month-to-month,DSL,Electronic check,No,Yes,No,0,Yes,Yes,38.28,2645.67,1,0,0,0
CUS-100494,32,Two year,DSL,Credit card,No,No internet service,No internet service,0,No,No,50.79,1691.08,5,3,0,0
CUS-104081,9,Month-to-month,DSL,Credit card,No,Yes,No,0,Yes,No,36.93,341.19,0,0,0,1
CUS-102525,72,Month-to-month,Fiber optic,Mailed check,Yes,No,No internet service,1,Yes,No,130.36,9718.81,5,3,0,0
CUS-104407,47,Month-to-month,No,Electronic check,Yes,No internet service,No,0,Yes,No,74.2,3246.52,4,2,0,0
CUS-103353,38,Month-to-month,Fiber optic,Credit card,Yes,No,No,0,Yes,No,74.79,2928.59,0,7,0,1
CUS-103807,4,Month-to-month,DSL,Electronic check,No,Yes,No internet service,1,Yes,No,48.36,51.94,1,1,1,0
CUS-101270,11,Two year,Fiber optic,Bank transfer,No,No,No internet service,0,No,Yes,97.01,1081.31,3,0,0,0
CUS-105558,6,Month-to-month,Fiber optic,Bank transfer,Yes,No,No,0,No,No,108.34,1252.36,1,1,0,0
CUS-106995,32,One year,DSL,Mailed check,Yes,Yes,No internet service,1,No,Yes,59.07,1987.81,3,1,0,0
CUS-102895,16,Month-to-month,DSL,Electronic check,Yes,No,No,0,Yes,Yes,76.31,1416.54,5,0,0,0
CUS-105683,27,Month-to-month,Fiber optic,Electronic check,Yes,No internet service,Yes,0,Yes,Yes,93.73,2739.5,0,3,0,0
CUS-105783,27,Month-to-month,Fiber optic,Bank transfer,Yes,No,No,0,No,Yes,100.45,2843.31,3,1,0,0
CUS-100618,13,Two year,Fiber optic,Electronic check,No,No,No,0,Yes,No,62.8,942.75,0,1,0,0
CUS-106020,17,Two year,DSL,Electronic check,No,No,No,0,Yes,No,52.52,869.55,1,1,0,0
CUS-103630,12,Month-to-month,Fiber optic,Mailed check,Yes,No,Yes,0,No,No,90.48,1142.32,0,3,0,0
CUS-104054,51,Month-to-month,DSL,Credit card,Yes,Yes,No internet service,0,Yes,No,50.01,2495.33,2,6,0,0
CUS-105761,34,Month-to-month,No,Electronic check,No,No,No,0,Yes,Yes,67.7,2304.99,2,2,0,0
CUS-103077,13,One year,DSL,Mailed check,Yes,No,No internet service,0,Yes,Yes,108.88,1188.51,4,2,0,1
CUS-104152,30,Month-to-month,DSL,Mailed check,No,No,No,0,Yes,No,43.65,1435.13,1,2,0,1
CUS-101413,62,One year,Fiber optic,Credit card,No,No,No,0,Yes,No,127.17,7504.79,4,2,0,0
CUS-102201,36,Month-to-month,DSL,Bank transfer,Yes,No,Yes,0,No,No,71.94,2644.33,4,1,0,0
CUS-102001,72,Month-to-month,Fiber optic,Credit card,No,Yes,Yes,0,No,No,86.05,6312.79,1,0,0,0
CUS-105427,32,Month-to-month,DSL,Electronic check,Yes,Yes,No,0,No,No,80.28,2181.89,3,0,0,0
CUS-100869,31,Two year,No,Mailed check,No,No,No,1,Yes,Yes,69.69,2131.1,3,1,0,0
CUS-102358,13,Two year,DSL,Bank transfer,Yes,Yes,No,0,Yes,No,32.69,270.49,2,2,0,0
CUS-102006,22,One year,Fiber optic,Electronic check,No,Yes,No,0,No,Yes,97.52,2218.33,0,1,0,0
CUS-103606,11,Month-to-month,No,Electronic check,No,Yes,No,0,No,No,69.01,990.97,3,1,0,0
CUS-104842,29,One year,DSL,Electronic check,No,No internet service,No,0,No,No,33.14,937.6,2,2,1,1
CUS-100356,50,One year,DSL,Bank transfer,No,No,No,0,Yes,No,51.0,2337.13,0,2,0,0
CUS-101162,39,Month-to-month,No,Credit card,No,No,No internet service,0,No,No,59.8,2508.27,4,0,0,0
CUS-105993,30,Month-to-month,No,Bank transfer,Yes,Yes,Yes,1,No,No,57.02,2030.26,0,2,0,0
CUS-103089,64,Month-to-month,Fiber optic,Bank transfer,No,Yes,No,0,Yes,No,95.03,5759.24,3,0,0,0
CUS-106179,14,Month-to-month,Fiber optic,Bank transfer,Yes,No internet service,Yes,0,Yes,No,81.55,1252.62,2,1,0,1
CUS-105583,8,Month-to-month,Fiber optic,Bank transfer,No,Yes,Yes,0,Yes,No,89.82,1393.82,1,1,0,1
CUS-104085,8,Two year,Fiber optic,Electronic check,No,Yes,No,0,No,No,111.03,264.55,3,3,0,0
CUS-106903,43,Month-to-month,No,Credit card,No,No internet service,No internet service,0,Yes,Yes,42.79,1830.05,0,2,0,0
CUS-101890,19,Month-to-month,Fiber optic,Mailed check,No,Yes,No internet service,0,Yes,No,87.1,1078.42,1,2,0,0
CUS-100579,64,Two year,DSL,Mailed check,No,No internet service,Yes,0,Yes,No,54.53,3166.62,2,1,0,0
CUS-102319,11,Month-to-month,DSL,Mailed check,No,No,Yes,0,No,Yes,100.98,1078.99,5,2,0,0
CUS-103532,16,Month-to-month,Fiber optic,Credit card,No,No,No,0,Yes,No,74.22,663.12,0,0,0,0
CUS-101691,35,Month-to-month,DSL,Mailed check,Yes,No,No internet service,0,No,Yes,55.81,1947.46,0,2,0,1
CUS-100862,6,Month-to-month,Fiber optic,Credit card,Yes,No,No internet service,0,No,Yes,90.36,769.32,2,0,0,0
CUS-104734,47,One year,DSL,Bank transfer,No,No,Yes,1,No,No,52.82,2523.95,2,4,0,0
CUS-106911,20,Month-to-month,Fiber optic,Mailed check,No,No,Yes,0,Yes,No,90.6,2223.42,5,6,1,1
CUS-102380,25,Month-to-month,Fiber optic,Electronic check,No,No,Yes,0,No,No,138.98,3033.23,4,1,0,0
CUS-102378,41,Month-to-month,Fiber optic,Mailed check,Yes,Yes,No,0,No,No,112.31,4564.83,4,2,0,0
CUS-104928,5,One year,No,Credit card,No,No,Yes,0,Yes,No,66.84,452.55,3,1,0,0
CUS-106043,3,Month-to-month,Fiber optic,Electronic check,No,Yes,No,0,No,No,77.51,280.89,3,2,0,0
CUS-103558,17,Month-to-month,Fiber optic,Credit card,No,Yes,No,0,No,Yes,113.88,2384.39,4,2,0,1
CUS-101116,49,Month-to-month,Fiber optic,Credit card,Yes,No,No,0,Yes,Yes,106.31,4906.89,5,1,0,0
CUS-101541,12,Month-to-month,Fiber optic,Electronic check,Yes,No,No,0,No,No,120.11,1893.78,5,1,0,1
CUS-103792,60,Two year,DSL,Mailed check,Yes,No,No,1,No,No,60.83,3949.9,5,3,1,0
CUS-105380,10,Month-to-month,DSL,Bank transfer,No,No,No internet service,1,Yes,No,83.79,588.4,2,4,1,1
CUS-106436,2,Month-to-month,Fiber optic,Bank transfer,Yes,No,Yes,0,No,No,101.77,486.92,5,1,0,1
CUS-104594,41,Month-to-month,DSL,Electronic check,Yes,Yes,No,0,Yes,Yes,43.59,1673.12,1,1,0,0
CUS-106021,61,Two year,DSL,Bank transfer,No,No,Yes,0,Yes,Yes,18.0,1164.21,0,1,0,0
CUS-105587,12,Month-to-month,No,Bank transfer,Yes,No internet service,No internet service,0,No,No,76.68,993.88,5,3,0,1
CUS-103258,6,Month-to-month,Fiber optic,Electronic check,Yes,No,No,0,No,No,85.79,203.02,1,3,0,1
CUS-105322,15,Month-to-month,No,Credit card,Yes,Yes,No internet service,0,No,No,56.9,796.34,3,3,0,0
CUS-104552,30,One year,DSL,Mailed check,Yes,No,Yes,0,Yes,No,35.33,1025.51,1,1,0,0
CUS-102500,51,Month-to-month,Fiber optic,Electronic check,No,No,No,0,No,No,96.14,4735.45,4,1,1,0
CUS-106180,24,Month-to-month,DSL,Bank transfer,Yes,Yes,No,1,Yes,Yes,75.7,1763.45,4,1,0,0
CUS-104245,31,One year,No,Mailed check,Yes,No internet service,No,0,Yes,No,100.53,2937.05,5,4,0,1
CUS-106199,8,One year,DSL,Electronic check,Yes,Yes,No,0,Yes,No,39.23,605.49,1,1,0,1
CUS-106207,23,Month-to-month,DSL,Electronic check,No,No,No,0,No,No,77.47,2005.83,4,3,0,1
CUS-106888,64,One year,Fiber optic,Credit card,Yes,No,No,0,Yes,No,67.55,4018.68,0,1,1,0
CUS-103317,1,Month-to-month,Fiber optic,Electronic check,Yes,No,No,0,Yes,No,131.3,65.65,5,2,0,1
CUS-105265,4,Month-to-month,Fiber optic,Credit card,Yes,No internet service,No internet service,0,No,No,70.29,454.31,0,4,0,1
CUS-106165,16,Month-to-month,DSL,Electronic check,Yes,No,No,0,No,No,58.86,1227.57,5,0,0,1
CUS-106669,22,Month-to-month,Fiber optic,Bank transfer,Yes,Yes,Yes,0,Yes,No,65.78,1494.88,0,0,0,0
CUS-104986,31,Month-to-month,No,Mailed check,No,No,No internet service,0,Yes,Yes,95.03,3057.57,5,2,0,0
CUS-104105,16,Month-to-month,Fiber optic,Credit card,Yes,No,No,0,Yes,No,112.7,2017.52,4,1,0,1
CUS-105196,21,Two year,No,Bank transfer,No,No,Yes,0,No,No,49.89,1086.33,3,4,0,0
CUS-106901,23,Month-to-month,Fiber optic,Electronic check,No,No internet service,No internet service,1,Yes,Yes,79.91,1925.98,2,5,0,0
CUS-106711,21,Month-to-month,Fiber optic,Electronic check,Yes,No,No internet service,0,Yes,No,100.3,1878.23,2,3,0,0
CUS-102052,10,Two year,DSL,Electronic check,No,Yes,No,0,Yes,Yes,70.89,743.77,5,1,0,0
CUS-101776,72,Month-to-month,DSL,Bank transfer,No,No,No internet service,0,No,No,99.98,7177.88,4,3,1,1
CUS-103455,14,Two year,DSL,Mailed check,Yes,Yes,No internet service,0,Yes,No,43.01,688.09,1,0,0,0
CUS-104275,26,One year,DSL,Credit card,Yes,No,No internet service,0,No,Yes,78.27,1914.15,4,3,0,0
CUS-102536,35,Month-to-month,DSL,Mailed check,Yes,Yes,No,0,No,Yes,39.39,1573.64,4,2,0,0
CUS-105021,10,One year,Fiber optic,Credit card,Yes,No internet service,No internet service,1,Yes,No,131.48,1392.57,5,5,1,1
CUS-104750,22,One year,Fiber optic,Electronic check,No,Yes,No,0,No,No,100.86,2473.64,5,1,0,0
CUS-101592,24,One year,Fiber optic,Credit card,No,No,No internet service,0,No,Yes,128.57,2630.98,4,2,0,0
CUS-101723,7,Month-to-month,DSL,Bank transfer,No,No,No internet service,0,No,Yes,30.95,250.37,1,1,0,1
CUS-105474,12,Month-to-month,DSL,Bank transfer,Yes,No,No internet service,0,No,No,68.2,731.48,2,0,0,0
CUS-102611,43,Month-to-month,DSL,Mailed check,No,Yes,Yes,0,No,Yes,59.76,2393.39,3,1,0,0
CUS-106605,21,Two year,Fiber optic,Electronic check,Yes,No internet service,No,1,Yes,No,101.85,1832.36,3,5,0,1
CUS-100490,52,Month-to-month,DSL,Mailed check,No,No,No internet service,0,No,Yes,33.75,1611.76,0,1,0,0
CUS-106693,25,One year,No,Bank transfer,Yes,Yes,Yes,0,Yes,No,59.71,1636.7,3,2,0,0
CUS-102910,24,One year,No,Credit card,No,No,Yes,0,No,Yes,81.92,1891.52,2,4,0,0
CUS-101006,17,Two year,No,Bank transfer,No,No,No internet service,0,No,No,66.49,1217.97,3,1,0,0
CUS-106029,9,Month-to-month,Fiber optic,Bank transfer,Yes,Yes,No,0,No,No,114.32,1186.1,5,1,0,0
CUS-102503,4,One year,No,Mailed check,Yes,No internet service,No internet service,0,No,No,70.55,35.28,4,1,0,0
CUS-104639,17,Two year,Fiber optic,Credit card,No,No,No,0,Yes,No,112.63,1678.05,3,0,0,0
CUS-102314,21,Month-to-month,Fiber optic,Mailed check,No,Yes,Yes,0,Yes,No,102.32,2281.49,3,5,0,0
CUS-102554,11,Two year,DSL,Electronic check,Yes,No,Yes,0,Yes,No,27.25,296.85,1,1,0,0
CUS-101417,12,One year,No,Credit card,No,Yes,Yes,0,No,No,54.47,776.42,1,2,0,0
CUS-103096,42,Month-to-month,No,Mailed check,Yes,No,No,0,No,No,62.1,2766.55,2,0,0,0
CUS-100025,6,One year,No,Bank transfer,No,No,No,0,No,Yes,57.04,308.94,0,1,0,1
CUS-102409,54,One year,DSL,Credit card,No,Yes,No internet service,0,No,No,64.13,3459.2,2,4,0,0
CUS-101113,24,One year,Fiber optic,Credit card,Yes,No,No,0,Yes,Yes,79.94,1777.23,0,3,0,0
CUS-104148,65,Two year,Fiber optic,Electronic check,No,No,No,0,Yes,No,76.68,5203.09,1,3,0,0
CUS-101552,14,Month-to-month,Fiber optic,Electronic check,Yes,No,Yes,0,No,No,103.22,1671.24,3,7,0,1
CUS-105978,25,Month-to-month,No,Bank transfer,Yes,Yes,Yes,1,Yes,No,61.77,1278.66,5,3,0,0
CUS-105224,35,One year,DSL,Credit card,Yes,Yes,No,1,No,Yes,51.52,1827.99,1,1,0,0
CUS-105513,62,Two year,No,Bank transfer,No,No,Yes,0,No,No,73.81,4711.46,4,1,0,0
CUS-100433,11,Month-to-month,No,Bank transfer,Yes,No,No,0,Yes,Yes,68.5,437.29,3,0,0,1
CUS-106796,60,One year,Fiber optic,Credit card,Yes,No internet service,No internet service,0,No,No,67.76,4141.98,1,1,0,0
CUS-102655,33,Month-to-month,Fiber optic,Electronic check,Yes,No internet service,No internet service,0,Yes,No,92.9,2414.47,2,1,0,1
CUS-103875,6,Month-to-month,No,Credit card,No,Yes,No,0,Yes,Yes,48.08,251.8,0,3,0,0
CUS-104740,39,One year,DSL,Mailed check,Yes,No internet service,No,0,Yes,Yes,28.61,1018.25,0,0,0,0
CUS-104077,10,One year,DSL,Electronic check,Yes,No,Yes,0,No,No,66.2,258.04,4,1,0,0
CUS-101127,16,Two year,DSL,Electronic check,Yes,No,No,0,No,Yes,81.53,995.01,4,2,0,0
CUS-104420,67,One year,DSL,Bank transfer,No,Yes,No,0,No,No,83.84,5845.52,4,2,0,0
CUS-105189,11,Two year,Fiber optic,Credit card,Yes,No internet service,No internet service,0,No,No,107.78,359.71,0,3,0,0
CUS-104122,10,One year,DSL,Electronic check,Yes,No,No,0,Yes,Yes,63.22,635.51,5,3,0,0
CUS-102518,26,One year,Fiber optic,Bank transfer,No,No internet service,No,0,Yes,No,94.44,2480.74,4,7,0,1
CUS-106727,16,One year,DSL,Bank transfer,Yes,No,Yes,0,Yes,No,75.83,1239.36,4,3,1,0
CUS-101102,28,Month-to-month,Fiber optic,Bank transfer,No,No,Yes,0,Yes,No,100.44,2662.94,3,1,0,1
CUS-105107,52,Two year,Fiber optic,Electronic check,Yes,No,No internet service,0,Yes,No,112.62,5595.77,4,1,0,0
CUS-104741,33,Two year,DSL,Electronic check,No,Yes,No,0,Yes,No,38.67,1127.57,0,0,0,0
CUS-104220,29,Month-to-month,Fiber optic,Credit card,Yes,No,No,0,No,No,99.1,2763.47,5,1,0,1
CUS-105184,38,Month-to-month,Fiber optic,Electronic check,Yes,Yes,No internet service,1,No,No,84.98,3381.68,1,2,0,0
CUS-105711,20,Month-to-month,No,Electronic check,No,No,No internet service,0,No,No,59.94,997.39,0,2,0,0
CUS-100194,13,One year,Fiber optic,Electronic check,No,Yes,No,0,No,No,111.85,1288.83,4,2,0,0
CUS-100615,37,Two year,DSL,Credit card,Yes,No internet service,Yes,0,No,No,58.1,2519.24,1,0,0,0
CUS-100643,30,Two year,No,Bank transfer,No,No internet service,No internet service,0,No,No,62.11,2086.87,4,1,0,0
CUS-106553,26,Two year,DSL,Mailed check,Yes,No,No,0,Yes,No,48.41,1336.9,1,2,0,0
CUS-103116,29,One year,No,Credit card,Yes,No,No,0,Yes,No,36.75,1077.56,2,0,0,0
CUS-103370,72,One year,DSL,Electronic check,No,Yes,No,0,Yes,No,50.99,3746.92,3,1,0,0
CUS-102776,45,Two year,DSL,Credit card,Yes,No,No,0,Yes,Yes,62.49,2846.5,2,1,0,0
CUS-105737,51,Two year,Fiber optic,Bank transfer,Yes,No,Yes,0,No,No,106.67,5121.64,3,1,0,0
CUS-105913,19,Month-to-month,DSL,Mailed check,No,Yes,Yes,0,Yes,No,61.03,1006.12,3,2,0,0
CUS-106565,14,Month-to-month,Fiber optic,Credit card,Yes,No internet service,Yes,1,Yes,Yes,68.87,1196.95,0,2,1,1
CUS-100330,71,One year,DSL,Mailed check,Yes,Yes,No,0,Yes,No,80.18,5837.9,3,3,0,0
CUS-102207,10,One year,No,Mailed check,Yes,Yes,Yes,0,Yes,No,70.95,666.51,4,2,0,0
CUS-106854,35,Month-to-month,DSL,Electronic check,No,No internet service,No,0,Yes,No,41.74,1466.35,0,1,0,1
CUS-105036,23,Month-to-month,No,Bank transfer,Yes,No,Yes,0,Yes,Yes,91.7,2040.49,5,5,0,1
CUS-102670,27,Month-to-month,Fiber optic,Mailed check,Yes,No,No,0,Yes,No,101.78,2821.87,1,1,0,0
CUS-100972,15,Month-to-month,Fiber optic,Credit card,Yes,Yes,No,0,No,No,99.22,2217.08,5,2,0,1
CUS-100483,10,Month-to-month,No,Mailed check,Yes,No,No,0,Yes,Yes,36.42,263.22,0,0,1,0
CUS-102420,5,One year,Fiber optic,Mailed check,No,No,No internet service,0,Yes,Yes,77.25,82.36,0,3,1,1
CUS-102602,33,One year,DSL,Credit card,Yes,No,No,0,No,No,54.65,1885.29,1,3,1,0
CUS-100719,32,One year,DSL,Mailed check,No,No,No,0,Yes,No,95.92,2482.84,4,1,0,0
CUS-103414,10,One year,Fiber optic,Bank transfer,Yes,No internet service,No internet service,0,No,Yes,113.91,1337.32,0,2,1,1
CUS-102059,63,One year,No,Bank transfer,Yes,Yes,Yes,0,Yes,No,52.65,3391.93,0,2,0,0
CUS-102803,17,One year,DSL,Electronic check,No,Yes,No,0,No,No,64.13,950.36,3,2,0,0
CUS-102566,39,Two year,Fiber optic,Credit card,No,No,Yes,0,Yes,No,62.46,2468.55,4,0,0,0
CUS-106578,5,Month-to-month,Fiber optic,Credit card,Yes,No internet service,No internet service,0,No,Yes,114.41,355.64,5,4,1,1
CUS-100032,19,Month-to-month,DSL,Credit card,No,Yes,Yes,1,No,No,76.47,1513.55,3,3,0,1
CUS-100664,5,Month-to-month,Fiber optic,Credit card,No,No,No,0,No,Yes,90.12,790.53,0,1,0,1
CUS-106799,22,Month-to-month,Fiber optic,Electronic check,Yes,No,Yes,0,No,Yes,117.56,2307.23,4,1,0,0
CUS-104421,72,Month-to-month,Fiber optic,Bank transfer,Yes,Yes,No,0,No,Yes,92.6,6788.84,2,4,0,1
CUS-101444,2,Month-to-month,Fiber optic,Electronic check,Yes,No,No,0,Yes,No,54.0,255.83,0,1,0,1
CUS-103316,72,One year,DSL,Credit card,Yes,No,Yes,0,No,Yes,70.83,5173.37,1,1,0,0
CUS-102792,38,Month-to-month,DSL,Mailed check,No,No,No,0,No,No,58.92,2164.38,3,2,0,1
CUS-105440,16,Two year,DSL,Mailed check,Yes,Yes,No internet service,0,No,No,54.1,904.2,1,1,0,0
CUS-106822,17,Month-to-month,Fiber optic,Credit card,No,No,No,0,No,No,101.75,2023.2,5,2,0,1
CUS-101705,20,Month-to-month,Fiber optic,Credit card,Yes,No,No internet service,0,No,Yes,103.48,2135.02,2,5,0,1
CUS-103305,41,Month-to-month,No,Mailed check,No,No,No,1,No,Yes,63.21,2451.02,4,1,1,0
CUS-105283,47,Month-to-month,Fiber optic,Credit card,No,No,No,0,Yes,Yes,92.06,4489.1,2,4,0,0
CUS-104574,20,Month-to-month,No,Electronic check,No,Yes,No,0,No,No,71.73,1538.09,5,1,0,0
CUS-104722,10,Month-to-month,DSL,Electronic check,Yes,No,Yes,0,No,Yes,68.8,814.91,5,1,1,1
CUS-105910,34,Two year,Fiber optic,Credit card,Yes,Yes,Yes,0,No,No,106.1,3347.7,4,3,0,0
CUS-100118,2,Two year,No,Electronic check,Yes,No,No,0,No,Yes,74.89,69.15,4,0,0,0
CUS-102277,17,One year,Fiber optic,Bank transfer,Yes,Yes,No,0,Yes,No,81.13,1347.16,0,2,0,0
CUS-102905,18,Month-to-month,No,Credit card,Yes,No,No internet service,1,No,No,33.24,642.9,1,0,0,0
CUS-101401,72,Month-to-month,No,Mailed check,Yes,No,No internet service,0,No,No,51.05,3563.51,1,0,0,0
CUS-100739,31,Month-to-month,DSL,Bank transfer,Yes,No,No,0,No,No,60.9,1407.42,5,0,0,1
CUS-102456,18,Month-to-month,No,Mailed check,No,Yes,Yes,0,Yes,No,53.52,808.6,2,1,0,0
CUS-100170,8,One year,Fiber optic,Bank transfer,Yes,No,Yes,0,Yes,No,102.79,1171.97,3,3,0,0
CUS-100540,15,Month-to-month,No,Electronic check,No,No,Yes,0,No,No,84.8,972.05,3,1,0,1
CUS-100883,72,Month-to-month,No,Mailed check,Yes,No,No,0,Yes,No,35.15,2469.35,0,1,0,0
CUS-105242,49,Month-to-month,Fiber optic,Credit card,Yes,No,Yes,0,No,Yes,116.32,5532.02,5,2,0,0
CUS-104041,58,Month-to-month,Fiber optic,Electronic check,Yes,No,No,0,No,No,81.88,5164.39,2,2,0,0
CUS-103402,46,Month-to-month,DSL,Mailed check,No,No,No,0,No,Yes,87.11,3449.93,4,2,0,0
CUS-103751,31,One year,DSL,Electronic check,No,Yes,No internet service,0,No,Yes,35.57,1098.29,0,0,0,0
CUS-100674,13,Month-to-month,Fiber optic,Bank transfer,Yes,No internet service,Yes,0,Yes,No,50.17,654.68,0,4,0,0
CUS-104015,29,Month-to-month,Fiber optic,Mailed check,Yes,No,No internet service,0,Yes,No,102.21,3213.8,5,3,0,0
CUS-102915,37,One year,Fiber optic,Credit card,Yes,No,No internet service,0,Yes,No,88.44,3245.32,2,1,0,0
CUS-104851,0,Month-to-month,DSL,Electronic check,No,No,No internet service,1,No,Yes,77.56,38.78,5,3,0,1
CUS-101815,25,Month-to-month,No,Credit card,No,No,Yes,0,No,No,72.03,2552.4,5,1,1,1
CUS-103519,34,Month-to-month,Fiber optic,Electronic check,Yes,No,Yes,0,No,No,108.17,4260.08,4,1,0,0
CUS-103534,24,Month-to-month,No,Electronic check,No,No,No,1,Yes,No,51.04,1186.77,1,0,0,0
CUS-102100,11,Month-to-month,Fiber optic,Electronic check,No,No,Yes,0,Yes,No,73.01,590.27,1,0,0,0
CUS-106833,72,Two year,Fiber optic,Bank transfer,Yes,No,No,0,Yes,Yes,92.15,6027.64,1,5,0,0
CUS-106937,22,Month-to-month,Fiber optic,Credit card,Yes,No,No,0,No,Yes,120.37,2805.86,2,6,0,1
CUS-106701,63,Month-to-month,DSL,Bank transfer,Yes,No,Yes,0,No,Yes,70.92,4779.87,5,1,0,0
CUS-102101,55,Month-to-month,DSL,Electronic check,Yes,No internet service,No internet service,0,Yes,Yes,63.7,3669.19,4,0,0,0
CUS-105929,3,One year,Fiber optic,Credit card,No,No,No,0,No,No,111.41,55.7,5,2,0,0
CUS-103870,21,Month-to-month,No,Mailed check,Yes,No,No,0,No,No,30.29,753.73,0,1,0,0
CUS-101548,36,Month-to-month,Fiber optic,Credit card,Yes,No,No internet service,0,No,Yes,100.05,3535.75,3,0,0,1
CUS-104087,44,Two year,DSL,Electronic check,Yes,No internet service,Yes,0,Yes,No,82.89,3336.07,3,5,1,0
CUS-105451,26,One year,DSL,Electronic check,No,No,Yes,0,Yes,No,59.54,1540.6,3,1,0,0
CUS-100355,10,Month-to-month,No,Bank transfer,Yes,No internet service,No,1,Yes,Yes,62.22,666.59,0,2,0,0
CUS-103779,18,Month-to-month,No,Credit card,No,No internet service,No,0,No,No,35.37,701.89,3,0,0,1
CUS-105639,5,One year,Fiber optic,Electronic check,No,No,No,0,Yes,No,66.29,563.54,0,4,0,1
CUS-104844,13,Month-to-month,Fiber optic,Bank transfer,No,No,Yes,0,No,Yes,115.71,1805.95,2,7,1,0
CUS-102535,7,One year,No,Mailed check,No,No,Yes,0,Yes,Yes,63.9,680.44,2,1,0,1
CUS-106194,65,One year,DSL,Electronic check,No,No internet service,No,0,No,Yes,65.36,4252.93,4,1,0,0
CUS-103220,26,Month-to-month,Fiber optic,Credit card,Yes,No,No,0,No,Yes,117.64,3029.45,3,3,0,1
CUS-104985,14,Month-to-month,No,Bank transfer,Yes,No,No internet service,0,No,No,49.79,832.43,0,1,1,1
CUS-102373,11,Month-to-month,Fiber optic,Electronic check,Yes,No,No,0,Yes,No,74.81,865.93,3,4,0,1
CUS-101051,37,Month-to-month,DSL,Credit card,Yes,No internet service,Yes,0,No,Yes,55.74,1899.93,2,1,0,1
CUS-103074,59,Month-to-month,No,Bank transfer,No,No,No internet service,0,No,No,80.19,4694.65,3,3,0,0
CUS-102321,14,Month-to-month,DSL,Mailed check,Yes,No,Yes,0,No,Yes,81.57,1346.17,4,4,0,1
CUS-104466,26,One year,DSL,Credit card,Yes,No,Yes,0,No,No,55.1,1464.6,3,1,0,0
CUS-104509,14,Month-to-month,DSL,Bank transfer,Yes,No internet service,No,0,No,No,73.14,1182.63,4,0,0,0
CUS-101751,67,Two year,Fiber optic,Electronic check,No,No,No,0,No,No,115.41,7891.23,5,4,1,1
CUS-103409,20,One year,DSL,Electronic check,Yes,No,No,1,Yes,No,66.97,1417.15,4,2,0,0
CUS-101772,32,Month-to-month,No,Electronic check,No,Yes,No,0,Yes,No,64.32,2042.12,1,2,0,0
CUS-101196,38,One year,Fiber optic,Electronic check,No,No,Yes,0,Yes,No,115.92,4419.12,4,1,0,0
CUS-101878,19,One year,DSL,Electronic check,No,Yes,Yes,0,Yes,No,49.96,807.87,1,0,0,0
CUS-102668,24,Month-to-month,DSL,Mailed check,No,No,Yes,0,Yes,No,84.8,2209.27,2,1,0,0
CUS-106985,28,One year,Fiber optic,Electronic check,Yes,No internet service,Yes,0,No,Yes,101.5,2623.5,0,3,0,1
CUS-102016,12,One year,Fiber optic,Credit card,No,Yes,Yes,0,Yes,No,106.8,1686.72,5,1,0,0
CUS-102005,11,One year,Fiber optic,Electronic check,Yes,No,Yes,0,Yes,Yes,92.99,909.54,3,4,1,0
CUS-106913,32,Two year,Fiber optic,Electronic check,No,No,No internet service,1,No,No,82.53,2658.44,1,2,0,0
CUS-101482,60,Two year,No,Credit card,Yes,Yes,No,0,No,No,78.67,4472.81,5,3,0,0
CUS-103237,34,Two year,Fiber optic,Electronic check,No,No internet service,No internet service,0,Yes,No,78.18,2692.41,4,2,0,0
CUS-100328,28,One year,No,Credit card,Yes,No internet service,No,0,No,No,48.38,1225.83,1,3,0,1
CUS-100648,44,Two year,No,Credit card,Yes,No,No internet service,0,Yes,No,66.28,3119.45,2,1,0,0
CUS-102945,41,Month-to-month,Fiber optic,Bank transfer,No,Yes,No internet service,0,Yes,No,108.17,4478.85,4,4,0,1
CUS-103378,19,Month-to-month,Fiber optic,Credit card,No,No,No,0,No,No,77.17,1813.94,4,2,0,1
CUS-101123,33,Month-to-month,DSL,Bank transfer,Yes,Yes,No,0,No,Yes,83.9,2584.51,5,2,0,1
CUS-103837,11,Month-to-month,Fiber optic,Electronic check,No,No internet service,No internet service,0,No,No,84.83,780.89,2,2,0,0
CUS-102788,34,Month-to-month,Fiber optic,Electronic check,No,No,No,0,Yes,No,63.02,2047.66,2,0,0,0
CUS-104072,39,One year,DSL,Electronic check,Yes,Yes,No internet service,0,Yes,Yes,45.67,1684.65,1,1,0,0
CUS-103404,32,Two year,No,Electronic check,Yes,No internet service,No,0,Yes,No,28.01,833.64,0,0,0,0
CUS-104620,5,Month-to-month,Fiber optic,Credit card,Yes,No,No,1,Yes,No,84.81,152.73,4,1,0,0
CUS-106566,25,Month-to-month,No,Mailed check,Yes,No,No internet service,0,No,No,54.84,1377.36,2,1,0,0
CUS-105859,23,Two year,Fiber optic,Bank transfer,Yes,No,No,0,Yes,No,125.72,2858.95,5,4,1,0
CUS-101259,42,Two year,No,Credit card,No,Yes,No internet service,0,No,No,76.28,3499.97,3,1,0,0
CUS-104139,4,One year,Fiber optic,Credit card,No,No,Yes,0,No,No,97.98,142.02,0,5,0,1
CUS-105831,19,Two year,DSL,Electronic check,Yes,No,No,0,No,Yes,66.17,1631.85,2,0,0,0
CUS-106683,25,Month-to-month,DSL,Credit card,Yes,No,Yes,1,Yes,No,81.43,1418.88,5,3,0,1
CUS-101519,25,Two year,Fiber optic,Bank transfer,No,No,No,0,Yes,Yes,92.59,2012.57,2,0,0,0
CUS-101378,14,Month-to-month,Fiber optic,Credit card,Yes,No,Yes,1,No,No,103.85,1506.52,2,4,1,1
CUS-105106,18,Month-to-month,Fiber optic,Electronic check,No,No internet service,No,0,Yes,No,109.67,1925.84,2,1,0,1
CUS-101023,30,One year,No,Electronic check,No,Yes,No internet service,0,No,No,58.85,1643.81,3,1,0,0
CUS-104050,23,One year,No,Mailed check,No,Yes,No internet service,0,No,No,52.95,1056.28,0,2,0,0
CUS-102918,12,Month-to-month,DSL,Electronic check,No,No,No internet service,0,No,No,60.62,851.47,3,1,0,1
CUS-105165,46,One year,DSL,Bank transfer,Yes,No internet service,No internet service,1,Yes,No,47.5,1995.01,2,1,0,0
CUS-106128,27,Month-to-month,Fiber optic,Credit card,Yes,No internet service,No,0,Yes,No,65.19,1829.3,0,2,0,1
CUS-103290,22,Month-to-month,No,Electronic check,No,No,No internet service,0,Yes,Yes,55.66,1104.75,2,0,0,0
CUS-100912,20,Month-to-month,DSL,Credit card,No,No,No,0,Yes,No,57.3,1264.83,1,1,0,1
CUS-102857,60,One year,Fiber optic,Electronic check,No,Yes,No internet service,0,Yes,No,84.5,5100.57,0,1,0,0
CUS-106493,72,Month-to-month,DSL,Mailed check,Yes,Yes,No,0,No,No,51.37,3692.18,2,0,0,0
CUS-101675,38,One year,Fiber optic,Electronic check,No,No internet service,No,1,Yes,Yes,84.32,3641.19,0,3,1,1
CUS-101746,14,Month-to-month,Fiber optic,Electronic check,No,No,No,1,No,No,87.38,1554.33,3,2,0,1
CUS-103026,26,Month-to-month,Fiber optic,Credit card,Yes,Yes,No,0,No,No,122.18,3283.4,5,3,0,1
CUS-104088,8,Month-to-month,DSL,Mailed check,No,No internet service,No,0,Yes,No,55.06,436.12,2,0,0,0
CUS-101736,20,Month-to-month,Fiber optic,Mailed check,No,No,No,1,Yes,No,73.51,1258.64,0,2,0,1
CUS-101629,58,Two year,DSL,Credit card,Yes,No,No,0,Yes,Yes,58.31,3510.13,2,0,0,0
CUS-106147,35,One year,Fiber optic,Electronic check,No,No,Yes,1,No,No,98.12,3489.28,3,3,1,0
CUS-100430,46,One year,Fiber optic,Bank transfer,No,No,Yes,0,Yes,No,119.82,5440.39,5,3,0,0
CUS-101808,6,One year,Fiber optic,Credit card,Yes,Yes,No,0,Yes,No,105.4,433.81,2,2,0,1
CUS-104447,9,One year,No,Electronic check,No,No,Yes,0,Yes,No,55.11,512.26,3,1,0,0
CUS-103299,35,Month-to-month,DSL,Electronic check,Yes,Yes,No internet service,0,No,No,72.83,2981.55,5,0,0,0
CUS-106116,32,Month-to-month,DSL,Electronic check,Yes,No internet service,No internet service,0,Yes,No,60.08,1781.19,4,2,0,0
CUS-104546,23,Two year,Fiber optic,Bank transfer,Yes,No,No,0,No,No,81.15,1776.83,2,1,0,0
CUS-100234,9,One year,Fiber optic,Bank transfer,Yes,No internet service,Yes,1,No,No,101.24,1146.91,5,2,0,0
CUS-104395,62,Month-to-month,Fiber optic,Mailed check,Yes,Yes,Yes,1,No,No,105.88,6537.18,3,1,0,0
CUS-102222,45,Month-to-month,DSL,Mailed check,Yes,Yes,No internet service,1,Yes,No,78.8,3284.17,5,2,0,1
CUS-105547,33,Two year,DSL,Credit card,No,Yes,No,1,Yes,No,54.34,1815.22,5,2,0,0
CUS-104724,72,Month-to-month,DSL,Electronic check,Yes,Yes,No internet service,0,No,No,39.18,2969.7,0,0,0,1
CUS-105586,34,One year,Fiber optic,Bank transfer,Yes,No internet service,No,0,Yes,No,114.36,4136.27,2,0,0,0
CUS-104307,39,Month-to-month,Fiber optic,Mailed check,Yes,Yes,No,1,Yes,Yes,111.12,4289.71,5,1,0,0
CUS-106594,13,Month-to-month,Fiber optic,Electronic check,Yes,No,No,0,Yes,Yes,124.23,1821.4,4,4,0,0
CUS-101948,42,One year,No,Mailed check,Yes,No,No,0,Yes,No,61.71,2765.11,5,0,0,0
CUS-106227,24,Two year,No,Credit card,Yes,Yes,No,0,No,No,51.77,1179.13,0,0,0,0
CUS-106210,55,Month-to-month,Fiber optic,Electronic check,No,No,No,0,No,No,90.76,5147.25,2,6,0,0
CUS-106889,20,One year,No,Electronic check,Yes,Yes,No internet service,0,No,No,71.22,1587.54,5,0,0,1
CUS-106405,72,Two year,DSL,Bank transfer,Yes,Yes,No internet service,1,Yes,No,41.3,3091.58,1,1,1,0
CUS-101995,12,Month-to-month,No,Credit card,Yes,No,No,0,Yes,Yes,72.32,634.2,5,3,0,0
CUS-102671,19,Two year,DSL,Bank transfer,No,No,No,0,Yes,No,42.92,725.7,1,1,0,0
CUS-105824,13,Month-to-month,DSL,Mailed check,Yes,No internet service,Yes,0,No,Yes,37.48,525.61,0,0,0,1
CUS-102224,16,Month-to-month,Fiber optic,Credit card,No,No internet service,No,1,No,Yes,92.34,1810.54,5,2,0,1
CUS-101106,11,Two year,Fiber optic,Electronic check,No,No,No,0,Yes,No,93.25,1058.62,0,2,0,0
CUS-105768,39,Month-to-month,DSL,Credit card,No,Yes,No,0,Yes,No,30.65,1107.9,1,2,0,1
CUS-100818,23,Month-to-month,DSL,Bank transfer,Yes,No internet service,No,0,Yes,Yes,43.96,1221.23,0,3,0,0
CUS-106596,29,One year,Fiber optic,Electronic check,No,No,Yes,0,No,No,96.97,2873.42,1,2,1,0
CUS-104058,16,One year,DSL,Credit card,Yes,Yes,Yes,0,No,No,42.85,765.43,0,0,0,0
CUS-105238,18,Month-to-month,No,Mailed check,Yes,No,No,1,Yes,Yes,23.37,423.73,0,0,0,0
CUS-105659,11,One year,Fiber optic,Electronic check,No,No,No,1,Yes,No,110.89,1007.62,3,2,0,1
CUS-101697,27,Month-to-month,Fiber optic,Credit card,No,No,No internet service,0,No,No,116.08,3279.71,3,3,1,1
CUS-103513,72,Month-to-month,DSL,Credit card,No,No,No,0,No,Yes,55.0,3771.72,2,0,0,1
CUS-100136,14,One year,DSL,Credit card,Yes,No,No internet service,0,No,No,74.11,1147.18,5,1,0,0
CUS-101642,39,Two year,No,Electronic check,No,No internet service,No,0,No,Yes,58.38,2475.59,1,1,0,0
CUS-105382,72,One year,DSL,Mailed check,Yes,No internet service,Yes,0,Yes,No,38.18,2556.08,0,1,1,0
CUS-104020,24,Two year,Fiber optic,Electronic check,Yes,No,Yes,0,No,No,91.62,2071.57,1,1,0,0
CUS-106202,11,Month-to-month,DSL,Electronic check,Yes,Yes,No,0,Yes,No,33.43,441.98,0,2,0,0
CUS-101180,5,Month-to-month,No,Mailed check,Yes,No internet service,Yes,0,Yes,No,27.89,205.02,2,1,0,0
CUS-104386,17,One year,Fiber optic,Mailed check,Yes,No,No,0,No,No,77.31,1164.91,0,1,0,0
CUS-100888,11,Two year,DSL,Credit card,Yes,Yes,No internet service,0,Yes,Yes,54.95,740.72,2,2,0,0
CUS-102987,29,Month-to-month,No,Mailed check,Yes,Yes,Yes,0,No,No,36.9,1083.79,0,1,1,0
CUS-105035,60,Month-to-month,Fiber optic,Credit card,No,No internet service,No,0,Yes,No,105.96,6277.38,1,4,0,1
CUS-102437,12,One year,No,Electronic check,Yes,No,No,0,Yes,No,62.73,973.76,4,2,0,0
CUS-103535,32,Month-to-month,Fiber optic,Bank transfer,No,Yes,Yes,0,Yes,Yes,108.1,3873.15,5,2,0,1
CUS-103989,6,Two year,Fiber optic,Bank transfer,No,No,Yes,1,No,Yes,118.32,537.62,5,2,1,1
CUS-100817,6,Month-to-month,DSL,Credit card,Yes,No internet service,No,1,Yes,No,56.52,374.3,1,3,0,1
CUS-101111,35,One year,Fiber optic,Electronic check,No,No internet service,No internet service,0,Yes,Yes,80.95,2494.87,1,1,0,0
CUS-104370,34,Month-to-month,No,Credit card,Yes,No,Yes,1,No,Yes,69.43,2385.97,1,4,0,1
CUS-102341,4,Two year,DSL,Credit card,Yes,No,Yes,1,Yes,Yes,91.62,143.21,4,1,0,1
CUS-103167,53,Two year,Fiber optic,Mailed check,Yes,Yes,Yes,0,Yes,No,94.21,4874.43,1,2,0,0
CUS-105156,7,Month-to-month,DSL,Bank transfer,No,Yes,No,0,No,No,56.91,381.79,5,4,0,0
CUS-104753,25,Month-to-month,DSL,Electronic check,Yes,No internet service,No,0,Yes,Yes,72.67,1735.06,3,2,0,1
CUS-105406,4,One year,DSL,Credit card,No,No,No,0,Yes,No,42.3,221.09,2,1,0,0
CUS-103065,9,Month-to-month,No,Credit card,No,No,Yes,0,Yes,No,49.76,737.27,4,2,0,0
CUS-101264,3,Two year,DSL,Bank transfer,Yes,No,No internet service,0,No,No,56.32,277.22,0,1,0,0
CUS-100990,23,Two year,Fiber optic,Credit card,Yes,No,Yes,0,No,Yes,106.14,2684.75,5,4,0,0
CUS-101464,3,Month-to-month,No,Bank transfer,Yes,No,No,0,Yes,No,45.93,253.56,3,2,0,1
CUS-101739,22,Month-to-month,DSL,Credit card,Yes,No,No,0,No,Yes,53.78,1276.78,4,0,0,0
CUS-105030,33,One year,DSL,Credit card,No,Yes,No internet service,0,Yes,No,67.76,1977.65,5,1,0,0
CUS-104480,35,One year,Fiber optic,Mailed check,Yes,Yes,No internet service,0,Yes,No,68.8,2460.53,0,1,0,0
CUS-100353,11,Month-to-month,No,Bank transfer,No,No,Yes,0,Yes,No,43.75,371.13,0,0,0,0
CUS-105332,43,Month-to-month,No,Credit card,Yes,No internet service,No,0,No,No,53.22,2368.78,4,0,0,0
CUS-105351,26,Month-to-month,No,Bank transfer,No,Yes,Yes,0,No,No,60.81,2120.69,3,0,0,0
CUS-106638,19,One year,DSL,Mailed check,No,Yes,No,0,Yes,No,48.25,592.79,0,3,0,0
CUS-101489,6,Two year,DSL,Electronic check,No,No internet service,No,0,Yes,No,88.87,610.7,5,1,0,0
CUS-104701,39,Month-to-month,DSL,Electronic check,Yes,Yes,No,1,Yes,Yes,64.26,2145.91,4,2,0,0
CUS-104687,25,One year,DSL,Credit card,No,No,No,0,No,No,70.58,1939.27,1,1,0,0
CUS-103130,38,One year,Fiber optic,Credit card,Yes,No internet service,Yes,0,Yes,No,120.65,3923.12,5,3,0,0
CUS-101228,23,One year,Fiber optic,Mailed check,Yes,No internet service,No,0,Yes,Yes,109.0,2209.32,4,2,0,0
CUS-104162,16,Two year,DSL,Electronic check,No,No,No internet service,0,No,Yes,45.71,689.12,0,0,0,0
CUS-104945,22,Month-to-month,DSL,Credit card,No,No,Yes,0,Yes,Yes,50.57,787.37,2,0,0,1
CUS-103715,13,Month-to-month,No,Mailed check,Yes,Yes,No,1,No,No,89.72,1535.2,5,3,0,0
CUS-106623,45,One year,No,Electronic check,Yes,Yes,No,0,Yes,Yes,69.82,3136.32,4,1,0,0
CUS-103706,51,One year,Fiber optic,Electronic check,Yes,No internet service,No,0,Yes,No,70.56,3518.13,3,2,0,0
CUS-106719,36,Two year,No,Bank transfer,Yes,No,No,0,Yes,No,92.81,3172.91,3,1,0,0
CUS-100052,11,One year,Fiber optic,Credit card,Yes,Yes,Yes,0,No,Yes,97.42,524.14,4,4,0,1
CUS-104189,30,Month-to-month,DSL,Credit card,Yes,Yes,No,0,Yes,No,78.44,2578.01,3,1,0,0
CUS-104031,49,Two year,DSL,Credit card,Yes,No,No,0,Yes,Yes,37.6,1860.17,0,2,1,0
CUS-104900,4,Month-to-month,Fiber optic,Electronic check,Yes,No internet service,Yes,0,No,No,84.56,503.22,1,1,0,1
CUS-103085,36,One year,DSL,Credit card,No,No,No internet service,0,No,No,73.68,2577.69,4,0,0,0
CUS-100159,44,Month-to-month,Fiber optic,Mailed check,Yes,No,Yes,0,No,No,90.35,3966.33,0,1,0,0
CUS-104412,45,One year,DSL,Electronic check,Yes,No,No internet service,0,No,Yes,43.34,2038.41,1,2,1,0
CUS-101587,53,One year,DSL,Mailed check,Yes,No internet service,No,0,Yes,No,36.98,1914.44,0,0,1,1
CUS-101589,19,One year,Fiber optic,Bank transfer,Yes,Yes,No,0,No,No,94.4,1810.42,0,2,0,0
CUS-101479,7,One year,Fiber optic,Credit card,No,Yes,No internet service,1,Yes,No,54.89,562.65,1,2,0,1
CUS-104383,35,Two year,Fiber optic,Credit card,No,No,Yes,0,Yes,Yes,122.35,3726.47,5,4,0,0
CUS-103145,72,Month-to-month,DSL,Electronic check,Yes,No,No internet service,0,No,No,69.86,4836.14,5,1,0,0
CUS-101469,25,One year,No,Bank transfer,Yes,No internet service,Yes,0,No,No,84.7,1976.49,5,1,0,0
CUS-104159,20,One year,Fiber optic,Electronic check,Yes,No,No,0,Yes,No,93.6,1385.39,0,3,1,1
CUS-103094,15,Month-to-month,Fiber optic,Bank transfer,No,No internet service,No,0,No,No,108.71,2129.6,5,0,0,1
CUS-106847,55,Month-to-month,DSL,Electronic check,No,No,No,1,Yes,No,54.17,2888.27,0,1,0,1
CUS-105880,18,Two year,Fiber optic,Bank transfer,Yes,No,No,0,Yes,No,122.17,2556.07,5,6,1,1
CUS-102078,72,Two year,Fiber optic,Electronic check,No,No,No,0,No,No,79.47,5803.98,3,1,0,0
CUS-106853,42,Month-to-month,DSL,Electronic check,No,No,Yes,1,Yes,Yes,41.15,1428.68,0,1,0,0
CUS-104393,40,Month-to-month,Fiber optic,Mailed check,No,Yes,Yes,0,No,No,74.02,2833.75,0,5,0,1
CUS-106897,33,Two year,DSL,Mailed check,No,No,No,0,No,Yes,57.64,1655.53,5,1,1,0
CUS-104404,34,One year,DSL,Electronic check,Yes,No,No internet service,0,No,No,41.81,1491.8,4,2,0,0
CUS-102828,19,Month-to-month,Fiber optic,Mailed check,No,Yes,Yes,0,No,Yes,95.59,1922.13,3,1,0,0
CUS-100436,7,Month-to-month,Fiber optic,Electronic check,No,No internet service,No,1,No,No,96.0,848.3,3,0,1,1
CUS-106379,16,Month-to-month,Fiber optic,Bank transfer,Yes,No,Yes,0,No,Yes,85.9,1458.31,3,6,1,1
CUS-106795,6,Month-to-month,DSL,Bank transfer,Yes,No internet service,No,0,Yes,No,78.01,761.89,3,2,0,1
CUS-102960,30,Two year,DSL,Electronic check,Yes,No,No internet service,1,Yes,Yes,70.31,2380.01,3,0,0,0
CUS-104661,22,One year,No,Electronic check,Yes,No internet service,No internet service,0,No,Yes,84.44,1996.62,5,2,0,0
CUS-101588,52,Month-to-month,No,Credit card,Yes,No internet service,Yes,0,No,No,67.47,3836.78,2,4,0,0
CUS-104560,18,One year,No,Mailed check,No,Yes,No,0,No,No,65.83,920.51,1,3,1,0
CUS-102780,12,Month-to-month,No,Electronic check,No,No,No,0,No,No,76.86,911.1,5,4,0,1
CUS-106811,5,Two year,Fiber optic,Electronic check,Yes,No internet service,No,1,Yes,No,76.25,393.86,1,3,0,0
CUS-101590,31,Two year,DSL,Bank transfer,Yes,Yes,No,1,Yes,No,70.5,2706.29,3,2,0,0
CUS-104264,10,Two year,DSL,Bank transfer,Yes,Yes,No internet service,0,No,No,47.92,436.11,5,4,0,0
CUS-100973,21,Two year,Fiber optic,Mailed check,No,No,No internet service,1,Yes,No,74.17,1693.98,2,4,0,0
CUS-101238,49,Two year,Fiber optic,Bank transfer,No,No,No internet service,0,No,Yes,86.8,3992.01,4,1,0,0
CUS-102951,20,Month-to-month,Fiber optic,Electronic check,No,No,Yes,1,Yes,No,96.35,1826.83,1,5,0,0
CUS-102342,41,One year,DSL,Credit card,Yes,No,No,0,Yes,No,64.44,2414.73,2,3,0,0
CUS-106124,72,One year,Fiber optic,Bank transfer,Yes,Yes,No,0,No,No,116.13,8573.52,5,4,0,0
CUS-106673,3,Month-to-month,No,Mailed check,Yes,No,No,0,Yes,No,92.99,46.5,5,3,0,0
CUS-104489,53,Month-to-month,No,Electronic check,Yes,Yes,No internet service,0,No,No,51.81,2784.48,2,2,0,1
CUS-105975,28,One year,No,Credit card,Yes,Yes,No,0,No,No,35.42,1061.78,0,1,0,0
CUS-102231,11,Two year,Fiber optic,Electronic check,Yes,No,No,0,No,No,80.41,1082.11,5,1,0,0
CUS-103482,20,Two year,DSL,Credit card,No,No,No,0,Yes,No,68.01,1518.63,3,1,1,0
CUS-101497,65,Two year,No,Electronic check,Yes,No,No,0,Yes,Yes,82.59,5415.6,2,3,0,0
CUS-100449,19,One year,No,Electronic check,Yes,No,No internet service,0,No,Yes,37.2,646.83,1,2,0,0
CUS-102369,11,Two year,DSL,Bank transfer,No,No,No,0,No,No,40.7,584.25,1,2,0,1
CUS-104995,13,Two year,No,Bank transfer,Yes,Yes,No internet service,0,No,Yes,52.88,485.02,4,0,0,0
CUS-104339,6,Two year,No,Mailed check,Yes,No internet service,No,0,No,No,69.4,566.04,2,3,0,0
CUS-102422,12,One year,Fiber optic,Electronic check,Yes,No,No,0,Yes,No,76.31,871.37,0,0,0,1
CUS-106280,23,Two year,No,Mailed check,Yes,No,No,0,No,No,49.88,1193.88,4,1,0,0
CUS-105001,32,Month-to-month,Fiber optic,Electronic check,No,No,No,1,Yes,No,92.47,3039.29,2,2,0,1
CUS-104631,28,Month-to-month,DSL,Electronic check,No,Yes,No internet service,0,No,Yes,76.53,2127.9,4,0,0,0
CUS-101551,32,One year,DSL,Bank transfer,No,No,No internet service,0,No,No,33.42,1180.24,3,0,0,0
CUS-106204,12,One year,Fiber optic,Credit card,No,No,No,0,No,No,101.77,1644.82,4,2,0,0
CUS-101146,72,One year,Fiber optic,Electronic check,Yes,No internet service,No internet service,0,No,No,84.1,6300.51,5,2,0,0
CUS-106505,13,One year,Fiber optic,Electronic check,Yes,No,No internet service,0,No,Yes,88.23,1238.87,0,1,1,0
CUS-102092,55,Two year,Fiber optic,Bank transfer,No,No,No internet service,0,Yes,Yes,79.55,4146.05,3,1,0,0
CUS-101313,4,One year,Fiber optic,Bank transfer,No,No,No,0,No,No,85.82,580.32,4,2,0,0
CUS-102015,28,One year,DSL,Credit card,No,No,No,0,Yes,No,94.25,2604.01,2,1,0,0
CUS-100187,59,Two year,Fiber optic,Bank transfer,No,No internet service,No internet service,0,Yes,No,105.99,6473.13,3,1,0,0
CUS-103767,37,Two year,No,Electronic check,No,No internet service,No,0,Yes,No,56.53,2325.11,2,5,0,0
CUS-105171,20,One year,Fiber optic,Mailed check,Yes,Yes,No,0,No,No,111.53,1733.92,2,3,0,0
CUS-101381,24,Month-to-month,Fiber optic,Bank transfer,Yes,Yes,No,0,Yes,Yes,71.6,1742.49,0,3,0,0
CUS-104260,17,Month-to-month,Fiber optic,Bank transfer,No,Yes,Yes,0,Yes,No,128.31,2161.62,5,1,0,0
CUS-100413,30,Month-to-month,No,Credit card,No,No internet service,No,0,No,No,69.88,2198.25,3,0,0,0
CUS-106726,15,Month-to-month,Fiber optic,Electronic check,No,No,No,1,No,Yes,113.71,1412.2,5,3,0,1
CUS-100941,15,Month-to-month,No,Electronic check,No,No,Yes,0,No,No,33.29,561.14,0,3,1,0
CUS-100801,26,Two year,Fiber optic,Mailed check,Yes,No,Yes,0,Yes,No,75.32,2265.7,0,1,0,0
CUS-103336,13,Month-to-month,No,Electronic check,No,No internet service,Yes,1,Yes,Yes,53.01,829.55,1,3,0,0
CUS-106555,21,Month-to-month,No,Credit card,Yes,No internet service,No internet service,0,Yes,No,75.68,1661.34,5,2,0,0
CUS-102750,43,Month-to-month,Fiber optic,Mailed check,Yes,No,No,0,Yes,No,91.43,3667.97,5,0,0,1
CUS-103464,21,Two year,DSL,Mailed check,No,Yes,Yes,1,Yes,No,29.55,709.5,4,0,0,0
CUS-104288,50,Month-to-month,DSL,Credit card,No,No,Yes,0,No,No,83.79,3924.03,4,1,0,1
CUS-100256,16,Two year,Fiber optic,Bank transfer,No,No,No,0,No,No,119.91,1556.33,4,3,0,0
CUS-103982,13,Two year,Fiber optic,Electronic check,No,No internet service,Yes,0,Yes,Yes,116.05,782.18,3,3,0,1
CUS-106865,5,Two year,Fiber optic,Credit card,Yes,No internet service,No,0,Yes,Yes,124.27,822.83,5,4,0,0
CUS-103199,1,Month-to-month,DSL,Bank transfer,Yes,Yes,No,0,Yes,Yes,43.58,98.69,0,0,0,1
CUS-102235,17,Month-to-month,No,Electronic check,No,No,No,0,Yes,No,49.82,955.2,0,0,0,0
CUS-100647,3,One year,DSL,Credit card,Yes,No,Yes,0,Yes,No,67.79,98.44,3,2,0,0
CUS-101767,8,Month-to-month,Fiber optic,Mailed check,Yes,Yes,No,0,No,Yes,80.06,738.06,1,1,0,0
CUS-104793,16,Month-to-month,Fiber optic,Electronic check,Yes,No,No,0,Yes,Yes,118.09,1755.73,4,2,1,1
CUS-106624,72,Two year,Fiber optic,Electronic check,No,No internet service,No internet service,0,Yes,Yes,82.9,5968.67,3,5,0,0
CUS-106468,28,One year,Fiber optic,Bank transfer,Yes,No,No,0,No,No,57.47,1673.44,0,1,0,0
CUS-105909,30,Month-to-month,DSL,Electronic check,No,No,No,1,No,Yes,43.77,1437.91,0,2,0,0
CUS-103829,41,One year,No,Bank transfer,Yes,No,Yes,0,Yes,Yes,100.82,3501.91,5,1,0,0
CUS-100024,31,Month-to-month,Fiber optic,Electronic check,Yes,No,No internet service,0,Yes,No,81.9,2603.89,1,1,0,1
CUS-106788,17,Month-to-month,No,Mailed check,Yes,No,No,1,Yes,Yes,56.44,1020.88,3,0,0,0
CUS-101088,21,Month-to-month,No,Bank transfer,Yes,No,No,0,Yes,Yes,23.15,549.18,1,2,0,0
CUS-106399,27,Two year,Fiber optic,Credit card,No,Yes,Yes,0,No,Yes,126.16,3108.19,2,3,0,0
CUS-102694,5,Month-to-month,DSL,Credit card,Yes,No,No internet service,0,Yes,No,69.46,493.95,2,1,0,0
CUS-105146,13,One year,No,Credit card,Yes,No,No,0,No,Yes,55.3,759.21,2,2,1,0
CUS-105876,20,One year,Fiber optic,Electronic check,No,Yes,No,0,Yes,No,98.54,2313.59,4,1,0,0
CUS-100112,26,Month-to-month,DSL,Credit card,No,Yes,No,1,Yes,No,81.41,1812.29,5,2,0,1
CUS-102841,20,Month-to-month,No,Mailed check,No,No internet service,No,1,Yes,No,63.85,1304.08,4,1,0,1
CUS-102311,24,Month-to-month,No,Bank transfer,No,Yes,No,0,Yes,No,29.41,713.27,0,0,0,0
CUS-103441,26,Month-to-month,DSL,Credit card,No,Yes,Yes,0,Yes,No,56.87,1475.32,3,0,0,0
CUS-103824,4,Month-to-month,No,Electronic check,Yes,No,Yes,1,No,No,54.27,317.17,4,0,0,1
CUS-106647,54,One year,Fiber optic,Mailed check,Yes,Yes,No,0,Yes,Yes,81.74,3834.94,4,3,1,0
CUS-104680,10,One year,DSL,Electronic check,No,Yes,No,1,No,Yes,49.9,326.54,2,2,0,0
CUS-100056,26,One year,Fiber optic,Electronic check,Yes,No,No,0,Yes,No,76.94,2118.19,0,1,0,0
CUS-101309,11,Month-to-month,Fiber optic,Mailed check,Yes,Yes,No,0,No,No,116.56,929.63,5,3,0,1
CUS-100695,64,Month-to-month,DSL,Electronic check,Yes,No,No,0,Yes,No,78.32,4724.13,5,0,0,1
CUS-105091,21,Two year,No,Bank transfer,Yes,Yes,Yes,0,No,Yes,49.8,911.77,0,2,0,0
CUS-101227,29,Two year,DSL,Bank transfer,No,No,Yes,0,Yes,No,48.39,1237.29,3,1,0,0
CUS-101999,37,Month-to-month,Fiber optic,Electronic check,Yes,Yes,No,0,Yes,No,91.57,3595.32,1,3,0,0
CUS-100276,40,Two year,Fiber optic,Electronic check,Yes,No,Yes,0,Yes,No,117.16,4636.29,2,5,1,0
CUS-103671,12,Month-to-month,DSL,Electronic check,Yes,No internet service,Yes,0,No,Yes,69.16,1053.36,1,2,0,1
CUS-106324,4,Two year,No,Electronic check,No,No,No internet service,0,Yes,No,67.47,35.17,4,2,1,1
CUS-101833,13,Two year,Fiber optic,Mailed check,Yes,No internet service,Yes,0,No,No,100.4,761.01,4,3,0,0
CUS-105544,27,Two year,No,Electronic check,No,No,Yes,0,No,Yes,104.9,2384.65,5,5,0,0
CUS-100682,44,Month-to-month,DSL,Bank transfer,No,No,No,0,Yes,No,53.71,2478.65,1,1,0,0
CUS-105668,18,Month-to-month,No,Credit card,No,No internet service,Yes,0,Yes,Yes,62.61,821.33,5,0,0,0
CUS-106590,36,Two year,DSL,Credit card,Yes,No,No internet service,0,Yes,No,49.37,2112.1,1,2,1,0
CUS-105059,17,Two year,No,Bank transfer,Yes,Yes,No internet service,0,No,No,85.44,1293.12,4,6,0,0
CUS-103948,36,Month-to-month,Fiber optic,Electronic check,No,No internet service,No,1,No,No,97.93,4084.43,3,5,1,1
CUS-101137,16,Month-to-month,DSL,Credit card,No,Yes,Yes,0,Yes,No,62.34,1095.71,3,2,0,0
CUS-102767,37,Month-to-month,DSL,Electronic check,Yes,Yes,No,1,Yes,Yes,98.31,3463.24,2,1,0,0
CUS-105234,72,Month-to-month,Fiber optic,Mailed check,Yes,No,No,1,Yes,No,100.15,6648.64,5,5,0,1
CUS-104402,1,Two year,Fiber optic,Electronic check,No,No,No,1,No,Yes,74.07,37.03,1,1,0,0
CUS-100942,34,Month-to-month,No,Electronic check,Yes,No,Yes,1,No,Yes,54.18,1954.34,1,0,0,0
CUS-101036,15,One year,Fiber optic,Bank transfer,No,No internet service,Yes,0,Yes,No,98.06,1653.46,2,4,0,1
CUS-103653,10,Two year,DSL,Mailed check,Yes,No internet service,No internet service,0,No,No,53.01,731.93,2,0,0,0
CUS-105968,22,One year,No,Mailed check,Yes,No,No internet service,0,No,No,77.14,1274.35,4,2,0,0
CUS-101346,28,Month-to-month,DSL,Bank transfer,Yes,No,No internet service,0,No,Yes,42.92,1269.3,1,1,0,1
CUS-106045,42,Month-to-month,Fiber optic,Mailed check,Yes,No,No,0,No,No,92.91,3790.96,0,2,0,1
CUS-104056,4,Month-to-month,DSL,Mailed check,No,No,No internet service,0,No,Yes,62.62,221.54,1,2,0,1
CUS-102784,16,One year,Fiber optic,Bank transfer,Yes,Yes,No,0,No,No,127.88,1710.55,2,3,1,0
CUS-104414,63,Month-to-month,Fiber optic,Bank transfer,Yes,No,No internet service,0,Yes,No,89.13,5594.84,0,1,0,0
CUS-102384,25,One year,No,Credit card,Yes,No,No internet service,0,Yes,No,40.55,971.53,1,2,1,0
CUS-102988,29,One year,Fiber optic,Bank transfer,Yes,No,No internet service,0,Yes,Yes,104.37,2978.68,3,1,0,0
CUS-100115,6,Month-to-month,No,Electronic check,Yes,No,No,0,Yes,No,72.07,221.08,3,1,0,0
CUS-104874,45,Month-to-month,No,Electronic check,Yes,No,Yes,0,No,Yes,47.38,2174.11,3,2,0,0
CUS-103400,18,Month-to-month,Fiber optic,Credit card,Yes,No,Yes,0,Yes,No,82.25,1612.24,1,2,0,0
CUS-106964,10,One year,Fiber optic,Electronic check,Yes,No,No,0,Yes,No,60.97,949.8,3,1,0,0
CUS-103119,16,Month-to-month,Fiber optic,Bank transfer,Yes,Yes,No internet service,1,Yes,No,83.26,1701.64,5,4,0,0
CUS-106094,60,Two year,Fiber optic,Bank transfer,No,Yes,No,0,Yes,No,102.67,6606.88,3,4,0,0
CUS-103601,50,Month-to-month,No,Bank transfer,No,No internet service,No,0,No,No,31.3,1280.97,3,1,0,0
CUS-105023,4,Two year,Fiber optic,Electronic check,Yes,No,No,0,No,Yes,132.12,138.5,5,4,1,1
CUS-102819,3,Month-to-month,Fiber optic,Mailed check,Yes,No,No,0,No,No,90.49,317.85,1,2,0,1
CUS-103551,28,Two year,Fiber optic,Mailed check,Yes,Yes,Yes,1,Yes,No,89.45,2679.7,4,0,0,0
CUS-105746,58,Two year,Fiber optic,Credit card,No,No,No,0,Yes,Yes,134.94,7407.26,5,3,0,0
CUS-105825,25,Two year,DSL,Bank transfer,Yes,No internet service,Yes,0,No,No,81.46,1551.96,4,1,0,0
CUS-105753,53,Two year,Fiber optic,Mailed check,No,Yes,Yes,0,Yes,Yes,103.51,5090.9,3,3,0,0
CUS-100081,44,Two year,Fiber optic,Bank transfer,Yes,No internet service,No internet service,1,Yes,No,122.54,5013.11,3,2,0,0
CUS-103021,70,Month-to-month,Fiber optic,Mailed check,No,Yes,Yes,1,Yes,No,106.87,7912.59,0,1,0,0
CUS-101972,41,Month-to-month,DSL,Electronic check,No,No internet service,No,1,No,No,63.87,2402.51,1,1,0,1
CUS-101714,29,Month-to-month,No,Credit card,Yes,No,Yes,0,No,No,35.27,1023.61,0,1,0,0
CUS-104486,15,Two year,No,Electronic check,No,No,No,0,No,No,66.03,734.35,1,2,0,0
CUS-105261,16,Month-to-month,Fiber optic,Bank transfer,Yes,No internet service,No,0,No,No,64.58,1003.88,1,3,0,0
CUS-103856,28,One year,Fiber optic,Bank transfer,Yes,No internet service,Yes,1,Yes,No,99.35,2548.4,4,1,0,0
CUS-104511,5,One year,DSL,Electronic check,Yes,No internet service,No,0,Yes,Yes,51.9,190.22,1,2,0,0
CUS-101946,7,Month-to-month,DSL,Bank transfer,Yes,Yes,No,0,No,No,42.73,251.59,2,1,0,0
CUS-104306,9,Month-to-month,Fiber optic,Electronic check,Yes,No,Yes,0,Yes,Yes,115.35,741.04,4,5,1,1
CUS-106025,28,Two year,Fiber optic,Bank transfer,No,No,Yes,1,No,No,68.58,1720.13,0,4,0,0
CUS-104906,17,One year,DSL,Credit card,No,No internet service,No internet service,0,Yes,No,42.16,930.97,2,1,1,0
CUS-103488,13,Month-to-month,DSL,Electronic check,No,No,Yes,0,No,Yes,57.95,654.52,4,0,0,0
CUS-101610,32,Month-to-month,DSL,Electronic check,No,Yes,No,0,Yes,No,68.15,2365.38,4,5,0,1
CUS-104855,4,One year,Fiber optic,Credit card,Yes,No internet service,Yes,0,No,No,98.12,354.25,2,3,0,1
CUS-101251,51,One year,DSL,Mailed check,Yes,No,No internet service,0,No,Yes,72.79,4063.02,5,0,0,0
CUS-103980,17,Two year,Fiber optic,Mailed check,Yes,No,No,0,Yes,Yes,70.07,1243.39,3,2,0,0
CUS-103070,26,One year,Fiber optic,Electronic check,No,Yes,Yes,0,No,No,100.64,2537.39,2,1,0,0
CUS-104257,19,One year,No,Mailed check,No,No internet service,No,0,Yes,Yes,98.5,1715.14,5,3,1,1
CUS-106837,8,Month-to-month,Fiber optic,Electronic check,Yes,Yes,Yes,0,Yes,No,92.83,907.14,2,3,0,1
CUS-104002,11,Month-to-month,Fiber optic,Mailed check,Yes,Yes,No internet service,0,No,No,89.29,672.46,5,2,0,1
CUS-106998,27,Month-to-month,No,Credit card,No,No,Yes,1,No,No,35.98,1206.38,0,1,0,0
CUS-105428,37,Two year,DSL,Electronic check,Yes,No internet service,No,0,No,No,70.38,2780.15,5,2,1,0
CUS-103375,8,Two year,DSL,Credit card,Yes,No internet service,No,0,No,No,36.88,393.41,0,2,0,0
CUS-100665,41,Two year,DSL,Credit card,Yes,No internet service,No,0,Yes,No,76.89,2964.86,5,4,0,0
CUS-102194,32,Month-to-month,No,Electronic check,Yes,No,No internet service,0,No,No,101.95,3319.35,3,0,0,1
CUS-104987,36,Month-to-month,Fiber optic,Mailed check,Yes,No,Yes,0,No,Yes,119.52,4538.58,3,3,0,0
CUS-105953,15,Two year,DSL,Electronic check,Yes,Yes,No,0,Yes,No,69.9,961.32,2,1,0,0
CUS-101017,8,Month-to-month,Fiber optic,Credit card,Yes,No,No,1,Yes,No,109.68,742.29,4,3,0,1
CUS-100557,21,Two year,DSL,Credit card,Yes,No,Yes,0,No,Yes,64.17,1224.39,4,3,0,0
CUS-104606,26,One year,No,Electronic check,Yes,No,No,0,No,No,64.63,1899.71,4,1,0,0
CUS-104359,14,Month-to-month,DSL,Credit card,Yes,No,No internet service,0,No,No,54.84,814.4,3,2,0,0
CUS-101207,11,Month-to-month,No,Mailed check,No,Yes,No,0,No,Yes,71.52,237.17,4,2,0,1
CUS-103951,26,Month-to-month,Fiber optic,Mailed check,Yes,No,No internet service,1,Yes,No,94.8,2434.73,5,1,0,1
CUS-104885,44,Two year,DSL,Bank transfer,Yes,No internet service,No,0,No,No,66.02,2441.39,3,0,1,0
CUS-101510,36,Two year,No,Bank transfer,No,No,No,0,Yes,Yes,58.02,2367.55,0,1,0,0
CUS-104237,3,Month-to-month,Fiber optic,Electronic check,No,No,Yes,0,Yes,Yes,86.48,386.09,3,2,0,0
CUS-105710,17,Month-to-month,DSL,Electronic check,No,No,Yes,0,Yes,No,45.27,851.63,0,2,0,0
CUS-103211,69,Month-to-month,Fiber optic,Bank transfer,No,Yes,Yes,0,No,Yes,84.87,6045.31,1,6,1,1
CUS-104765,24,One year,Fiber optic,Electronic check,Yes,No internet service,No internet service,0,Yes,Yes,102.6,2600.17,1,0,0,0
CUS-104767,14,Month-to-month,Fiber optic,Credit card,Yes,No,No,0,Yes,Yes,104.86,1713.65,4,4,0,1
CUS-100266,30,Month-to-month,DSL,Mailed check,No,No internet service,No,0,No,Yes,63.22,1858.4,2,0,0,0
CUS-106304,28,Two year,No,Credit card,Yes,No internet service,Yes,0,Yes,No,39.81,978.47,0,1,0,0
CUS-101140,72,One year,DSL,Bank transfer,Yes,Yes,No,0,Yes,No,70.66,5291.48,3,1,0,0
CUS-103162,39,Month-to-month,DSL,Electronic check,No,No,Yes,0,Yes,No,60.07,2897.8,0,0,0,0
CUS-102111,35,Month-to-month,DSL,Bank transfer,Yes,No,No,0,Yes,Yes,67.48,2538.1,3,3,0,1
CUS-104051,20,Month-to-month,DSL,Bank transfer,Yes,No internet service,No,0,No,Yes,69.49,1100.97,4,3,0,1
CUS-101909,45,Two year,Fiber optic,Credit card,No,Yes,No,0,No,No,119.09,5406.41,5,3,0,0
CUS-104180,28,Month-to-month,DSL,Bank transfer,Yes,No internet service,No,0,Yes,No,46.2,1468.91,0,2,0,0
CUS-105969,43,Month-to-month,DSL,Mailed check,Yes,Yes,No,0,No,No,78.13,3588.3,3,1,0,0
CUS-100656,43,Month-to-month,Fiber optic,Electronic check,Yes,No,No internet service,1,Yes,Yes,116.34,4601.83,5,4,0,1
CUS-104705,72,Month-to-month,Fiber optic,Credit card,No,No,No,0,Yes,No,104.88,7623.4,2,0,0,0
CUS-104941,7,Month-to-month,DSL,Bank transfer,Yes,No,No,0,No,No,57.53,172.66,0,4,0,1
CUS-104479,27,One year,DSL,Electronic check,Yes,No,No,0,Yes,No,29.1,885.28,1,1,0,0
CUS-100998,25,One year,Fiber optic,Credit card,Yes,No,No,0,No,No,71.37,1798.2,0,3,0,1
CUS-105952,72,Month-to-month,DSL,Credit card,Yes,No,No,0,Yes,No,58.26,4373.89,5,2,1,0
CUS-102834,66,Month-to-month,No,Credit card,Yes,Yes,No internet service,0,No,No,41.39,2721.21,0,0,0,0
CUS-102809,34,Month-to-month,DSL,Credit card,Yes,No,No,0,Yes,No,44.52,1464.36,1,2,0,0
CUS-101784,16,Month-to-month,Fiber optic,Bank transfer,Yes,No internet service,Yes,1,No,Yes,104.36,1640.6,3,3,0,1
CUS-101237,37,Month-to-month,No,Bank transfer,Yes,No,Yes,0,No,No,62.98,2567.83,4,2,0,0
CUS-105828,40,Month-to-month,Fiber optic,Electronic check,No,No internet service,Yes,0,No,No,71.76,2715.64,1,2,0,0
CUS-105339,11,One year,DSL,Bank transfer,Yes,No,No,0,Yes,Yes,69.73,686.6,4,2,0,1
CUS-104587,24,Two year,No,Credit card,No,No,No,1,Yes,No,47.51,1201.93,2,0,0,0
CUS-104650,17,One year,Fiber optic,Credit card,No,No internet service,Yes,0,No,No,109.01,1992.5,2,2,0,0
CUS-105676,34,One year,Fiber optic,Electronic check,Yes,No,No internet service,0,No,Yes,80.14,3055.46,0,0,0,0
CUS-106909,38,One year,DSL,Electronic check,Yes,No internet service,Yes,0,No,No,49.16,1984.62,1,1,0,0
CUS-102186,14,Month-to-month,DSL,Mailed check,No,Yes,Yes,0,No,Yes,52.31,804.08,2,2,0,0
CUS-102913,62,Two year,DSL,Electronic check,No,No,No,0,Yes,Yes,50.98,3160.64,0,2,0,0
CUS-101134,55,Month-to-month,DSL,Credit card,Yes,No,No,0,No,No,81.59,4257.1,4,1,0,1
CUS-100908,21,Month-to-month,Fiber optic,Credit card,Yes,Yes,Yes,0,No,No,112.24,2756.87,4,3,0,0
CUS-104607,7,One year,No,Mailed check,Yes,Yes,No,0,Yes,No,101.97,402.4,5,3,0,0
CUS-101303,11,Month-to-month,DSL,Credit card,Yes,No,No,1,No,No,52.3,567.97,4,3,0,1
CUS-106754,31,Month-to-month,DSL,Electronic check,Yes,No,No,0,Yes,No,59.72,1737.98,3,2,1,1
CUS-101627,18,Month-to-month,DSL,Mailed check,No,No internet service,Yes,0,Yes,No,88.04,2027.55,4,0,0,0
CUS-104498,9,Month-to-month,Fiber optic,Electronic check,Yes,No internet service,No,0,Yes,Yes,84.25,925.39,0,0,0,1
CUS-101522,29,Month-to-month,Fiber optic,Bank transfer,No,No internet service,No internet service,0,No,No,98.08,2271.77,2,3,1,0
CUS-100835,6,Two year,Fiber optic,Credit card,No,Yes,No,0,Yes,No,100.9,318.38,5,1,0,0
CUS-100358,21,Month-to-month,Fiber optic,Electronic check,Yes,Yes,No,0,No,Yes,79.61,1662.24,0,3,0,0
CUS-100138,67,Month-to-month,DSL,Mailed check,No,No,No,0,No,No,89.88,5851.28,4,1,0,0
CUS-100299,18,Month-to-month,DSL,Credit card,Yes,Yes,No,0,Yes,No,57.88,1374.71,5,0,0,1
CUS-101556,72,One year,Fiber optic,Electronic check,No,No internet service,No,0,No,No,83.38,5853.86,5,2,0,0
CUS-101003,23,Month-to-month,Fiber optic,Bank transfer,Yes,No,Yes,0,No,No,90.3,2114.77,3,3,0,1
CUS-100382,11,Month-to-month,No,Mailed check,No,No,Yes,0,Yes,Yes,72.66,868.23,5,3,0,1
CUS-104824,21,One year,DSL,Electronic check,Yes,No,Yes,0,No,No,69.89,1256.86,4,1,0,0
CUS-103859,29,One year,Fiber optic,Electronic check,Yes,Yes,No,0,No,No,105.4,2691.63,3,1,0,0
CUS-104829,23,Month-to-month,Fiber optic,Bank transfer,Yes,No,Yes,1,Yes,Yes,123.03,2698.72,5,2,1,1
CUS-100761,31,One year,No,Credit card,Yes,No internet service,No,0,Yes,Yes,49.28,1206.13,2,1,0,0
CUS-105566,0,Two year,No,Electronic check,No,No,Yes,0,Yes,No,87.53,90.41,4,2,0,0
CUS-105075,22,Month-to-month,Fiber optic,Credit card,No,Yes,Yes,0,No,No,77.72,1616.58,2,1,0,0
CUS-104063,14,Month-to-month,No,Bank transfer,Yes,No,No,0,No,Yes,21.04,298.26,0,1,0,0
CUS-104190,29,Month-to-month,Fiber optic,Mailed check,No,Yes,No,1,Yes,No,84.7,2359.37,2,5,1,1
CUS-104034,12,Two year,DSL,Credit card,No,No,Yes,0,Yes,Yes,64.9,960.22,5,0,0,0
CUS-105655,27,Month-to-month,Fiber optic,Electronic check,No,Yes,No,0,No,No,92.04,2632.45,1,3,0,1
CUS-105775,24,One year,Fiber optic,Electronic check,No,No,No internet service,0,Yes,No,70.65,1588.89,0,1,0,0
CUS-101402,72,Month-to-month,DSL,Electronic check,Yes,No,No internet service,0,Yes,Yes,47.32,3480.69,1,1,1,0
CUS-106633,8,Month-to-month,Fiber optic,Mailed check,No,Yes,Yes,0,Yes,No,92.96,1003.8,2,0,1,1
CUS-106007,52,Two year,Fiber optic,Credit card,No,Yes,No,0,No,Yes,101.47,4878.96,5,0,0,0
CUS-102721,37,One year,DSL,Credit card,No,No,No,0,No,Yes,51.18,1897.29,2,2,0,0
CUS-101932,31,Month-to-month,Fiber optic,Credit card,Yes,No,No,0,No,Yes,84.73,2473.22,2,0,0,0
CUS-104235,19,Month-to-month,Fiber optic,Credit card,No,No internet service,No,0,Yes,No,86.85,1795.38,1,3,0,0
CUS-103560,34,Two year,DSL,Bank transfer,No,No,Yes,0,No,No,59.09,1960.18,1,3,1,0
CUS-106289,72,Month-to-month,No,Bank transfer,No,No,No internet service,1,No,No,75.75,5145.91,4,1,0,1
CUS-106323,13,Month-to-month,DSL,Electronic check,Yes,Yes,No,0,No,No,42.38,655.06,0,2,0,0
CUS-106824,50,Month-to-month,Fiber optic,Mailed check,No,No internet service,No,0,No,No,73.44,3968.57,1,1,0,1
CUS-105571,18,Month-to-month,Fiber optic,Bank transfer,No,No internet service,No internet service,1,No,No,117.88,1790.28,3,8,0,1
CUS-103055,45,Month-to-month,DSL,Electronic check,Yes,No,Yes,1,No,No,86.28,4078.55,4,2,0,0
CUS-106266,72,Two year,Fiber optic,Mailed check,No,No,No internet service,0,Yes,No,85.63,6234.28,3,3,0,0
CUS-104490,36,One year,DSL,Electronic check,Yes,Yes,No,0,No,No,70.2,2390.86,4,2,0,0
CUS-104652,16,Month-to-month,No,Electronic check,Yes,Yes,No,0,Yes,No,50.62,633.46,1,1,0,0
CUS-102685,7,Two year,No,Bank transfer,No,No,Yes,0,No,No,32.89,92.31,1,1,0,0
CUS-103800,24,Two year,Fiber optic,Electronic check,No,No,No,0,No,No,75.29,1747.02,2,0,1,0
CUS-100058,68,One year,DSL,Mailed check,No,Yes,No,0,No,Yes,88.45,6367.25,5,0,0,1
CUS-100076,24,Two year,DSL,Bank transfer,No,Yes,No,0,Yes,No,66.76,1335.27,4,2,0,0
CUS-100796,7,One year,DSL,Bank transfer,Yes,No,No internet service,0,Yes,No,63.05,906.14,3,3,0,0
CUS-102416,72,One year,DSL,Bank transfer,Yes,No,No internet service,0,Yes,Yes,68.9,5110.43,4,1,0,0
CUS-102248,26,Month-to-month,Fiber optic,Bank transfer,Yes,No internet service,No internet service,0,Yes,Yes,86.41,2682.48,5,3,0,1
CUS-105112,15,Two year,No,Bank transfer,Yes,Yes,No,1,No,No,79.8,905.75,3,3,0,0
CUS-100785,22,Month-to-month,DSL,Electronic check,Yes,No,No,0,Yes,No,47.65,1130.75,3,1,0,0
CUS-103992,46,Two year,Fiber optic,Credit card,Yes,No,No,1,No,Yes,116.59,5872.18,3,1,0,0
CUS-106813,30,Month-to-month,Fiber optic,Electronic check,No,Yes,Yes,1,No,Yes,90.0,2696.6,4,3,0,1
CUS-103158,20,One year,Fiber optic,Bank transfer,Yes,Yes,No internet service,0,Yes,No,97.56,1898.1,1,2,0,0
CUS-103106,22,One year,No,Bank transfer,Yes,No,Yes,0,No,Yes,28.39,536.89,0,2,0,0
CUS-100123,72,Month-to-month,Fiber optic,Electronic check,No,No,No,0,No,No,110.96,8176.55,5,3,0,0
CUS-102217,15,One year,Fiber optic,Mailed check,No,No,No internet service,0,Yes,Yes,71.91,1123.56,0,1,0,0
CUS-104823,30,Month-to-month,No,Electronic check,Yes,No internet service,No,0,Yes,Yes,62.84,2141.46,3,2,0,0
CUS-106140,36,One year,Fiber optic,Credit card,No,No,Yes,0,Yes,No,111.5,4083.65,3,0,0,1
CUS-105316,8,Month-to-month,Fiber optic,Credit card,Yes,No internet service,No internet service,0,No,No,97.93,1169.92,0,0,0,1
CUS-103787,24,Month-to-month,No,Electronic check,Yes,Yes,No,0,No,Yes,39.17,941.04,1,1,0,0
CUS-104417,7,Month-to-month,No,Mailed check,Yes,No,No,0,No,No,60.87,785.2,1,1,0,0
CUS-105395,29,One year,DSL,Electronic check,Yes,No internet service,No,0,No,Yes,60.67,1576.46,2,2,0,1
CUS-100910,33,One year,No,Bank transfer,Yes,No internet service,No,1,Yes,No,54.93,1667.27,0,2,0,0
CUS-102172,45,Month-to-month,DSL,Electronic check,Yes,No,No,0,Yes,No,50.58,2509.98,1,2,0,0
CUS-101850,30,One year,Fiber optic,Credit card,Yes,No,No internet service,0,No,No,117.6,2787.13,5,0,0,1
CUS-102309,15,Month-to-month,DSL,Electronic check,Yes,No,No internet service,0,No,Yes,58.72,595.72,1,1,0,0
CUS-106548,15,Month-to-month,DSL,Electronic check,No,No,No,0,Yes,No,58.5,1014.6,1,5,0,1
CUS-103634,26,Month-to-month,DSL,Electronic check,Yes,No,Yes,0,No,Yes,27.97,665.17,1,2,0,0
CUS-101257,38,One year,Fiber optic,Electronic check,Yes,Yes,Yes,1,Yes,No,90.16,3708.03,1,2,0,0
CUS-102495,7,Month-to-month,DSL,Bank transfer,No,No,No internet service,1,Yes,No,20.37,86.63,0,0,0,1
CUS-105271,29,One year,Fiber optic,Electronic check,Yes,No internet service,Yes,1,Yes,Yes,125.39,3617.21,4,3,0,1
CUS-104550,38,Month-to-month,Fiber optic,Bank transfer,No,Yes,No,0,Yes,No,98.53,3414.56,0,4,0,0
CUS-103501,35,One year,Fiber optic,Credit card,Yes,No,No,0,Yes,No,99.16,3511.82,4,2,0,1
CUS-101178,6,Two year,DSL,Credit card,Yes,No internet service,No,0,Yes,No,51.38,91.51,1,1,0,0
CUS-105263,12,Month-to-month,DSL,Bank transfer,Yes,No,Yes,1,No,Yes,71.1,802.14,3,2,0,0
CUS-105720,44,Month-to-month,Fiber optic,Bank transfer,No,No internet service,No internet service,0,Yes,No,83.15,3815.13,3,1,0,0
CUS-100442,23,Month-to-month,DSL,Credit card,Yes,Yes,No internet service,0,No,No,79.25,1662.54,5,2,0,0
CUS-105359,46,Two year,Fiber optic,Credit card,No,No internet service,No internet service,1,No,Yes,98.16,4422.52,3,3,0,0
CUS-101399,10,Two year,Fiber optic,Electronic check,No,Yes,No,0,No,Yes,124.23,1015.23,5,3,0,0
CUS-102973,13,Month-to-month,Fiber optic,Bank transfer,Yes,Yes,No internet service,0,No,Yes,74.83,956.47,3,4,0,1
CUS-102884,36,One year,Fiber optic,Mailed check,Yes,Yes,Yes,0,Yes,Yes,107.8,3457.0,0,3,0,0
CUS-101457,57,Two year,DSL,Mailed check,Yes,No,Yes,0,Yes,No,59.77,3420.68,5,1,0,0
CUS-104292,21,Month-to-month,Fiber optic,Credit card,Yes,Yes,No internet service,1,Yes,No,112.52,2366.8,5,4,0,1
CUS-106665,33,Month-to-month,Fiber optic,Credit card,No,No,No,0,Yes,No,94.17,3382.41,3,1,0,1
CUS-103459,27,One year,Fiber optic,Electronic check,Yes,No,No,0,Yes,Yes,82.73,2166.45,3,0,0,0
CUS-101054,72,One year,Fiber optic,Credit card,Yes,No internet service,No,1,No,No,83.14,6018.6,0,1,0,0
CUS-103685,66,One year,DSL,Credit card,Yes,No,No,0,No,No,59.06,3784.39,1,4,1,0
CUS-106035,36,One year,Fiber optic,Credit card,Yes,No,No,0,Yes,No,71.35,2418.23,2,2,0,0
CUS-103275,37,Month-to-month,No,Electronic check,Yes,No internet service,No,0,No,No,56.91,1982.57,1,1,0,1
CUS-105360,7,Month-to-month,Fiber optic,Electronic check,Yes,Yes,No,0,Yes,No,115.24,1223.63,5,4,0,0
CUS-100929,16,Month-to-month,Fiber optic,Credit card,Yes,No internet service,No,0,Yes,No,94.34,1345.43,1,2,0,1
CUS-101415,67,Month-to-month,Fiber optic,Mailed check,No,No,No,0,Yes,No,77.61,4925.53,1,2,0,0
CUS-102372,55,Month-to-month,DSL,Bank transfer,No,No,No internet service,1,Yes,No,54.51,2880.67,3,2,1,0
CUS-104942,30,Two year,DSL,Mailed check,Yes,No,No,1,No,Yes,34.57,979.14,1,1,1,0
CUS-104091,37,One year,No,Electronic check,No,No internet service,No,0,No,No,64.91,2387.69,3,1,0,0
CUS-104578,72,Two year,DSL,Electronic check,No,Yes,No,0,Yes,No,57.36,4054.53,1,1,0,0
CUS-106538,26,Two year,DSL,Credit card,Yes,No,No,0,No,Yes,72.87,2337.27,5,1,0,0
CUS-104537,12,One year,DSL,Mailed check,No,Yes,No,0,Yes,No,56.7,563.39,3,1,1,0
CUS-104905,29,Two year,DSL,Credit card,Yes,No,No internet service,0,Yes,Yes,88.11,2637.91,5,0,0,0
CUS-106414,11,Month-to-month,Fiber optic,Electronic check,Yes,Yes,No,0,Yes,Yes,77.63,1060.04,2,2,0,1
CUS-101502,37,Month-to-month,DSL,Electronic check,Yes,No,No,0,Yes,No,47.81,1864.08,4,3,0,0
CUS-105632,6,Month-to-month,DSL,Electronic check,No,No,Yes,0,No,Yes,46.79,23.4,2,2,0,1
CUS-101450,46,One year,DSL,Credit card,Yes,Yes,No,0,No,No,43.91,1929.21,1,0,0,0
CUS-106087,18,Two year,Fiber optic,Electronic check,No,No,Yes,0,No,No,113.48,1867.02,5,5,0,0
CUS-102011,45,One year,Fiber optic,Electronic check,Yes,No internet service,Yes,0,No,Yes,87.31,3393.71,0,4,0,1
CUS-105705,25,Month-to-month,Fiber optic,Bank transfer,Yes,No,No,0,No,Yes,112.66,2563.54,5,2,0,1
CUS-103515,16,Two year,DSL,Electronic check,Yes,Yes,No,0,No,No,33.93,451.66,0,0,0,0
CUS-105908,49,Two year,No,Electronic check,Yes,Yes,No internet service,0,No,No,55.31,2605.29,0,1,0,0
CUS-106819,30,Month-to-month,Fiber optic,Credit card,No,No,Yes,0,No,Yes,78.44,2345.87,4,1,0,0
CUS-106714,11,Month-to-month,No,Mailed check,Yes,No,No,0,No,No,55.44,591.74,1,2,0,0
CUS-103937,72,One year,DSL,Credit card,Yes,No,No,0,Yes,No,68.23,4954.81,5,3,1,0
CUS-103264,14,One year,Fiber optic,Bank transfer,No,No,No internet service,0,No,No,99.51,1249.78,3,1,0,1
CUS-105640,25,Two year,Fiber optic,Electronic check,Yes,Yes,No internet service,0,Yes,Yes,112.85,2763.32,2,5,0,0
CUS-105282,6,Month-to-month,DSL,Bank transfer,Yes,No internet service,Yes,0,Yes,Yes,93.86,789.81,5,0,0,0
CUS-104897,19,Two year,Fiber optic,Credit card,Yes,Yes,No,0,Yes,No,121.55,2605.38,2,3,1,0
CUS-104640,3,One year,DSL,Electronic check,Yes,Yes,Yes,0,Yes,No,35.67,70.51,1,1,1,0
CUS-100006,34,Month-to-month,Fiber optic,Electronic check,Yes,No,Yes,0,Yes,No,99.84,3324.5,4,1,0,1
CUS-102980,13,One year,Fiber optic,Credit card,No,Yes,No,0,No,No,100.07,1244.54,5,1,0,0
CUS-102487,19,Month-to-month,Fiber optic,Electronic check,No,Yes,No,0,Yes,Yes,92.36,1620.56,3,1,0,1
CUS-103361,40,One year,No,Mailed check,No,No,No,0,Yes,No,66.43,2674.39,2,5,1,1
CUS-100678,34,Month-to-month,Fiber optic,Electronic check,Yes,Yes,No,0,No,No,96.18,3350.26,1,2,0,0
CUS-101943,19,Month-to-month,DSL,Mailed check,Yes,No internet service,No internet service,0,No,No,44.44,854.15,1,0,0,0
CUS-104567,17,Month-to-month,Fiber optic,Mailed check,No,No,No,0,Yes,No,119.11,1854.68,5,1,0,1
CUS-106438,8,Month-to-month,Fiber optic,Bank transfer,Yes,No,No internet service,0,Yes,No,81.99,836.08,1,0,0,0
CUS-105916,29,One year,Fiber optic,Mailed check,Yes,Yes,No internet service,0,No,No,90.32,2690.18,0,1,1,1
CUS-105367,5,One year,DSL,Bank transfer,No,Yes,No,0,Yes,Yes,85.57,484.09,5,2,1,0
CUS-104590,12,Month-to-month,Fiber optic,Mailed check,Yes,No internet service,No,1,No,No,94.31,692.94,3,4,0,1
CUS-102607,21,One year,DSL,Electronic check,No,Yes,No internet service,0,No,No,50.38,1002.99,1,1,0,0
CUS-106829,40,Month-to-month,DSL,Electronic check,Yes,Yes,No internet service,0,Yes,No,54.43,2094.75,4,0,0,0
CUS-104472,10,Month-to-month,Fiber optic,Credit card,Yes,Yes,No,1,Yes,No,85.03,1010.27,4,0,0,1
CUS-106434,10,Month-to-month,No,Electronic check,Yes,No internet service,No internet service,1,No,Yes,41.86,300.96,1,2,0,0
CUS-104025,15,One year,DSL,Electronic check,Yes,No,No internet service,0,No,No,79.0,1107.0,5,1,0,1
CUS-101064,11,Month-to-month,DSL,Credit card,Yes,No,No,0,No,No,62.04,458.69,5,0,0,0
CUS-102894,11,Month-to-month,Fiber optic,Electronic check,No,No,No internet service,0,Yes,No,95.78,970.75,4,2,1,1
CUS-104634,16,One year,DSL,Mailed check,No,No,No,0,No,No,63.82,961.96,2,3,0,0
CUS-106004,20,Month-to-month,DSL,Electronic check,No,Yes,No internet service,0,Yes,No,39.84,733.11,0,0,0,0
CUS-102242,13,Two year,DSL,Credit card,No,No,Yes,0,No,No,72.78,1131.41,5,2,1,0
CUS-101474,27,Month-to-month,Fiber optic,Bank transfer,No,No,No internet service,0,Yes,No,86.97,2411.74,2,2,0,1
CUS-106757,4,Month-to-month,No,Electronic check,Yes,Yes,No,0,No,Yes,56.68,321.81,5,1,0,1
CUS-101889,33,Month-to-month,Fiber optic,Electronic check,Yes,No,No,0,Yes,No,95.44,3278.36,2,2,0,0
CUS-103435,18,Month-to-month,DSL,Electronic check,No,No,No,0,No,No,76.49,1525.59,2,1,0,0
CUS-106641,72,Month-to-month,DSL,Bank transfer,Yes,Yes,No internet service,0,No,No,40.64,3104.68,2,1,0,0
CUS-101053,24,Month-to-month,No,Electronic check,Yes,No,Yes,1,Yes,No,70.31,1829.75,3,3,1,1
CUS-103705,9,Two year,DSL,Credit card,No,No,Yes,1,No,No,45.6,380.07,0,1,0,0
CUS-102021,1,Month-to-month,DSL,Mailed check,No,No,No,1,Yes,No,33.97,188.54,0,1,0,0
CUS-105503,31,Month-to-month,No,Bank transfer,Yes,No,No internet service,0,Yes,No,34.92,963.09,1,0,0,0
CUS-104982,25,Month-to-month,Fiber optic,Bank transfer,Yes,Yes,Yes,0,No,No,96.76,1996.42,3,3,0,0
CUS-105379,10,Month-to-month,Fiber optic,Mailed check,No,No internet service,Yes,0,Yes,No,95.24,1543.69,1,3,0,0
CUS-102658,43,Two year,Fiber optic,Electronic check,No,No,Yes,0,No,No,94.06,4498.37,0,8,0,0
CUS-102467,26,Two year,DSL,Mailed check,Yes,Yes,No,0,No,No,49.08,954.38,0,2,0,0
CUS-103794,31,Two year,DSL,Bank transfer,Yes,No internet service,No,0,No,No,47.1,1341.4,1,0,0,0
CUS-101130,34,Month-to-month,Fiber optic,Bank transfer,Yes,No internet service,Yes,0,No,Yes,96.99,2907.68,4,3,0,1
CUS-101461,53,Month-to-month,Fiber optic,Electronic check,No,No,No,0,Yes,Yes,93.61,5011.16,3,1,0,1
CUS-104204,50,One year,No,Bank transfer,Yes,No,No,1,No,No,50.69,2487.56,4,4,0,0
CUS-106892,10,One year,No,Credit card,Yes,No,No,0,Yes,No,87.7,1271.48,4,2,1,0
CUS-103365,72,Month-to-month,DSL,Electronic check,No,No,No,1,Yes,Yes,52.89,4102.49,4,4,0,1
CUS-106953,40,Month-to-month,No,Electronic check,Yes,No internet service,No,0,Yes,No,45.3,2043.97,2,0,0,0
CUS-104273,40,One year,DSL,Electronic check,No,Yes,No internet service,1,Yes,No,77.89,3110.68,3,3,1,0
CUS-103350,72,Month-to-month,No,Mailed check,No,No,No,0,No,No,48.52,3641.74,1,3,0,0
CUS-102968,11,Month-to-month,No,Electronic check,Yes,No,No,0,No,No,69.37,688.57,2,1,0,1
CUS-100222,21,One year,Fiber optic,Electronic check,Yes,No,Yes,0,No,No,113.28,2445.52,5,0,0,1
CUS-106481,26,Month-to-month,DSL,Credit card,Yes,No,No,0,No,No,61.88,2019.77,2,3,0,1
CUS-100048,33,One year,No,Electronic check,Yes,No internet service,No,0,Yes,No,28.71,840.58,0,1,0,0
CUS-100573,40,One year,DSL,Electronic check,Yes,No,Yes,0,No,Yes,55.19,1892.78,3,3,0,0
CUS-101236,16,Month-to-month,Fiber optic,Mailed check,Yes,No,No,0,Yes,No,75.96,983.93,1,2,0,1
CUS-106187,31,Two year,No,Bank transfer,No,No internet service,No,0,No,No,82.17,2524.65,2,1,0,0
CUS-103033,72,Two year,DSL,Credit card,Yes,No internet service,No,0,Yes,No,53.09,3754.83,0,1,0,0
CUS-106781,15,Two year,DSL,Electronic check,No,No internet service,No,0,No,No,48.16,828.4,1,2,0,0
CUS-103382,32,Two year,Fiber optic,Bank transfer,Yes,No,No,1,No,No,66.64,1727.21,0,0,0,0
CUS-106283,19,Month-to-month,Fiber optic,Bank transfer,No,No,No internet service,0,Yes,No,108.37,2808.0,5,0,0,0
CUS-102282,5,Month-to-month,No,Mailed check,Yes,Yes,Yes,0,Yes,No,55.77,224.87,1,0,0,0
CUS-106703,24,Month-to-month,Fiber optic,Bank transfer,Yes,No internet service,No internet service,0,Yes,No,122.4,2754.26,1,0,0,1
CUS-100267,19,Month-to-month,DSL,Credit card,Yes,No,Yes,0,Yes,No,40.94,644.72,2,2,1,0
CUS-101104,35,Month-to-month,Fiber optic,Electronic check,Yes,Yes,No,0,No,No,91.43,3534.34,0,2,0,1
CUS-102305,6,Month-to-month,Fiber optic,Mailed check,Yes,No,No,0,No,No,114.96,1004.0,4,2,1,1
CUS-105502,24,Two year,No,Bank transfer,Yes,No,No internet service,0,No,No,62.64,1491.27,0,1,0,0
CUS-105950,37,Month-to-month,No,Electronic check,Yes,Yes,Yes,0,Yes,Yes,89.45,3501.06,5,3,0,0
CUS-101935,72,One year,DSL,Bank transfer,No,No internet service,Yes,1,Yes,No,71.46,5543.71,5,1,0,0
CUS-100386,32,Two year,Fiber optic,Mailed check,No,No,Yes,0,No,Yes,93.72,2948.36,1,3,0,0
CUS-101701,72,One year,DSL,Credit card,No,No,Yes,0,Yes,No,34.84,2552.82,1,0,0,0
CUS-101628,42,Month-to-month,Fiber optic,Electronic check,No,No,No,0,Yes,No,92.1,3669.29,4,2,0,0
CUS-103585,44,Month-to-month,Fiber optic,Electronic check,No,No,No internet service,0,No,No,95.64,3952.05,5,4,0,1
CUS-105447,21,Two year,No,Electronic check,No,No,No internet service,0,No,Yes,59.63,1195.45,4,2,0,0
CUS-102714,5,Month-to-month,DSL,Electronic check,No,Yes,No,1,No,Yes,61.12,346.77,4,2,1,1
CUS-104101,29,Month-to-month,No,Bank transfer,No,No,No,0,Yes,No,43.0,1221.98,3,2,0,0
CUS-104970,28,Month-to-month,Fiber optic,Mailed check,No,No,Yes,0,No,No,96.47,2364.37,1,4,0,1
CUS-106118,72,Month-to-month,No,Credit card,Yes,Yes,Yes,0,Yes,Yes,49.36,3515.73,1,3,0,0
CUS-101563,22,One year,Fiber optic,Mailed check,Yes,No,Yes,0,No,Yes,100.26,1808.13,4,4,0,0
CUS-103622,15,One year,DSL,Electronic check,Yes,No internet service,No internet service,1,No,No,28.03,398.37,1,0,0,0
CUS-106864,33,Month-to-month,Fiber optic,Electronic check,No,Yes,No,1,Yes,No,97.71,2712.35,3,3,0,0
CUS-102760,37,Month-to-month,No,Electronic check,No,No,No,0,Yes,No,42.66,1372.49,1,2,0,0
CUS-103189,7,Month-to-month,Fiber optic,Credit card,Yes,Yes,No,0,No,No,92.71,393.04,3,3,0,1
CUS-104591,18,Month-to-month,DSL,Electronic check,No,No,Yes,0,No,No,89.01,1576.31,3,1,0,0
CUS-100209,59,Month-to-month,DSL,Credit card,Yes,No,No,0,No,No,42.98,2449.82,0,1,0,0
CUS-100909,26,Month-to-month,DSL,Electronic check,Yes,No internet service,Yes,0,Yes,No,55.47,1568.96,4,1,0,1
CUS-101289,29,One year,Fiber optic,Bank transfer,Yes,No internet service,Yes,0,Yes,No,98.2,2877.78,3,3,0,1
CUS-106680,23,Month-to-month,DSL,Bank transfer,No,No,No,0,No,Yes,66.85,1360.15,2,4,0,0
CUS-101866,17,Month-to-month,No,Electronic check,No,No,No internet service,0,Yes,No,51.49,968.21,0,2,0,0
CUS-101842,26,Month-to-month,Fiber optic,Mailed check,No,Yes,No,0,Yes,No,82.58,2225.44,0,5,0,0
CUS-102497,18,Two year,No,Credit card,No,No,No,0,No,Yes,77.84,1357.33,5,2,0,0
CUS-106778,9,Month-to-month,Fiber optic,Credit card,Yes,Yes,Yes,0,Yes,No,50.25,270.14,0,0,0,0
CUS-100104,46,Two year,No,Bank transfer,No,No internet service,No internet service,0,Yes,No,56.94,2881.96,5,3,0,0
CUS-100958,57,One year,Fiber optic,Bank transfer,Yes,No internet service,No,1,No,No,114.43,5919.42,2,0,0,0
CUS-101793,44,Month-to-month,DSL,Electronic check,Yes,No,No internet service,1,No,No,63.7,2496.69,3,1,0,0
CUS-102088,19,Month-to-month,DSL,Mailed check,No,No internet service,No,0,No,Yes,63.8,1243.54,5,2,0,1
CUS-102702,22,Month-to-month,Fiber optic,Electronic check,Yes,Yes,No,0,Yes,Yes,74.71,1782.2,1,3,0,0
CUS-105752,15,Month-to-month,No,Bank transfer,Yes,No,No,0,No,No,69.34,902.55,5,2,0,1
CUS-100331,37,Month-to-month,DSL,Mailed check,No,Yes,Yes,0,Yes,No,79.22,3383.59,5,2,1,0
CUS-104319,28,One year,DSL,Mailed check,Yes,No,No internet service,0,Yes,No,44.03,975.88,0,1,0,0
CUS-105180,38,Month-to-month,Fiber optic,Credit card,No,No,No,0,Yes,No,105.79,4289.71,5,3,0,1
CUS-105780,39,Month-to-month,Fiber optic,Mailed check,Yes,No,No internet service,0,Yes,No,113.18,3850.72,3,2,0,1
CUS-102459,32,Month-to-month,Fiber optic,Electronic check,No,No internet service,No,0,Yes,No,92.84,2847.65,2,1,0,1
CUS-101774,28,Two year,Fiber optic,Electronic check,No,No internet service,No,0,Yes,No,124.54,3586.84,4,4,0,0
CUS-103833,21,Month-to-month,No,Electronic check,No,No,No,1,No,No,85.19,1990.43,5,3,0,0
CUS-104915,30,Month-to-month,DSL,Electronic check,Yes,Yes,Yes,0,Yes,No,70.36,2157.84,3,0,0,0
CUS-104338,61,Month-to-month,DSL,Bank transfer,Yes,No,No internet service,0,Yes,No,64.75,3645.6,5,0,0,0
CUS-104563,16,Month-to-month,No,Credit card,Yes,No internet service,No internet service,0,No,No,48.75,605.6,2,0,0,0
CUS-102686,15,One year,Fiber optic,Bank transfer,Yes,No internet service,No,0,No,Yes,70.23,1172.6,1,1,1,0
CUS-105901,11,Month-to-month,DSL,Electronic check,Yes,No,No,0,Yes,No,49.23,630.12,1,0,0,1
CUS-105678,50,Two year,DSL,Electronic check,Yes,No,No internet service,0,No,No,75.75,4288.77,4,2,0,0
CUS-106254,44,Month-to-month,No,Mailed check,No,No internet service,No,0,No,No,54.88,2094.85,3,0,0,0
CUS-106155,39,Two year,DSL,Credit card,Yes,Yes,Yes,0,No,No,77.86,2599.01,5,2,0,0
CUS-102897,37,Month-to-month,DSL,Mailed check,Yes,No,No internet service,0,No,Yes,52.37,1985.02,1,2,0,0
CUS-106752,32,Two year,Fiber optic,Bank transfer,Yes,No,Yes,1,Yes,No,111.16,4005.65,4,2,0,0
CUS-101710,16,Month-to-month,No,Electronic check,Yes,No internet service,No internet service,0,Yes,No,58.45,634.7,3,2,0,1
CUS-105381,18,Two year,Fiber optic,Electronic check,Yes,No,Yes,0,Yes,No,106.6,1653.18,2,2,0,0
CUS-105341,8,Month-to-month,No,Mailed check,Yes,No,No internet service,0,Yes,No,85.97,559.66,5,5,1,1
CUS-102478,52,Month-to-month,No,Bank transfer,Yes,No,No,0,No,No,66.46,3140.91,0,2,0,1
CUS-104979,28,Two year,No,Bank transfer,No,No,No,0,Yes,Yes,40.72,1123.61,5,0,0,0
CUS-106447,6,One year,DSL,Electronic check,No,Yes,No internet service,1,No,No,53.09,26.54,1,1,0,0
CUS-101366,31,One year,DSL,Electronic check,No,Yes,Yes,0,No,No,52.29,1565.38,4,0,0,0
CUS-100173,31,Month-to-month,DSL,Mailed check,Yes,No internet service,No internet service,1,Yes,Yes,54.41,1451.04,0,1,0,0
CUS-100858,27,Month-to-month,Fiber optic,Mailed check,No,No,No,0,No,No,105.65,2657.12,3,3,0,1
CUS-105138,27,Month-to-month,Fiber optic,Bank transfer,Yes,No internet service,No internet service,0,Yes,No,91.38,2579.02,5,2,0,0
CUS-105149,2,Month-to-month,Fiber optic,Mailed check,No,No,No,0,Yes,No,86.51,209.85,3,0,0,1
CUS-103524,19,Month-to-month,No,Electronic check,Yes,No,No internet service,0,Yes,No,62.95,1541.26,4,0,0,1
CUS-103321,22,Two year,No,Credit card,Yes,No,No,0,Yes,No,75.39,1587.67,5,1,0,0
CUS-105453,69,Month-to-month,Fiber optic,Mailed check,No,No internet service,No,0,Yes,Yes,89.49,5965.08,2,2,0,1
CUS-106099,12,One year,No,Mailed check,Yes,No,Yes,0,Yes,No,66.53,697.13,4,1,0,0
CUS-104374,65,One year,Fiber optic,Bank transfer,No,No,No,0,Yes,No,101.79,5975.16,5,3,0,0
CUS-103945,13,One year,DSL,Mailed check,Yes,No,No,0,No,No,90.68,1496.49,5,5,0,0
CUS-101952,64,Month-to-month,Fiber optic,Electronic check,Yes,No,No,0,No,Yes,122.01,7387.36,5,4,0,1
CUS-103311,43,One year,Fiber optic,Electronic check,No,No internet service,Yes,0,No,No,88.09,3596.91,3,3,1,0
CUS-102492,5,Two year,DSL,Credit card,Yes,Yes,Yes,0,No,No,70.25,325.14,4,1,0,1
CUS-104176,18,Month-to-month,Fiber optic,Credit card,Yes,No,Yes,0,No,No,89.46,1528.26,2,2,0,0
CUS-104331,15,One year,Fiber optic,Mailed check,Yes,No,Yes,0,No,No,99.47,985.2,5,4,0,1
CUS-102036,2,Month-to-month,No,Electronic check,Yes,Yes,Yes,0,Yes,No,58.03,421.75,3,4,0,1
CUS-105482,25,Month-to-month,Fiber optic,Bank transfer,Yes,No,No,1,Yes,No,89.4,2312.4,1,2,0,1
CUS-106255,26,Month-to-month,DSL,Bank transfer,No,No,Yes,0,No,No,60.4,1796.46,3,0,0,1
CUS-106200,12,Month-to-month,DSL,Mailed check,Yes,Yes,No internet service,0,No,No,40.11,552.56,1,1,0,1
CUS-103403,33,One year,DSL,Credit card,No,No internet service,No,1,No,Yes,88.22,2766.07,2,3,0,0
CUS-100018,41,Month-to-month,DSL,Mailed check,No,No,No,0,No,No,64.62,2198.17,3,2,0,0
CUS-103691,7,Month-to-month,Fiber optic,Electronic check,No,No,No,0,Yes,Yes,87.27,790.61,0,4,0,1
CUS-105274,34,Month-to-month,No,Credit card,Yes,Yes,Yes,0,Yes,No,69.09,2350.67,4,1,0,0
CUS-100000,31,Month-to-month,Fiber optic,Credit card,Yes,No internet service,No,0,No,No,90.93,2947.34,4,5,0,1
CUS-103628,66,Month-to-month,DSL,Bank transfer,No,Yes,No,1,No,No,62.66,3857.35,0,1,1,0
CUS-105537,7,Month-to-month,Fiber optic,Bank transfer,No,Yes,No,1,No,No,77.21,703.02,0,8,0,1
CUS-102174,17,One year,DSL,Bank transfer,No,No,No internet service,0,No,Yes,63.56,1127.64,4,0,0,0
CUS-101356,21,Month-to-month,No,Bank transfer,No,No,No,0,No,No,93.99,1856.22,1,0,0,1
CUS-105200,50,Two year,DSL,Credit card,Yes,No,No,0,No,Yes,41.18,1846.75,0,0,0,0
CUS-106429,40,One year,DSL,Bank transfer,Yes,No,Yes,0,No,Yes,103.28,3884.32,5,3,0,0
CUS-104221,26,Month-to-month,No,Bank transfer,Yes,No internet service,No internet service,0,Yes,No,67.03,1701.74,4,2,0,0
CUS-102826,16,Two year,Fiber optic,Bank transfer,No,No,No,0,No,Yes,62.68,841.42,2,0,1,0
CUS-104209,16,Month-to-month,No,Electronic check,No,No internet service,Yes,0,No,No,63.9,1009.0,5,3,1,0
CUS-100396,25,Month-to-month,No,Electronic check,Yes,No,No internet service,1,No,No,53.47,1194.99,3,2,0,0
CUS-105255,50,Two year,DSL,Electronic check,No,Yes,No,0,Yes,No,75.83,3702.46,5,1,0,0
CUS-103112,12,Month-to-month,Fiber optic,Bank transfer,No,No internet service,No,1,Yes,Yes,101.55,1367.77,3,1,0,1
CUS-100182,33,One year,No,Bank transfer,Yes,Yes,No,1,Yes,Yes,58.96,1806.93,2,1,0,0
CUS-105462,22,Two year,Fiber optic,Bank transfer,No,No,No internet service,0,Yes,No,124.03,2550.12,5,3,0,0
CUS-105532,14,Month-to-month,Fiber optic,Mailed check,No,No,No,1,No,Yes,94.57,993.35,3,2,0,0
CUS-101812,41,One year,No,Electronic check,Yes,Yes,No,0,No,No,92.13,4194.6,5,4,0,0
CUS-104504,34,Month-to-month,Fiber optic,Bank transfer,No,No,Yes,0,Yes,No,105.16,3477.95,2,3,0,1
CUS-105715,46,Month-to-month,Fiber optic,Electronic check,No,No,No,0,Yes,No,115.72,5508.12,1,2,0,1
CUS-105074,70,One year,Fiber optic,Mailed check,Yes,No,No,0,No,Yes,106.14,7780.79,5,1,0,0
CUS-100816,17,One year,DSL,Electronic check,Yes,No internet service,No,0,No,No,51.36,916.53,2,2,0,0
CUS-101572,40,Month-to-month,DSL,Electronic check,Yes,No,No,0,No,No,42.42,1722.55,0,0,0,0
CUS-104845,34,Month-to-month,DSL,Mailed check,No,No,Yes,0,No,No,41.25,1560.4,1,1,0,1
CUS-101800,38,Two year,Fiber optic,Bank transfer,Yes,No,No,1,Yes,No,128.2,4991.08,4,1,0,0
CUS-102280,20,Two year,No,Electronic check,Yes,No,No internet service,0,Yes,No,33.11,617.88,0,2,0,0
CUS-102429,36,Month-to-month,Fiber optic,Bank transfer,No,No internet service,No,1,Yes,No,100.69,3052.54,3,4,0,0
CUS-106698,6,One year,DSL,Electronic check,Yes,No internet service,Yes,0,No,No,60.77,204.53,4,2,1,1
CUS-104745,5,Two year,DSL,Credit card,No,No,No,0,No,No,59.27,503.19,0,3,0,0
CUS-105286,35,One year,Fiber optic,Credit card,Yes,No,No,0,No,Yes,123.92,3924.0,5,3,0,1
CUS-105422,45,Month-to-month,DSL,Bank transfer,Yes,Yes,No,0,No,No,70.94,2832.6,3,3,0,0
CUS-106038,27,Month-to-month,DSL,Bank transfer,No,No,No,1,No,Yes,69.74,1919.88,3,5,0,1
CUS-104860,4,Two year,No,Electronic check,Yes,Yes,No internet service,1,Yes,No,73.0,36.5,5,4,0,0
CUS-104645,22,Month-to-month,Fiber optic,Bank transfer,Yes,No,No,0,Yes,No,80.01,1750.15,3,2,0,1
CUS-101830,59,Two year,No,Credit card,No,No internet service,No,0,Yes,No,59.17,3236.23,1,3,1,0
CUS-100601,17,Two year,No,Credit card,Yes,No,No,0,No,Yes,64.76,1001.74,5,2,0,0
CUS-105798,35,One year,No,Electronic check,Yes,No internet service,No,0,No,No,80.5,2831.28,5,2,0,0
CUS-104894,24,One year,Fiber optic,Credit card,No,Yes,Yes,0,Yes,No,112.79,3043.29,1,3,0,1
CUS-105017,17,Two year,DSL,Credit card,Yes,Yes,No internet service,0,Yes,No,61.55,1049.83,4,4,0,0
CUS-100554,13,Month-to-month,DSL,Electronic check,No,No,No internet service,0,No,No,92.12,1165.13,4,5,0,1
CUS-101159,43,Two year,DSL,Credit card,No,Yes,No,0,No,No,99.33,4315.91,5,0,0,0
CUS-101213,18,Month-to-month,Fiber optic,Electronic check,Yes,No internet service,Yes,1,Yes,No,100.1,1698.01,0,1,0,1
CUS-100880,72,Two year,Fiber optic,Credit card,Yes,No,Yes,0,Yes,Yes,92.17,6789.92,2,0,0,0
CUS-101325,32,Month-to-month,No,Electronic check,No,No internet service,No,0,No,No,61.85,2113.72,4,0,0,0
CUS-105267,14,Month-to-month,Fiber optic,Credit card,No,No,No internet service,0,No,Yes,70.85,1154.06,1,1,0,1
CUS-100997,72,One year,Fiber optic,Credit card,Yes,No,Yes,0,No,No,75.85,5096.54,1,0,0,0
CUS-100700,19,Month-to-month,Fiber optic,Electronic check,No,No,No,0,Yes,No,108.27,2084.84,4,2,0,1
CUS-102700,20,Two year,DSL,Credit card,Yes,Yes,Yes,0,Yes,No,54.47,1017.77,5,1,1,0
CUS-105011,21,Month-to-month,DSL,Bank transfer,No,No,No,0,No,No,37.78,910.78,0,1,0,1
CUS-101847,46,Month-to-month,Fiber optic,Bank transfer,No,No internet service,No,0,No,Yes,128.9,5325.59,3,3,0,1
CUS-106840,28,Two year,No,Electronic check,Yes,No,Yes,0,No,No,82.56,2852.92,5,1,0,0
CUS-102796,46,One year,Fiber optic,Credit card,Yes,No,No,0,No,No,99.22,4567.26,5,3,0,0
CUS-101455,62,Two year,No,Bank transfer,Yes,No,No,0,No,No,56.88,3528.29,3,3,0,0
CUS-105857,7,Two year,DSL,Credit card,No,Yes,No,0,No,No,57.75,397.69,3,3,1,0
CUS-104059,9,Month-to-month,DSL,Bank transfer,Yes,No,No internet service,1,Yes,No,54.97,443.42,1,1,0,0
CUS-103942,72,Month-to-month,Fiber optic,Credit card,No,No,No,0,Yes,Yes,106.61,7460.32,1,1,0,1
CUS-100866,64,Month-to-month,DSL,Electronic check,Yes,No,No,1,No,No,68.29,4317.94,4,0,0,1
CUS-105346,39,Month-to-month,Fiber optic,Credit card,No,No,No internet service,0,Yes,No,76.88,2853.73,1,1,0,0
CUS-101644,45,One year,Fiber optic,Bank transfer,No,No internet service,No internet service,0,Yes,No,87.98,4138.43,1,2,0,0
CUS-102140,31,Month-to-month,DSL,Mailed check,Yes,Yes,No,1,No,Yes,61.38,1898.7,5,2,0,0
CUS-106309,13,Month-to-month,Fiber optic,Mailed check,Yes,No,Yes,1,No,No,94.83,1387.63,2,2,1,1
CUS-103520,33,Month-to-month,DSL,Bank transfer,Yes,Yes,No,0,Yes,Yes,58.86,2099.21,3,2,1,0
CUS-104391,9,Month-to-month,No,Bank transfer,Yes,Yes,No internet service,0,No,Yes,56.76,347.78,2,4,1,0
CUS-105647,19,Month-to-month,No,Credit card,No,No,No internet service,0,No,No,44.77,912.1,0,1,0,0
CUS-101490,17,Month-to-month,DSL,Mailed check,No,No,No,0,No,No,52.5,865.03,0,1,0,0
CUS-106872,40,Month-to-month,No,Electronic check,Yes,Yes,No internet service,0,No,No,53.14,1980.13,5,0,0,1
CUS-104172,67,Two year,No,Electronic check,Yes,No internet service,No,0,No,No,38.55,2543.42,0,3,1,0
CUS-100729,14,One year,DSL,Electronic check,Yes,No,No,0,No,Yes,66.68,557.28,5,5,0,0
CUS-104638,12,Month-to-month,Fiber optic,Electronic check,Yes,No,No internet service,0,No,No,93.62,1298.16,4,0,0,1
CUS-100779,5,Month-to-month,DSL,Electronic check,Yes,No internet service,Yes,0,No,Yes,49.47,100.42,0,1,0,0
CUS-102620,36,Two year,Fiber optic,Credit card,No,No internet service,No internet service,1,No,No,88.55,3691.12,1,3,0,1
CUS-101936,10,Month-to-month,Fiber optic,Mailed check,Yes,No,No,1,Yes,No,91.78,493.36,1,2,0,0
CUS-103793,20,Month-to-month,DSL,Mailed check,Yes,Yes,Yes,0,No,No,59.69,1112.88,2,4,0,0
CUS-106525,28,Two year,DSL,Credit card,Yes,No,No,0,No,Yes,74.44,2003.62,1,2,0,0
CUS-106032,19,Month-to-month,Fiber optic,Electronic check,Yes,No,No internet service,0,No,Yes,79.94,1210.66,0,1,0,1
CUS-103333,17,Month-to-month,DSL,Bank transfer,Yes,No,No,1,Yes,Yes,46.2,1026.59,1,1,0,0
CUS-101110,7,One year,Fiber optic,Mailed check,Yes,Yes,Yes,0,Yes,No,100.01,853.03,3,2,0,1
CUS-103655,39,Month-to-month,No,Electronic check,No,No internet service,Yes,0,Yes,No,66.41,2676.66,2,1,0,0
CUS-105681,9,Month-to-month,DSL,Credit card,Yes,No internet service,No,1,No,No,46.73,411.38,0,2,0,1
CUS-106252,27,Month-to-month,No,Electronic check,Yes,No,No,0,Yes,No,80.59,2387.7,4,4,0,0
CUS-102998,23,Month-to-month,DSL,Credit card,Yes,No,Yes,0,Yes,No,66.28,1671.04,4,3,0,0
CUS-102394,16,Month-to-month,Fiber optic,Credit card,Yes,No,No,1,Yes,No,92.12,625.43,1,1,0,0
CUS-101185,17,Month-to-month,Fiber optic,Mailed check,Yes,Yes,No,0,No,Yes,127.47,1758.64,5,2,0,0
CUS-102007,22,Two year,Fiber optic,Electronic check,No,No internet service,No internet service,0,Yes,No,104.62,1745.64,2,2,0,0
CUS-100193,8,One year,No,Mailed check,Yes,No,No internet service,0,Yes,Yes,40.5,148.76,5,0,0,0
CUS-101515,17,One year,DSL,Bank transfer,No,Yes,Yes,1,Yes,No,45.97,798.71,4,2,1,0
CUS-105591,4,Two year,Fiber optic,Credit card,Yes,No,No internet service,0,Yes,No,114.91,604.38,4,4,0,0
CUS-100578,27,Two year,DSL,Bank transfer,No,No,No,1,Yes,Yes,76.75,1756.97,3,1,0,0
CUS-102123,42,Month-to-month,Fiber optic,Electronic check,Yes,No,No internet service,1,No,No,90.65,3196.81,5,1,0,1
CUS-101429,53,One year,DSL,Mailed check,No,No internet service,Yes,0,No,No,58.68,3109.09,3,2,0,0
CUS-100771,19,Month-to-month,DSL,Mailed check,Yes,No internet service,No internet service,0,No,No,64.83,1448.4,5,2,0,1
CUS-102587,47,One year,Fiber optic,Mailed check,Yes,No,No,0,No,No,85.91,4125.82,4,0,0,1
CUS-102395,26,Month-to-month,DSL,Credit card,Yes,No,No,0,Yes,Yes,85.27,2225.99,5,2,0,0
CUS-106933,31,Month-to-month,Fiber optic,Electronic check,No,No,No,0,Yes,Yes,111.65,3288.28,1,1,0,1
CUS-101846,40,Month-to-month,DSL,Electronic check,No,Yes,Yes,0,Yes,No,48.45,2071.49,1,2,0,0
CUS-100131,21,Two year,Fiber optic,Credit card,Yes,No internet service,No internet service,0,Yes,No,62.42,1297.37,0,4,0,0
CUS-100178,43,One year,DSL,Bank transfer,Yes,No,No internet service,0,Yes,No,52.1,2104.59,1,0,0,0
CUS-103740,22,Two year,DSL,Credit card,No,No internet service,No internet service,0,No,No,49.33,1199.2,3,0,1,0
CUS-106247,9,One year,Fiber optic,Electronic check,Yes,No,No,0,Yes,Yes,115.15,927.04,5,2,0,0
CUS-101811,30,Month-to-month,No,Electronic check,Yes,No internet service,Yes,1,No,No,49.58,1496.21,1,1,0,0
CUS-104478,27,Month-to-month,No,Bank transfer,Yes,No,No internet service,0,No,No,79.61,2042.35,2,3,0,0
CUS-106950,12,Two year,DSL,Electronic check,No,No,No,0,Yes,No,57.48,822.75,4,2,0,0
CUS-102580,24,Month-to-month,No,Mailed check,No,No internet service,Yes,0,Yes,No,25.66,525.27,1,0,0,0
CUS-104513,35,Month-to-month,DSL,Bank transfer,Yes,No internet service,No,0,Yes,No,26.49,844.05,2,0,0,0
CUS-106826,31,Month-to-month,DSL,Electronic check,Yes,No,No,0,Yes,No,42.65,1429.06,1,0,0,0
CUS-102652,25,Month-to-month,Fiber optic,Electronic check,No,No internet service,No,0,No,No,144.21,3736.5,4,2,1,0
CUS-104564,29,Month-to-month,DSL,Credit card,No,No,Yes,1,Yes,No,46.95,1517.72,3,1,0,1
CUS-102073,13,Month-to-month,No,Bank transfer,Yes,No,No,0,Yes,Yes,65.17,659.04,0,1,0,0
CUS-100658,72,Month-to-month,Fiber optic,Mailed check,Yes,No,No,0,Yes,No,90.96,7210.74,2,2,0,1
CUS-101896,24,Month-to-month,DSL,Bank transfer,Yes,No,No,0,No,No,72.3,1811.88,3,1,0,1
CUS-105338,72,Month-to-month,Fiber optic,Mailed check,Yes,No,No internet service,0,Yes,Yes,72.33,5240.9,2,2,1,0
CUS-102606,72,Two year,No,Electronic check,Yes,No,No internet service,0,Yes,No,61.18,4715.73,3,2,0,0
CUS-102221,13,Month-to-month,DSL,Bank transfer,Yes,No internet service,Yes,1,No,No,60.14,524.98,1,5,0,1
CUS-103659,38,One year,Fiber optic,Electronic check,No,No,No,0,Yes,No,103.14,4305.48,2,3,0,0
CUS-106617,26,One year,DSL,Mailed check,Yes,No,No,0,No,Yes,53.56,1534.52,3,0,0,0
CUS-102379,8,One year,Fiber optic,Credit card,Yes,No,No,0,No,No,121.48,674.59,5,3,0,0
CUS-101447,46,Month-to-month,DSL,Credit card,No,No internet service,No,0,Yes,Yes,36.91,1953.65,0,0,0,0
CUS-105729,15,Month-to-month,No,Bank transfer,No,No,No,1,No,No,41.85,752.93,0,0,0,0
CUS-100342,72,Two year,Fiber optic,Credit card,Yes,No,No,0,No,Yes,116.73,8337.19,4,4,0,0
CUS-103372,25,Month-to-month,Fiber optic,Credit card,Yes,No,Yes,1,Yes,No,78.15,2349.4,0,0,0,0
CUS-104502,8,Month-to-month,DSL,Electronic check,No,Yes,No,0,No,No,57.77,365.26,1,0,0,1
CUS-106948,14,Month-to-month,DSL,Mailed check,Yes,No,No,0,No,No,57.83,730.49,3,1,0,0
CUS-102527,33,Month-to-month,Fiber optic,Bank transfer,No,No,No,0,No,Yes,100.85,3165.2,1,1,0,0
CUS-100727,26,Month-to-month,DSL,Bank transfer,No,Yes,No internet service,0,Yes,No,37.27,1003.38,1,1,0,0
CUS-105506,50,Month-to-month,No,Bank transfer,No,No,Yes,1,No,Yes,60.71,3094.0,4,4,0,1
CUS-100976,43,Two year,Fiber optic,Bank transfer,Yes,Yes,No,0,No,No,69.91,2828.92,0,2,0,0
CUS-106270,2,Two year,No,Credit card,No,Yes,No internet service,1,No,No,70.55,36.33,5,1,1,0
CUS-104857,36,Month-to-month,Fiber optic,Electronic check,Yes,No,No,0,Yes,No,112.33,3749.14,4,6,0,1
CUS-101928,18,One year,DSL,Mailed check,Yes,No,Yes,0,Yes,Yes,57.13,981.74,3,2,0,0
CUS-103516,25,Two year,Fiber optic,Credit card,Yes,No,No,1,Yes,No,122.48,2790.97,5,2,0,0
CUS-106728,8,One year,No,Mailed check,Yes,Yes,Yes,0,No,Yes,39.3,209.49,3,0,0,0
CUS-104557,57,Month-to-month,DSL,Credit card,Yes,No,No internet service,0,No,No,37.14,2061.78,1,1,0,1
CUS-106814,48,Month-to-month,Fiber optic,Bank transfer,No,No internet service,No internet service,0,No,No,111.58,4901.59,1,3,1,0
CUS-103755,68,One year,Fiber optic,Electronic check,No,No,No,0,No,No,126.16,7751.12,5,5,1,0
CUS-106717,36,Month-to-month,Fiber optic,Electronic check,No,No internet service,No,1,No,No,88.37,3078.5,0,2,1,1
CUS-103940,5,One year,DSL,Electronic check,Yes,No,No internet service,0,Yes,No,63.96,248.64,1,2,0,0
CUS-101299,29,Month-to-month,No,Bank transfer,Yes,No,No,0,Yes,No,53.56,1619.58,5,1,0,0
CUS-104870,8,Month-to-month,Fiber optic,Mailed check,Yes,Yes,No,1,Yes,No,116.28,805.91,0,1,0,1
CUS-106424,42,Month-to-month,No,Electronic check,No,No,No,0,No,No,33.07,1401.49,0,1,1,0
CUS-100660,54,Two year,No,Electronic check,No,No,Yes,0,Yes,No,46.36,2285.4,4,0,0,0
CUS-101790,13,One year,DSL,Bank transfer,Yes,No,No,0,Yes,Yes,24.1,347.0,1,0,0,0
CUS-101492,41,Month-to-month,DSL,Bank transfer,Yes,No internet service,No internet service,1,Yes,Yes,47.69,2039.1,0,1,0,0
CUS-106046,50,Month-to-month,Fiber optic,Electronic check,No,No internet service,Yes,1,No,No,96.64,4979.17,5,3,0,1
CUS-100493,29,One year,No,Bank transfer,Yes,No,Yes,0,Yes,No,54.21,1578.33,2,4,0,0
CUS-103647,61,Month-to-month,DSL,Credit card,Yes,No,Yes,0,No,No,36.48,2258.81,2,2,0,0
CUS-105130,39,One year,No,Mailed check,Yes,Yes,No,0,No,No,50.88,2103.33,2,1,0,0
CUS-104917,72,Month-to-month,DSL,Mailed check,No,Yes,Yes,0,Yes,No,38.13,2852.73,2,1,0,0
CUS-102315,48,One year,No,Electronic check,Yes,No,No,0,Yes,No,67.49,3193.47,3,2,0,0
CUS-106495,12,Month-to-month,Fiber optic,Mailed check,Yes,Yes,No internet service,0,Yes,No,67.91,198.75,0,1,0,1
CUS-106440,3,One year,Fiber optic,Credit card,Yes,No,Yes,0,Yes,Yes,72.06,158.75,2,1,0,0
CUS-105928,5,Month-to-month,No,Electronic check,No,Yes,No internet service,0,No,No,41.21,325.88,4,0,0,0
CUS-101085,10,Month-to-month,DSL,Electronic check,Yes,No internet service,Yes,0,Yes,No,54.46,658.19,0,1,0,0
CUS-106598,46,One year,No,Mailed check,No,Yes,No internet service,0,Yes,Yes,42.47,2093.13,0,0,0,0
CUS-106422,21,Month-to-month,DSL,Electronic check,No,No internet service,No,0,Yes,No,59.09,1303.5,2,2,1,1
CUS-100694,11,One year,No,Bank transfer,Yes,Yes,No,0,Yes,No,38.6,573.82,2,3,0,0
CUS-101278,47,Month-to-month,Fiber optic,Mailed check,No,No internet service,Yes,1,No,Yes,83.89,3976.97,1,5,1,1
CUS-103198,24,Month-to-month,DSL,Mailed check,Yes,No,No,1,Yes,No,55.79,1365.96,1,3,0,1
CUS-104934,25,One year,No,Credit card,No,Yes,No,0,Yes,No,88.69,1999.49,4,1,0,0
CUS-101621,24,Two year,Fiber optic,Bank transfer,No,Yes,No,0,No,No,84.9,1815.21,2,1,0,0
CUS-105292,12,Month-to-month,DSL,Electronic check,Yes,No,No,0,No,No,67.84,635.77,4,3,1,1
CUS-103708,25,Month-to-month,DSL,Electronic check,No,No,Yes,0,Yes,Yes,64.96,1925.44,1,1,0,0
CUS-103944,14,Month-to-month,DSL,Credit card,No,Yes,Yes,0,Yes,Yes,65.35,874.08,2,0,0,1
CUS-102561,5,Month-to-month,Fiber optic,Electronic check,No,Yes,No,0,No,Yes,95.55,530.08,2,3,0,0
CUS-104888,18,Month-to-month,No,Bank transfer,Yes,No,No,0,No,No,89.5,2012.31,5,4,0,1
CUS-106630,9,One year,Fiber optic,Mailed check,Yes,No,No internet service,1,No,Yes,67.7,867.16,1,1,0,0
CUS-100067,31,Month-to-month,DSL,Electronic check,Yes,Yes,No internet service,0,No,No,42.83,1246.86,2,0,0,0
CUS-101731,8,Month-to-month,DSL,Mailed check,Yes,No,No internet service,1,Yes,No,51.9,150.97,1,1,0,0
CUS-105557,31,Two year,Fiber optic,Bank transfer,No,Yes,No internet service,0,No,No,91.88,2964.49,3,3,0,0
CUS-102269,35,Two year,Fiber optic,Bank transfer,Yes,No,Yes,0,No,No,94.98,3582.11,0,2,0,0
CUS-104923,24,Two year,Fiber optic,Credit card,Yes,Yes,No internet service,0,Yes,No,79.19,2128.45,0,4,0,0
CUS-105111,19,Month-to-month,DSL,Bank transfer,Yes,No internet service,No internet service,0,Yes,Yes,50.86,1114.32,4,1,1,1
CUS-105509,28,Two year,Fiber optic,Bank transfer,Yes,No internet service,No,0,No,No,93.59,2319.26,4,4,0,0
CUS-100820,16,Month-to-month,DSL,Mailed check,Yes,Yes,No internet service,0,No,Yes,26.15,244.77,0,1,0,0
CUS-101226,72,Month-to-month,DSL,Bank transfer,Yes,Yes,Yes,1,No,Yes,66.56,4905.02,1,1,0,0
CUS-101677,29,Two year,DSL,Bank transfer,No,Yes,No,0,No,Yes,76.35,2008.28,4,0,0,0
CUS-105849,9,Month-to-month,Fiber optic,Mailed check,No,No,No,1,Yes,Yes,125.14,1509.91,5,3,0,1
CUS-102867,52,One year,Fiber optic,Electronic check,Yes,No,No,1,Yes,No,116.57,6085.38,4,4,0,0
CUS-103447,61,Month-to-month,Fiber optic,Bank transfer,Yes,Yes,Yes,0,Yes,No,87.68,5336.7,2,4,0,0
CUS-105101,37,One year,Fiber optic,Mailed check,Yes,No,Yes,0,No,No,94.71,3556.96,5,0,0,0
CUS-102367,72,Month-to-month,DSL,Credit card,No,No,No,0,Yes,No,41.01,3074.79,0,2,1,0
CUS-104629,13,One year,DSL,Bank transfer,No,No internet service,No,0,No,Yes,43.36,450.88,0,1,0,0
CUS-104660,33,Month-to-month,Fiber optic,Bank transfer,Yes,No internet service,No,0,Yes,No,92.42,3100.38,4,2,0,1
CUS-102512,10,Month-to-month,DSL,Credit card,No,No,No,1,Yes,No,67.38,583.74,4,2,0,0
CUS-105424,12,One year,Fiber optic,Credit card,No,No,Yes,1,No,No,60.76,376.6,0,1,0,1
CUS-102723,11,Month-to-month,DSL,Bank transfer,No,Yes,No internet service,1,Yes,Yes,89.77,806.05,5,2,0,0
CUS-106935,35,Month-to-month,Fiber optic,Electronic check,Yes,Yes,No,0,Yes,Yes,64.7,2402.86,2,0,0,1
CUS-105957,25,Month-to-month,No,Bank transfer,No,No internet service,Yes,0,No,Yes,46.49,1069.43,0,1,1,0
CUS-105164,28,Two year,Fiber optic,Credit card,No,No,No,0,Yes,No,100.94,2846.8,2,2,0,0
CUS-101143,60,One year,Fiber optic,Mailed check,Yes,No,Yes,0,No,No,102.65,5899.81,5,2,0,1
CUS-100397,26,Month-to-month,DSL,Credit card,No,No,No,0,Yes,Yes,67.8,2148.89,3,0,0,1
CUS-106445,14,Two year,No,Mailed check,No,No,No internet service,0,No,No,63.27,1120.0,5,1,0,0
CUS-105302,47,Month-to-month,No,Electronic check,No,Yes,No,0,Yes,No,26.47,1275.37,1,0,0,0
CUS-100786,14,Month-to-month,DSL,Bank transfer,No,No,No internet service,0,No,Yes,64.58,1033.15,2,1,0,0
CUS-106135,39,Month-to-month,DSL,Mailed check,No,No internet service,No,0,No,No,92.86,3481.63,5,4,0,0
CUS-104674,39,One year,DSL,Bank transfer,No,No,No,0,No,Yes,54.96,2166.55,1,0,0,0
CUS-101398,31,One year,DSL,Mailed check,Yes,No internet service,No,0,Yes,No,80.62,2635.93,3,1,0,0
CUS-101659,21,Two year,Fiber optic,Electronic check,No,No,Yes,1,Yes,Yes,57.99,1238.53,1,0,0,0
CUS-104316,21,Two year,Fiber optic,Bank transfer,Yes,No,Yes,0,Yes,Yes,95.52,2063.48,3,2,0,0
CUS-105077,32,Two year,DSL,Credit card,No,No,Yes,1,Yes,Yes,49.57,1575.35,2,1,0,0
CUS-103134,16,Two year,DSL,Bank transfer,Yes,Yes,Yes,1,Yes,Yes,41.75,744.8,2,0,0,0
CUS-103789,16,Month-to-month,Fiber optic,Electronic check,No,No internet service,No,0,Yes,No,66.39,1119.5,0,3,0,0
CUS-103398,30,Month-to-month,DSL,Mailed check,Yes,No,No,0,No,No,71.85,2490.25,2,2,0,0
CUS-102220,12,Month-to-month,DSL,Electronic check,Yes,No,No internet service,0,Yes,No,46.54,693.9,3,2,0,1
CUS-100979,42,One year,DSL,Credit card,Yes,No internet service,No internet service,0,No,No,91.12,4056.92,4,1,1,0
CUS-102331,15,Two year,DSL,Bank transfer,Yes,No,No,0,No,No,67.81,1303.06,5,1,0,0
CUS-103784,25,Two year,DSL,Credit card,Yes,No,No internet service,0,No,No,66.73,1718.61,1,2,0,0
CUS-101298,14,One year,Fiber optic,Bank transfer,No,No internet service,No,0,Yes,No,116.03,1701.09,2,2,0,0
CUS-105688,16,Month-to-month,Fiber optic,Bank transfer,Yes,No,No,0,No,No,136.24,2170.13,5,2,0,1
CUS-104608,24,Month-to-month,Fiber optic,Electronic check,Yes,No,No,1,No,No,121.3,2387.68,3,2,0,1
CUS-106037,27,Month-to-month,No,Bank transfer,No,No internet service,No,0,Yes,No,69.43,1539.87,2,0,0,0
CUS-103693,8,Month-to-month,No,Bank transfer,No,No internet service,No internet service,0,No,No,98.24,826.65,5,3,0,1
CUS-100082,46,Month-to-month,DSL,Bank transfer,No,No internet service,No internet service,0,No,No,98.69,4201.26,4,1,0,0
CUS-101967,15,One year,Fiber optic,Credit card,No,No,Yes,1,No,Yes,62.33,782.83,5,1,1,0
CUS-104418,13,Month-to-month,DSL,Electronic check,Yes,No internet service,Yes,1,No,No,88.03,1154.27,4,2,0,1
CUS-105469,36,One year,Fiber optic,Credit card,Yes,Yes,Yes,0,Yes,No,98.74,3330.42,1,2,0,0
CUS-104691,13,Month-to-month,DSL,Bank transfer,Yes,Yes,Yes,0,No,No,106.65,1444.08,4,4,0,1
CUS-105505,11,Month-to-month,No,Mailed check,No,Yes,No,0,Yes,No,71.56,818.23,2,2,0,1
CUS-105310,47,Two year,No,Credit card,Yes,No,Yes,0,No,No,55.17,2366.46,3,0,0,0
CUS-102903,4,Two year,Fiber optic,Credit card,No,No,No,0,No,No,86.77,535.48,1,4,0,0
CUS-100423,72,Two year,Fiber optic,Electronic check,Yes,No,No internet service,0,No,No,76.23,5400.06,4,1,0,1
CUS-106058,23,Month-to-month,No,Bank transfer,Yes,No,No,1,No,Yes,44.72,792.89,2,2,0,1
CUS-101904,19,One year,DSL,Electronic check,Yes,No internet service,No,0,No,No,47.72,1051.83,0,0,0,0
CUS-106343,72,One year,No,Electronic check,No,No,Yes,1,No,Yes,59.9,4236.01,5,0,0,0
CUS-101530,11,Two year,Fiber optic,Bank transfer,Yes,No,No,0,No,No,78.92,726.4,0,1,0,0
CUS-103917,36,Month-to-month,DSL,Electronic check,Yes,No,No,1,No,Yes,69.94,2079.23,3,0,0,0
CUS-104958,22,Month-to-month,Fiber optic,Electronic check,Yes,Yes,No,0,No,No,83.06,2144.86,3,2,0,0
CUS-101565,20,One year,Fiber optic,Bank transfer,No,No,No,0,Yes,Yes,94.91,1781.12,4,1,0,1
CUS-105167,36,One year,DSL,Bank transfer,No,No,Yes,1,Yes,Yes,48.88,1557.69,1,1,0,0
CUS-103618,38,Two year,Fiber optic,Mailed check,Yes,No,Yes,0,No,No,74.02,3119.25,1,3,0,0
CUS-102749,26,Month-to-month,DSL,Electronic check,No,No,No,0,No,Yes,55.96,1295.75,4,0,0,0
CUS-100839,22,Two year,DSL,Electronic check,Yes,No,Yes,0,Yes,No,44.82,1171.16,4,2,0,0
CUS-100500,42,One year,DSL,Electronic check,Yes,No,Yes,0,No,No,55.72,2488.94,2,1,0,0
CUS-104325,22,Month-to-month,No,Mailed check,Yes,No,No,0,Yes,No,69.78,1261.46,2,3,0,1
CUS-100141,54,Month-to-month,Fiber optic,Bank transfer,Yes,No,No,0,No,No,93.46,5150.0,2,1,0,1
CUS-105777,14,Two year,No,Credit card,Yes,No internet service,No,1,Yes,No,50.29,748.47,0,0,0,0
CUS-102605,5,Month-to-month,DSL,Mailed check,Yes,No,No internet service,0,No,No,68.22,544.33,3,2,0,0
CUS-105758,37,Month-to-month,DSL,Credit card,Yes,Yes,No,0,No,No,68.13,2261.55,5,3,0,0
CUS-101377,10,Month-to-month,DSL,Electronic check,Yes,No internet service,No,0,No,No,46.7,680.94,0,2,0,0
CUS-103674,20,Two year,DSL,Mailed check,No,Yes,No,0,Yes,Yes,74.97,1457.81,3,1,0,0
CUS-105434,38,Month-to-month,DSL,Credit card,Yes,No internet service,No,0,Yes,No,64.92,2228.28,5,2,0,0
CUS-106860,30,Two year,DSL,Electronic check,Yes,No,No,0,Yes,No,79.37,2138.24,3,1,0,0
CUS-102266,43,Month-to-month,Fiber optic,Credit card,Yes,No,Yes,0,No,No,95.38,3896.52,5,1,0,0
CUS-103322,9,Two year,Fiber optic,Electronic check,No,Yes,No internet service,0,Yes,Yes,86.21,240.56,1,4,0,0
CUS-106264,53,One year,Fiber optic,Mailed check,Yes,Yes,No internet service,0,No,Yes,108.56,5924.32,4,3,0,0
CUS-103808,6,Two year,DSL,Bank transfer,Yes,No,No,1,No,No,40.5,189.0,0,0,0,0
CUS-101138,17,Two year,DSL,Credit card,Yes,No internet service,No internet service,0,No,Yes,28.08,468.07,0,1,0,0
CUS-102257,30,Month-to-month,Fiber optic,Bank transfer,Yes,No,No internet service,0,Yes,No,109.4,3197.84,1,1,0,1
CUS-106105,22,Month-to-month,Fiber optic,Bank transfer,No,No,No,0,No,No,101.94,1757.91,3,4,0,1
CUS-100844,72,One year,Fiber optic,Mailed check,Yes,No,Yes,1,Yes,No,90.84,6446.14,0,2,0,0
CUS-101787,43,One year,Fiber optic,Credit card,No,No,No,0,Yes,No,83.3,3485.43,0,1,0,0
CUS-103938,52,One year,Fiber optic,Electronic check,Yes,No,Yes,0,No,No,111.23,5569.6,2,1,0,0
CUS-105259,22,Month-to-month,Fiber optic,Bank transfer,No,No,No,0,Yes,No,79.97,2055.31,3,2,0,0
CUS-100550,56,Month-to-month,Fiber optic,Credit card,Yes,No,No internet service,0,Yes,Yes,108.06,5746.22,5,0,0,0
CUS-105542,72,Month-to-month,DSL,Electronic check,No,No internet service,No,0,No,No,63.58,4524.83,2,5,0,1
CUS-100459,48,Month-to-month,DSL,Bank transfer,Yes,No,Yes,0,No,Yes,28.18,1301.45,0,0,1,0
CUS-102019,22,Month-to-month,DSL,Electronic check,No,No,No internet service,0,No,No,54.11,909.25,3,1,1,0
CUS-104649,28,Month-to-month,DSL,Electronic check,No,Yes,No,0,No,No,42.94,1199.92,4,3,0,0
CUS-106393,9,Month-to-month,Fiber optic,Bank transfer,Yes,No,Yes,0,No,No,101.15,1199.22,5,5,0,1
CUS-100948,34,Month-to-month,No,Electronic check,No,No,No,0,Yes,No,51.06,1429.49,3,3,0,1
CUS-103700,42,Month-to-month,No,Electronic check,No,No,No,0,No,No,81.91,2891.22,4,0,0,0
CUS-101336,28,One year,No,Bank transfer,Yes,No,No,0,Yes,No,53.43,1387.11,3,1,0,0
CUS-106053,42,Two year,Fiber optic,Bank transfer,Yes,No,No,0,Yes,Yes,86.61,3868.55,3,2,0,0
CUS-100532,17,One year,DSL,Electronic check,Yes,Yes,No,0,Yes,No,45.68,659.66,3,1,0,1
CUS-103262,25,Month-to-month,Fiber optic,Credit card,No,No,No,0,Yes,No,88.04,2624.99,5,0,0,1
CUS-104635,71,Month-to-month,DSL,Bank transfer,Yes,No,No,0,Yes,No,81.45,6076.28,5,1,0,0
CUS-101829,34,Month-to-month,DSL,Electronic check,No,No,No,0,No,Yes,102.49,4235.12,3,3,0,0
CUS-106532,49,One year,DSL,Mailed check,Yes,Yes,No,1,No,No,50.95,2642.71,1,1,0,0
CUS-106173,26,Month-to-month,Fiber optic,Bank transfer,Yes,No,Yes,0,Yes,No,106.72,2491.64,1,2,0,1
CUS-105568,17,Month-to-month,DSL,Credit card,Yes,Yes,No,0,Yes,No,101.91,1187.73,5,2,0,0
CUS-105407,7,Month-to-month,DSL,Electronic check,No,Yes,No,0,No,No,75.71,484.33,5,1,0,1
CUS-101602,6,Month-to-month,Fiber optic,Mailed check,Yes,No,No,0,No,Yes,101.01,531.82,2,1,0,1
CUS-102238,68,One year,Fiber optic,Electronic check,Yes,Yes,No,1,No,No,76.65,5058.42,3,2,0,0
CUS-100639,69,Two year,DSL,Credit card,Yes,No,No internet service,1,Yes,No,56.42,3884.61,0,2,0,0
CUS-106850,24,Month-to-month,No,Bank transfer,Yes,No,No,0,No,Yes,60.19,1277.04,3,1,0,0
CUS-103830,47,One year,Fiber optic,Bank transfer,No,No,No,0,No,Yes,107.39,4722.43,3,2,0,0
CUS-104819,47,One year,DSL,Mailed check,No,No,Yes,1,No,No,36.21,1752.73,0,1,1,0
CUS-106251,52,Month-to-month,DSL,Credit card,No,No internet service,Yes,0,No,No,53.43,2657.59,3,2,0,0
CUS-101070,40,Month-to-month,Fiber optic,Electronic check,No,No,No,0,Yes,No,70.43,2887.13,4,4,0,1
CUS-100155,19,Two year,No,Bank transfer,No,No internet service,No internet service,0,Yes,No,77.87,1232.9,4,3,0,0
CUS-102295,72,Month-to-month,DSL,Bank transfer,Yes,No,No,0,Yes,No,50.17,3594.0,0,2,0,0
CUS-106024,24,Month-to-month,Fiber optic,Bank transfer,Yes,No internet service,No,0,No,No,71.34,1630.25,1,3,0,1
CUS-101089,16,One year,Fiber optic,Electronic check,Yes,No,No,0,Yes,No,115.53,2057.09,1,4,0,1
CUS-102940,34,One year,Fiber optic,Bank transfer,No,Yes,No,0,No,No,98.01,2826.16,5,0,0,0
CUS-105914,21,Month-to-month,No,Electronic check,Yes,Yes,Yes,0,No,No,72.38,1551.81,2,0,0,1
CUS-100930,9,One year,Fiber optic,Electronic check,Yes,Yes,No,0,Yes,No,85.28,1176.94,5,3,1,0
CUS-102909,46,Two year,No,Electronic check,Yes,Yes,No,0,No,Yes,54.65,2310.65,1,0,0,0
CUS-104487,33,Month-to-month,No,Credit card,Yes,No,No,1,No,No,80.47,2600.26,4,1,1,1
CUS-106416,15,One year,No,Bank transfer,Yes,No,No,0,No,Yes,39.26,472.5,2,0,0,0
CUS-103247,33,Two year,Fiber optic,Electronic check,No,No,No,1,No,Yes,67.46,2448.97,0,1,0,0
CUS-106350,21,Two year,Fiber optic,Electronic check,Yes,No,No,0,No,Yes,106.73,2201.32,4,3,0,1
CUS-105183,13,Month-to-month,No,Mailed check,No,No internet service,Yes,0,No,No,43.08,659.28,2,0,0,0
CUS-106039,17,Month-to-month,No,Bank transfer,No,Yes,Yes,0,Yes,No,56.6,1291.66,3,1,1,0
CUS-106517,60,Month-to-month,No,Mailed check,No,No,Yes,0,No,No,46.05,2725.11,4,1,0,0
CUS-101698,25,One year,DSL,Credit card,No,No,No,0,Yes,Yes,49.91,1590.49,2,0,0,0
CUS-106580,44,One year,Fiber optic,Bank transfer,No,No internet service,Yes,0,No,Yes,117.65,5175.22,5,9,0,0
CUS-106959,57,Two year,Fiber optic,Electronic check,Yes,No,Yes,1,Yes,Yes,52.51,3123.83,2,2,0,0
CUS-105972,11,One year,No,Electronic check,No,No,Yes,0,Yes,Yes,42.49,411.14,4,0,0,0
CUS-103831,54,One year,DSL,Credit card,Yes,No internet service,Yes,0,Yes,No,38.43,2082.13,1,1,0,0
CUS-106371,18,One year,DSL,Bank transfer,Yes,No,No internet service,0,Yes,Yes,50.5,898.29,3,2,1,0
CUS-106361,15,Month-to-month,Fiber optic,Credit card,No,Yes,Yes,0,No,No,76.37,1160.0,0,1,0,0
CUS-100985,13,Month-to-month,No,Credit card,No,Yes,No internet service,0,Yes,No,54.53,1071.75,2,0,0,0
CUS-101821,36,Two year,DSL,Bank transfer,Yes,No,No,0,Yes,No,95.79,3176.73,5,5,0,0
CUS-100587,10,Month-to-month,DSL,Bank transfer,No,Yes,No internet service,0,No,No,58.77,406.55,3,2,0,1
CUS-106674,4,Month-to-month,DSL,Credit card,No,Yes,No,0,No,No,57.6,458.26,4,0,0,0
CUS-105604,53,Month-to-month,Fiber optic,Electronic check,Yes,No internet service,No,1,No,No,105.63,5568.42,4,2,0,1
CUS-106366,64,Two year,DSL,Mailed check,Yes,Yes,No,0,No,Yes,34.93,2380.42,1,1,0,0
CUS-106955,16,Two year,Fiber optic,Mailed check,No,Yes,No internet service,0,No,No,43.16,692.9,2,1,0,0
CUS-104427,58,Month-to-month,DSL,Bank transfer,Yes,Yes,No,0,No,No,26.35,1564.14,1,1,0,0
CUS-105549,8,Two year,Fiber optic,Bank transfer,No,Yes,No internet service,0,No,No,66.93,826.13,3,0,0,0
CUS-103557,46,Two year,Fiber optic,Bank transfer,Yes,Yes,No internet service,0,No,Yes,104.96,4805.11,5,4,0,0
CUS-101395,16,One year,Fiber optic,Electronic check,Yes,No internet service,No,0,Yes,Yes,90.01,1966.17,2,2,0,0
CUS-100264,61,Month-to-month,Fiber optic,Electronic check,No,No internet service,Yes,0,No,No,97.87,5883.63,2,2,0,0
CUS-103547,32,Month-to-month,Fiber optic,Electronic check,Yes,No,No,1,Yes,No,88.18,2816.72,3,0,0,0
CUS-104959,24,Two year,Fiber optic,Mailed check,Yes,Yes,Yes,0,Yes,No,82.53,1969.36,2,4,1,0
CUS-106383,6,Month-to-month,Fiber optic,Bank transfer,No,No,No,0,Yes,Yes,84.46,224.99,4,3,0,0
CUS-104925,18,One year,No,Bank transfer,Yes,No internet service,No,0,No,No,106.63,2041.72,5,7,1,1
CUS-103864,24,Month-to-month,No,Credit card,Yes,Yes,No,0,No,Yes,38.65,832.17,1,1,0,1
CUS-105804,29,Two year,DSL,Electronic check,No,No,Yes,0,Yes,Yes,72.95,2331.4,4,0,0,0
CUS-102400,17,One year,No,Bank transfer,Yes,No,No,0,Yes,No,50.06,724.89,3,1,0,0
CUS-105049,30,Two year,DSL,Mailed check,Yes,No,No internet service,0,Yes,No,61.28,1785.7,3,1,0,0
CUS-103711,32,Month-to-month,Fiber optic,Credit card,Yes,No internet service,No,0,No,Yes,102.7,3264.72,4,4,0,1
CUS-100246,12,Month-to-month,DSL,Electronic check,Yes,No,No internet service,0,No,No,55.68,810.15,3,1,0,0
CUS-101594,34,One year,No,Mailed check,Yes,No internet service,No internet service,0,Yes,No,60.94,1968.45,1,2,0,0
CUS-106804,69,One year,DSL,Bank transfer,No,No,Yes,0,Yes,No,52.41,3687.47,4,0,0,0
CUS-104717,11,Month-to-month,Fiber optic,Electronic check,No,Yes,No,0,Yes,No,109.91,860.19,5,3,0,1
CUS-100923,7,Month-to-month,Fiber optic,Electronic check,Yes,No,No,0,Yes,Yes,71.8,346.33,2,1,0,1
CUS-104309,28,Two year,DSL,Mailed check,Yes,No,Yes,1,No,No,33.95,806.63,1,1,0,0
CUS-100669,39,One year,Fiber optic,Bank transfer,No,No,No internet service,0,No,No,56.94,2382.41,0,1,1,0
CUS-103604,26,One year,DSL,Bank transfer,Yes,No,No,0,Yes,No,51.69,992.73,0,3,1,1
CUS-101910,37,One year,DSL,Electronic check,No,No,No,0,No,No,56.79,2417.5,3,1,0,1
CUS-104864,29,Month-to-month,Fiber optic,Credit card,No,Yes,No,0,Yes,No,131.31,3553.02,4,4,0,1
CUS-103958,6,Month-to-month,Fiber optic,Mailed check,No,Yes,No internet service,1,Yes,No,118.27,658.91,5,5,0,1
CUS-102696,42,Two year,Fiber optic,Electronic check,Yes,No internet service,Yes,0,Yes,No,89.55,3540.36,1,2,0,1
CUS-102591,9,One year,No,Mailed check,Yes,Yes,No,0,No,Yes,62.03,739.12,2,2,0,0
CUS-101781,59,Two year,No,Mailed check,No,No internet service,Yes,0,No,No,63.84,3784.45,4,1,0,0
CUS-103013,13,Month-to-month,No,Electronic check,Yes,No,No,0,No,No,71.56,581.89,4,1,0,0
CUS-102307,8,Month-to-month,No,Mailed check,Yes,Yes,No internet service,0,No,Yes,91.58,824.59,5,3,0,1
CUS-104166,46,Month-to-month,DSL,Credit card,No,No internet service,No,0,No,No,90.53,4837.46,4,4,1,1
CUS-103690,11,Month-to-month,Fiber optic,Electronic check,Yes,No,No,0,No,No,117.95,1326.43,5,5,0,1
CUS-100687,5,Two year,Fiber optic,Electronic check,No,No,Yes,1,No,No,93.85,784.83,0,1,0,0
CUS-100612,42,Month-to-month,No,Electronic check,No,No,No internet service,0,No,No,58.94,2378.68,1,1,0,0
CUS-103200,24,Two year,No,Electronic check,No,No,No internet service,1,Yes,Yes,64.28,1737.98,3,4,0,0
CUS-102267,39,Month-to-month,No,Electronic check,No,No,Yes,0,Yes,Yes,64.18,2545.64,3,1,0,0
CUS-106709,19,Month-to-month,DSL,Credit card,No,No,No,0,No,No,86.07,1417.4,4,2,0,0
CUS-106466,18,Month-to-month,Fiber optic,Bank transfer,Yes,No internet service,No,0,No,No,97.18,1589.26,2,1,0,0
CUS-101898,44,Two year,DSL,Mailed check,Yes,Yes,No,0,No,No,60.15,2275.91,0,2,0,0
CUS-104411,24,Month-to-month,Fiber optic,Electronic check,No,No,No,0,Yes,No,118.13,2804.42,4,3,1,0
CUS-100258,27,Month-to-month,DSL,Bank transfer,No,No internet service,No,0,No,No,63.94,1398.22,4,0,1,0
CUS-102924,15,Month-to-month,DSL,Mailed check,Yes,No internet service,No,0,Yes,Yes,43.87,464.78,2,2,0,0
CUS-102822,20,Two year,DSL,Electronic check,No,Yes,No,0,Yes,No,46.56,936.72,2,0,0,0
CUS-103339,17,One year,Fiber optic,Credit card,Yes,No,No,0,No,No,77.78,1340.42,3,5,0,0
CUS-103525,32,Month-to-month,Fiber optic,Mailed check,Yes,Yes,Yes,0,No,No,72.2,2074.72,3,0,0,1
CUS-102285,20,Two year,Fiber optic,Credit card,No,No,Yes,0,No,No,58.22,1208.54,0,0,1,0
CUS-100484,24,Two year,DSL,Bank transfer,No,No internet service,No,1,No,Yes,94.11,2255.36,5,1,0,0
CUS-102211,20,Two year,No,Electronic check,No,No internet service,No internet service,0,No,Yes,87.5,1738.61,5,0,0,0
CUS-104317,39,Two year,Fiber optic,Bank transfer,Yes,Yes,No internet service,0,No,Yes,121.23,4766.3,2,0,0,0
CUS-102555,25,One year,Fiber optic,Electronic check,Yes,No internet service,No internet service,0,No,Yes,113.09,2599.42,0,0,0,0
CUS-100007,32,One year,Fiber optic,Bank transfer,Yes,Yes,No,0,Yes,Yes,109.18,3218.04,1,2,0,0
CUS-103657,4,Month-to-month,DSL,Electronic check,No,No,No,0,No,No,74.2,37.1,4,1,0,0
CUS-105926,19,Month-to-month,Fiber optic,Bank transfer,No,Yes,No,0,Yes,Yes,97.54,2019.03,0,1,0,1
CUS-102426,7,Month-to-month,DSL,Bank transfer,Yes,No,No,0,No,No,37.71,394.28,0,0,0,0
CUS-101814,72,Month-to-month,DSL,Bank transfer,No,Yes,No internet service,0,No,Yes,47.58,3719.63,0,0,0,0
CUS-102274,31,Month-to-month,No,Electronic check,No,No,Yes,0,No,No,38.54,987.1,1,1,0,0
CUS-101011,31,Two year,DSL,Credit card,Yes,No internet service,No,0,Yes,Yes,54.47,1777.51,3,0,0,0
CUS-106667,15,Two year,DSL,Mailed check,No,No,No,0,Yes,Yes,73.84,1291.12,5,2,1,0
CUS-101067,12,Two year,DSL,Credit card,Yes,No,No,1,No,No,59.41,609.97,4,2,0,0
CUS-101991,65,One year,Fiber optic,Electronic check,No,No,No,0,Yes,No,88.88,5751.48,0,0,0,1
CUS-103970,28,One year,Fiber optic,Credit card,No,No internet service,No,0,Yes,No,106.7,3013.11,5,6,0,0
CUS-104961,11,Two year,Fiber optic,Credit card,Yes,Yes,No,0,No,No,132.12,928.19,4,7,0,0
CUS-103867,9,Month-to-month,Fiber optic,Credit card,Yes,No internet service,No,0,Yes,No,104.14,1193.87,5,0,0,1
CUS-106238,30,One year,No,Credit card,No,Yes,No,0,Yes,Yes,41.15,1039.08,0,2,0,0
CUS-103048,17,Month-to-month,Fiber optic,Bank transfer,No,No internet service,Yes,0,Yes,No,84.88,1607.21,3,3,1,0
CUS-100781,24,Two year,Fiber optic,Electronic check,No,Yes,No,0,No,No,93.03,1794.32,0,0,0,0
CUS-106794,22,Month-to-month,Fiber optic,Mailed check,No,Yes,Yes,0,Yes,Yes,123.08,2696.84,5,4,1,0
CUS-101749,33,Two year,No,Bank transfer,No,Yes,No,0,Yes,No,54.82,1898.67,4,1,0,0
CUS-102791,71,Month-to-month,No,Mailed check,Yes,No,No,0,No,No,48.57,3438.87,2,2,0,0
CUS-101091,51,Month-to-month,Fiber optic,Mailed check,Yes,Yes,No,1,Yes,No,115.86,6219.72,3,1,0,1
CUS-104817,50,One year,DSL,Credit card,Yes,No,No,0,Yes,No,63.12,3235.81,2,2,0,0
CUS-105955,13,Month-to-month,DSL,Electronic check,Yes,Yes,No,0,No,No,37.55,423.89,0,3,0,1
CUS-105672,17,Month-to-month,Fiber optic,Electronic check,Yes,Yes,No,0,No,Yes,55.35,952.86,0,3,1,1
CUS-102608,32,Two year,Fiber optic,Bank transfer,Yes,No,No,0,No,No,98.59,3542.55,1,2,0,0
CUS-106993,32,Month-to-month,Fiber optic,Mailed check,No,No internet service,No,0,No,Yes,144.01,3512.26,5,3,0,1
CUS-102290,26,Month-to-month,Fiber optic,Credit card,Yes,No internet service,No,0,No,No,78.05,2063.51,3,4,0,1
CUS-101727,48,Month-to-month,Fiber optic,Bank transfer,Yes,Yes,Yes,0,No,No,87.46,4025.31,3,1,0,1
CUS-100610,58,Month-to-month,DSL,Bank transfer,Yes,Yes,No,0,Yes,No,53.77,3425.95,1,0,0,0
CUS-100343,33,Two year,Fiber optic,Electronic check,Yes,Yes,No internet service,0,No,No,84.14,2587.23,0,1,0,0
CUS-105452,21,Two year,No,Electronic check,Yes,No,No internet service,0,Yes,Yes,49.13,1106.86,2,1,0,0
CUS-103750,34,One year,DSL,Electronic check,No,Yes,Yes,0,Yes,No,52.29,1858.29,2,0,1,0
CUS-103215,24,Month-to-month,DSL,Electronic check,Yes,No,No,0,No,Yes,82.39,1755.76,5,2,0,1
CUS-100097,39,Two year,No,Bank transfer,No,No,Yes,0,Yes,Yes,55.35,2207.42,0,1,0,0
CUS-104379,43,Month-to-month,Fiber optic,Bank transfer,Yes,No,No,0,Yes,Yes,99.11,4592.28,2,1,0,0
CUS-101537,16,One year,Fiber optic,Electronic check,No,Yes,No internet service,0,Yes,No,85.36,1319.74,2,1,0,0
CUS-103588,12,Month-to-month,DSL,Electronic check,Yes,No internet service,No,0,No,No,32.68,395.29,0,2,0,0
CUS-103648,17,Month-to-month,DSL,Electronic check,No,No,No,0,Yes,No,84.43,1968.78,3,1,0,0
CUS-106130,14,Month-to-month,DSL,Bank transfer,Yes,No internet service,No,0,Yes,No,37.41,670.73,2,1,0,0
CUS-101517,29,One year,Fiber optic,Credit card,Yes,No internet service,No,1,Yes,No,55.07,1437.78,0,2,0,0
CUS-106152,33,One year,Fiber optic,Electronic check,No,Yes,No,0,No,No,137.78,4637.9,5,1,0,0
CUS-103669,39,Two year,Fiber optic,Electronic check,Yes,Yes,Yes,0,Yes,Yes,99.67,4047.7,3,2,0,0
CUS-102090,22,One year,DSL,Mailed check,Yes,Yes,No,0,Yes,No,83.17,1985.55,4,3,1,0
CUS-100572,16,Two year,DSL,Electronic check,Yes,Yes,No,0,Yes,Yes,62.59,1119.0,3,3,0,0
CUS-106356,16,Month-to-month,No,Electronic check,No,No,Yes,0,Yes,No,46.25,522.37,0,1,0,1
CUS-105806,7,Month-to-month,Fiber optic,Bank transfer,Yes,Yes,Yes,0,No,No,70.24,921.78,0,1,0,1
CUS-103062,16,One year,Fiber optic,Credit card,Yes,No,Yes,0,Yes,Yes,88.58,1336.56,3,2,0,0
CUS-104794,35,One year,No,Mailed check,No,No,Yes,0,No,Yes,83.43,3273.05,2,3,1,0
CUS-105057,13,Month-to-month,No,Electronic check,No,No,No internet service,0,No,No,42.35,561.16,1,3,0,0
CUS-104520,15,Two year,Fiber optic,Electronic check,Yes,No,No internet service,0,Yes,Yes,71.13,1222.99,0,1,1,0
CUS-105840,65,Month-to-month,DSL,Electronic check,No,No,No,0,Yes,No,73.28,4916.69,2,3,1,1
CUS-100370,36,One year,DSL,Mailed check,Yes,No,No,1,Yes,No,66.32,2207.06,4,3,1,0
CUS-101938,72,One year,DSL,Credit card,Yes,No,No,0,Yes,No,43.41,3240.68,1,2,0,0
CUS-104936,20,Month-to-month,DSL,Electronic check,Yes,No internet service,No internet service,0,No,No,56.14,1124.47,4,1,0,0
CUS-106036,26,Month-to-month,DSL,Electronic check,Yes,No,Yes,0,Yes,Yes,50.55,1423.54,4,0,0,1
CUS-103670,38,Month-to-month,Fiber optic,Bank transfer,Yes,No,No,0,No,Yes,100.57,3433.19,1,4,0,0
CUS-103652,59,Two year,DSL,Mailed check,Yes,No,No internet service,0,No,Yes,29.54,1807.72,3,0,0,0
CUS-102361,23,One year,DSL,Credit card,Yes,No,Yes,0,Yes,No,49.07,972.29,0,4,0,1
CUS-104342,58,Month-to-month,DSL,Credit card,Yes,No,Yes,1,No,No,37.86,2293.38,1,1,0,0
CUS-106302,11,Two year,DSL,Bank transfer,No,No internet service,No,0,Yes,Yes,51.3,390.89,2,1,0,0
CUS-103737,13,Month-to-month,Fiber optic,Bank transfer,Yes,Yes,No internet service,1,No,No,96.06,1423.65,3,2,0,1
CUS-105660,51,Month-to-month,Fiber optic,Mailed check,No,Yes,No,0,Yes,No,105.09,5287.19,5,2,0,0
CUS-104808,5,Month-to-month,Fiber optic,Mailed check,No,No,No,0,No,No,91.77,533.57,2,3,0,1
CUS-104840,48,Month-to-month,DSL,Bank transfer,Yes,No,Yes,0,No,Yes,87.92,4386.05,3,3,0,0
CUS-101171,12,Month-to-month,No,Credit card,Yes,Yes,Yes,0,No,No,55.49,645.89,2,0,0,0
CUS-104541,24,Month-to-month,Fiber optic,Bank transfer,Yes,No internet service,Yes,0,Yes,Yes,107.38,2751.16,1,1,0,0
CUS-101422,37,One year,Fiber optic,Bank transfer,Yes,No,No,1,Yes,No,70.88,2608.32,1,1,0,0
CUS-106274,6,One year,DSL,Electronic check,Yes,No,No,0,Yes,No,51.02,274.03,3,2,0,1
CUS-106153,19,Month-to-month,DSL,Credit card,Yes,No,No internet service,0,Yes,No,53.37,831.73,2,1,0,0
CUS-104582,14,Month-to-month,Fiber optic,Credit card,No,No internet service,Yes,0,Yes,No,70.85,920.25,1,4,0,0
CUS-100874,72,Two year,Fiber optic,Electronic check,No,No internet service,No,0,No,No,89.17,7312.83,1,1,0,0
CUS-102297,70,One year,DSL,Mailed check,Yes,No,Yes,0,No,Yes,57.35,4055.27,5,3,0,0
CUS-102643,27,Month-to-month,DSL,Bank transfer,Yes,Yes,No,0,No,No,67.61,1887.99,1,2,0,0
CUS-106059,5,One year,Fiber optic,Electronic check,Yes,No,No internet service,0,No,No,71.77,299.33,0,2,0,0
CUS-100840,16,Two year,DSL,Credit card,Yes,No,No,1,No,Yes,72.81,896.3,3,1,0,0
CUS-100581,19,Month-to-month,DSL,Electronic check,Yes,Yes,No,0,No,Yes,62.21,1136.95,5,4,0,1
CUS-100204,44,Month-to-month,DSL,Electronic check,Yes,No,No,0,Yes,Yes,39.6,1908.48,0,1,0,0
CUS-101641,17,Month-to-month,Fiber optic,Credit card,Yes,No internet service,Yes,0,No,No,119.71,1610.93,3,4,0,1
CUS-102014,14,Two year,DSL,Mailed check,No,No internet service,No,0,Yes,No,69.1,1149.92,4,0,0,0
CUS-103253,20,Month-to-month,DSL,Electronic check,No,No,No,0,Yes,No,83.7,1715.73,3,5,0,1
CUS-104301,22,Month-to-month,DSL,Mailed check,Yes,Yes,Yes,0,No,Yes,32.51,825.82,3,1,0,1
CUS-100905,42,Two year,No,Electronic check,No,No internet service,No,0,Yes,Yes,77.76,3385.24,3,2,1,0
CUS-100631,27,Month-to-month,No,Electronic check,No,No internet service,No,1,No,No,61.33,1598.78,4,3,0,1
CUS-104949,13,Month-to-month,Fiber optic,Credit card,Yes,Yes,No,0,Yes,No,75.71,976.63,2,0,0,1
CUS-104975,5,Two year,DSL,Credit card,Yes,No,No,0,Yes,No,92.45,867.6,4,4,0,1
CUS-101974,19,Two year,Fiber optic,Electronic check,Yes,No internet service,No internet service,0,Yes,Yes,92.22,1925.49,2,4,0,0
CUS-100162,42,Month-to-month,Fiber optic,Electronic check,Yes,No,No,0,Yes,No,116.6,5048.23,5,2,0,0
CUS-104762,10,Two year,No,Bank transfer,No,No,No,1,No,No,59.51,634.62,4,3,0,0
CUS-106282,14,One year,No,Electronic check,Yes,No internet service,No internet service,0,No,No,54.18,915.84,4,2,0,0
CUS-104438,38,Month-to-month,No,Electronic check,No,No,Yes,0,Yes,No,73.24,2696.83,5,0,0,0
CUS-100875,26,Month-to-month,No,Mailed check,Yes,No,No,0,No,Yes,79.14,1870.92,5,6,0,1
CUS-101431,27,Two year,DSL,Bank transfer,Yes,No,No,0,Yes,No,98.4,2179.22,5,1,0,0
CUS-105890,2,Month-to-month,Fiber optic,Mailed check,No,No internet service,No internet service,1,Yes,Yes,86.5,170.05,2,1,0,1
CUS-105384,15,Month-to-month,Fiber optic,Electronic check,Yes,Yes,No,0,Yes,No,138.09,3020.65,5,1,1,1
CUS-102856,2,Month-to-month,Fiber optic,Mailed check,No,No,No,0,Yes,No,76.46,327.1,3,1,0,0
CUS-101861,15,Month-to-month,Fiber optic,Credit card,Yes,No,No,0,No,No,95.13,1344.48,2,2,0,0
CUS-102659,31,Month-to-month,Fiber optic,Electronic check,Yes,No,Yes,1,No,No,86.31,2891.56,0,3,1,0
CUS-103384,19,Two year,No,Bank transfer,Yes,No,No,0,No,No,62.05,1222.63,3,1,0,0
CUS-106421,33,Two year,DSL,Bank transfer,Yes,No,Yes,0,Yes,No,98.21,3075.37,5,6,0,1
CUS-105708,8,One year,Fiber optic,Credit card,Yes,No,Yes,0,No,Yes,102.95,123.32,3,4,0,0
CUS-103331,20,One year,DSL,Mailed check,Yes,No,Yes,0,Yes,Yes,59.48,1425.73,5,1,0,0
CUS-105721,28,One year,DSL,Bank transfer,No,No,No internet service,0,Yes,Yes,68.02,2104.12,3,1,0,0
CUS-105252,2,Month-to-month,No,Bank transfer,Yes,No internet service,No,0,No,No,44.7,187.24,2,0,0,1
CUS-104865,37,Month-to-month,Fiber optic,Credit card,Yes,No internet service,Yes,0,No,Yes,91.64,3360.57,5,1,0,1
CUS-102096,14,Month-to-month,DSL,Bank transfer,Yes,No,No,0,No,Yes,42.86,581.26,0,1,0,0
CUS-102003,26,Month-to-month,No,Electronic check,Yes,No,No,0,Yes,No,63.46,1471.07,1,1,0,1
CUS-100546,15,Month-to-month,No,Mailed check,Yes,No,No,1,No,Yes,65.42,1227.3,4,3,0,0
CUS-101449,15,Two year,Fiber optic,Credit card,No,No,No,0,No,No,115.09,2261.95,2,4,0,0
CUS-104834,55,One year,Fiber optic,Bank transfer,Yes,No,Yes,0,No,Yes,103.69,5858.67,3,1,0,0
CUS-102610,14,One year,No,Electronic check,Yes,Yes,No,0,Yes,No,79.09,902.22,4,0,0,0
CUS-101900,11,Month-to-month,Fiber optic,Credit card,Yes,No,Yes,0,No,Yes,88.76,1354.63,3,0,0,0
CUS-105508,66,Month-to-month,No,Mailed check,Yes,No,No internet service,0,No,Yes,80.49,5357.16,4,1,0,0
CUS-102757,24,Month-to-month,DSL,Electronic check,Yes,No,No internet service,1,No,No,32.67,866.73,2,0,0,0
CUS-101885,13,Month-to-month,Fiber optic,Mailed check,No,No,No,0,Yes,No,94.83,1702.88,0,1,0,1
CUS-106765,13,Two year,Fiber optic,Mailed check,Yes,No internet service,No,0,No,Yes,101.08,1322.67,5,4,0,0
CUS-102097,33,One year,Fiber optic,Electronic check,No,Yes,Yes,0,Yes,No,92.01,3362.08,0,1,0,0
CUS-106081,17,Month-to-month,Fiber optic,Mailed check,Yes,No internet service,No,0,Yes,Yes,98.69,1755.95,3,2,1,1
CUS-106281,23,Month-to-month,Fiber optic,Electronic check,No,No internet service,No,0,No,No,96.74,1845.35,4,4,0,1
CUS-100836,16,Month-to-month,DSL,Electronic check,Yes,No internet service,No,0,Yes,No,79.36,1516.63,5,5,1,1
CUS-103471,72,Two year,Fiber optic,Credit card,No,No internet service,No,1,Yes,No,114.18,8312.07,5,2,1,0
CUS-105562,31,One year,DSL,Bank transfer,Yes,No,No,1,Yes,No,67.6,2280.03,4,2,1,0
CUS-102171,9,Month-to-month,DSL,Electronic check,No,No internet service,No internet service,0,No,Yes,38.49,549.49,0,1,0,0
CUS-106009,72,One year,No,Credit card,No,No,Yes,0,No,No,87.25,6139.86,2,4,0,0
CUS-105954,58,Month-to-month,Fiber optic,Credit card,Yes,No internet service,Yes,0,No,Yes,102.93,5415.35,3,3,0,1
CUS-100398,10,One year,DSL,Electronic check,Yes,No,No,0,No,No,47.54,553.33,2,2,0,0
CUS-102010,37,Month-to-month,DSL,Bank transfer,Yes,Yes,No,0,No,Yes,60.98,2697.28,2,1,0,0
CUS-106722,29,Month-to-month,DSL,Electronic check,No,No,No internet service,0,Yes,No,39.74,1269.89,1,0,0,0
CUS-101283,72,Two year,Fiber optic,Credit card,No,No internet service,Yes,0,Yes,No,86.37,6008.27,4,3,0,0
CUS-105830,14,Month-to-month,Fiber optic,Bank transfer,No,No,No,0,Yes,No,108.17,831.43,5,3,0,1
CUS-105105,38,Month-to-month,Fiber optic,Electronic check,Yes,No internet service,No,0,No,No,101.29,4088.73,3,4,0,1
CUS-104256,60,Month-to-month,Fiber optic,Credit card,Yes,Yes,No,0,Yes,Yes,101.73,5899.86,1,2,0,0
CUS-101836,12,Two year,Fiber optic,Mailed check,Yes,No internet service,No,0,No,No,77.68,921.18,0,2,0,0
CUS-101019,26,Month-to-month,No,Electronic check,No,No internet service,No,0,Yes,No,56.47,1281.23,0,1,0,1
CUS-101326,35,Month-to-month,DSL,Mailed check,No,Yes,No,0,Yes,No,82.51,3257.86,2,2,0,0
CUS-104318,7,Month-to-month,Fiber optic,Electronic check,No,No,No internet service,0,Yes,No,120.19,1554.51,4,1,0,1
CUS-100475,32,One year,Fiber optic,Bank transfer,Yes,No,No internet service,0,Yes,Yes,85.43,2851.21,3,6,0,0
CUS-102810,32,Month-to-month,Fiber optic,Electronic check,Yes,No,No,0,No,No,106.68,3761.44,4,1,0,1
CUS-105243,10,Month-to-month,DSL,Bank transfer,No,No internet service,No,0,Yes,No,37.77,420.67,2,1,0,1
CUS-101651,20,One year,Fiber optic,Bank transfer,Yes,No internet service,No,1,No,No,93.03,2309.85,1,2,1,0
CUS-106491,5,One year,DSL,Mailed check,Yes,No internet service,No,0,No,No,53.39,33.27,4,2,1,0
CUS-105976,6,Month-to-month,Fiber optic,Electronic check,No,No internet service,No,1,No,No,121.72,862.54,3,2,1,1
CUS-102528,44,One year,Fiber optic,Credit card,Yes,Yes,No,0,No,No,95.0,4402.3,2,6,0,0
CUS-101206,26,Month-to-month,Fiber optic,Mailed check,Yes,No,Yes,0,No,No,79.26,1909.06,1,3,0,1
CUS-104535,7,Month-to-month,Fiber optic,Credit card,Yes,No internet service,No internet service,0,No,No,67.13,627.2,0,3,1,0
CUS-105805,23,One year,Fiber optic,Electronic check,Yes,No,No,0,No,Yes,91.33,1738.21,0,1,0,0
CUS-104955,56,Two year,Fiber optic,Mailed check,No,No internet service,No internet service,0,Yes,Yes,120.2,6467.82,5,2,0,0
CUS-100867,7,One year,DSL,Credit card,Yes,Yes,No,0,No,No,47.69,352.41,0,1,0,0
CUS-102974,27,Two year,Fiber optic,Electronic check,No,Yes,No internet service,1,No,Yes,69.05,2177.35,2,2,0,0
CUS-100541,30,Month-to-month,Fiber optic,Mailed check,Yes,No internet service,No,0,No,Yes,99.15,3277.17,3,3,1,1
CUS-101132,48,One year,Fiber optic,Electronic check,Yes,Yes,No,0,Yes,No,108.31,4963.08,4,2,0,0
CUS-106782,29,Month-to-month,No,Electronic check,Yes,Yes,Yes,0,Yes,No,56.58,1311.16,3,2,0,0
CUS-103390,42,Two year,DSL,Electronic check,Yes,Yes,No,1,Yes,No,54.68,2218.05,1,3,0,0
CUS-105022,5,Month-to-month,Fiber optic,Bank transfer,No,No,No,0,Yes,No,93.82,915.51,1,4,1,1
CUS-102962,39,One year,No,Mailed check,Yes,No,No internet service,0,Yes,Yes,50.71,2116.37,3,0,0,0
CUS-104155,8,One year,DSL,Electronic check,Yes,No,No,0,No,Yes,57.17,596.09,2,1,0,0
CUS-103259,40,Month-to-month,DSL,Mailed check,No,No internet service,No,0,No,No,31.8,1101.1,2,1,0,0
CUS-104531,28,Two year,Fiber optic,Mailed check,Yes,No,No,1,Yes,Yes,61.42,1547.53,0,1,0,0
CUS-106912,29,One year,DSL,Credit card,No,Yes,Yes,0,Yes,No,69.85,2332.76,3,2,0,0
CUS-102583,25,One year,Fiber optic,Bank transfer,Yes,Yes,No,1,No,No,125.02,3128.73,4,2,0,0
CUS-102813,52,Month-to-month,Fiber optic,Credit card,No,No,No,0,Yes,Yes,90.58,4191.04,5,2,0,0
CUS-105420,20,Two year,No,Bank transfer,Yes,Yes,Yes,0,Yes,No,68.39,1319.41,4,0,0,0
CUS-106060,11,One year,DSL,Electronic check,Yes,No internet service,No,0,No,No,39.82,205.72,1,0,0,0
CUS-103586,41,One year,Fiber optic,Bank transfer,Yes,No,No,0,No,No,89.79,3661.17,5,1,0,0
CUS-105403,54,Month-to-month,Fiber optic,Electronic check,No,No,No,0,No,Yes,121.25,6227.31,2,6,1,1
CUS-105951,28,Two year,Fiber optic,Credit card,No,No internet service,No,0,No,No,74.17,1959.95,1,2,0,0
CUS-102630,6,Two year,DSL,Electronic check,Yes,No,No internet service,0,No,No,46.71,47.54,3,1,0,0
CUS-106609,28,Month-to-month,No,Bank transfer,Yes,No,Yes,0,Yes,No,61.7,1674.89,0,2,0,0
CUS-104778,67,Two year,DSL,Mailed check,Yes,Yes,Yes,0,No,Yes,65.83,3959.86,2,2,0,0
CUS-101080,72,Month-to-month,DSL,Mailed check,Yes,No,No,0,No,Yes,62.87,4493.95,3,3,0,0
CUS-104283,72,Month-to-month,No,Bank transfer,Yes,Yes,No,0,No,No,49.13,3617.75,5,1,0,0
CUS-102085,72,Month-to-month,DSL,Bank transfer,Yes,No,No internet service,0,No,Yes,35.69,2649.97,0,0,0,0
CUS-102452,54,Month-to-month,Fiber optic,Mailed check,No,Yes,Yes,1,Yes,Yes,95.18,5741.96,4,1,0,1
CUS-102023,52,Month-to-month,DSL,Mailed check,No,Yes,No,0,Yes,No,62.86,3185.45,2,2,1,0
CUS-105366,26,Month-to-month,DSL,Credit card,Yes,Yes,No,0,Yes,No,60.13,1302.29,3,1,0,0
CUS-100226,52,Two year,No,Electronic check,No,No,No,0,No,No,60.28,2854.79,3,2,1,0
CUS-101013,13,Month-to-month,DSL,Credit card,No,No,Yes,1,Yes,Yes,56.07,763.92,4,3,0,0
CUS-101929,14,Month-to-month,Fiber optic,Credit card,No,No internet service,No internet service,0,No,No,74.76,980.42,0,2,0,1
CUS-104920,30,Two year,DSL,Electronic check,No,No internet service,No,0,Yes,No,36.66,1244.23,2,0,1,0
CUS-101404,10,One year,No,Bank transfer,No,No,No,0,Yes,Yes,88.26,869.2,5,3,1,1
CUS-102179,5,Month-to-month,Fiber optic,Electronic check,Yes,No,No internet service,0,Yes,Yes,72.49,591.42,1,2,0,0
CUS-100697,72,Month-to-month,Fiber optic,Bank transfer,Yes,No,No internet service,0,Yes,No,109.67,8173.37,2,2,0,0
CUS-101124,38,Two year,Fiber optic,Credit card,No,No internet service,No,0,No,Yes,76.35,2844.01,1,2,0,0
CUS-103895,37,Month-to-month,Fiber optic,Electronic check,No,No internet service,No internet service,1,No,No,84.54,3400.11,1,2,1,1
CUS-101778,72,Month-to-month,Fiber optic,Electronic check,No,No,No internet service,0,Yes,No,86.76,6058.78,4,3,0,1
CUS-104450,72,One year,Fiber optic,Credit card,No,No internet service,Yes,0,Yes,Yes,119.37,8946.86,3,2,0,0
CUS-102634,46,Month-to-month,Fiber optic,Mailed check,Yes,No internet service,No internet service,1,No,No,95.58,4508.57,2,2,0,0
CUS-103489,5,Two year,Fiber optic,Electronic check,Yes,No,Yes,1,Yes,Yes,84.44,461.4,0,1,0,0
CUS-101037,29,Month-to-month,No,Electronic check,No,No,Yes,0,No,No,57.49,1548.84,4,3,1,1
CUS-102256,40,Month-to-month,Fiber optic,Credit card,Yes,Yes,Yes,0,No,No,101.7,3955.36,5,0,0,0
CUS-104671,11,One year,DSL,Credit card,No,No,No,0,No,Yes,52.21,770.43,0,0,0,0
CUS-106920,58,One year,No,Bank transfer,No,No internet service,No internet service,0,Yes,No,31.51,1881.78,0,1,0,0
CUS-100313,17,Month-to-month,Fiber optic,Mailed check,Yes,No internet service,No internet service,0,Yes,No,100.52,2008.82,1,6,0,1
CUS-102649,3,Month-to-month,DSL,Mailed check,Yes,No internet service,No,0,Yes,No,35.13,19.68,0,0,0,0
CUS-102281,35,Month-to-month,DSL,Credit card,Yes,Yes,No internet service,0,Yes,No,56.34,1970.66,0,1,0,0
CUS-105004,40,Two year,DSL,Bank transfer,No,Yes,No,0,Yes,No,55.53,2312.85,2,0,1,0
CUS-102547,43,Two year,No,Credit card,Yes,No,No,0,Yes,No,91.25,4009.55,4,4,0,1
CUS-102159,33,One year,DSL,Mailed check,No,No,Yes,0,No,No,76.81,2688.17,2,0,0,0
CUS-103137,8,Month-to-month,Fiber optic,Credit card,Yes,No,No,0,No,No,104.67,1134.31,0,6,0,1
CUS-105813,20,Two year,Fiber optic,Electronic check,No,Yes,Yes,0,Yes,Yes,103.98,2305.68,3,2,0,1
CUS-103967,35,Month-to-month,DSL,Electronic check,No,No,No internet service,0,Yes,No,70.88,2351.57,4,3,1,0
CUS-101428,45,Month-to-month,No,Credit card,No,No internet service,No internet service,1,No,No,69.43,3112.25,2,1,0,1
CUS-104952,23,One year,Fiber optic,Bank transfer,Yes,No,Yes,1,No,Yes,63.37,1473.85,0,3,0,0
CUS-102520,11,Two year,Fiber optic,Credit card,Yes,No internet service,No,0,No,No,95.14,866.67,3,2,0,0
CUS-105631,22,Month-to-month,Fiber optic,Electronic check,Yes,Yes,No,1,Yes,No,74.36,1808.63,1,2,0,1
CUS-105160,6,Two year,DSL,Electronic check,Yes,No,No internet service,0,Yes,Yes,64.78,511.96,3,1,0,0
CUS-100448,18,Two year,DSL,Mailed check,No,No,No,0,No,No,56.3,1237.81,2,1,0,0
CUS-104814,53,Month-to-month,Fiber optic,Credit card,No,No internet service,Yes,0,No,No,79.83,4462.13,0,2,0,1
CUS-101284,41,Month-to-month,Fiber optic,Electronic check,Yes,No,No,0,No,No,101.99,4074.04,5,1,0,1
CUS-103727,21,Month-to-month,Fiber optic,Electronic check,Yes,No,No,0,Yes,No,103.67,2403.09,5,3,0,1
CUS-100361,21,Month-to-month,DSL,Electronic check,No,Yes,No,0,No,No,50.96,1083.66,2,1,1,0
CUS-105634,8,Two year,No,Electronic check,Yes,No,No,0,No,No,69.74,1021.19,5,0,0,0
CUS-105573,10,Month-to-month,Fiber optic,Credit card,No,No,Yes,1,Yes,No,82.59,1336.1,4,2,1,1
CUS-102460,20,Month-to-month,Fiber optic,Electronic check,Yes,Yes,No internet service,0,No,No,121.83,3382.79,4,8,0,1
CUS-100022,45,Month-to-month,No,Bank transfer,Yes,Yes,No internet service,0,Yes,No,37.21,1585.98,1,0,0,1
CUS-102066,31,Month-to-month,No,Bank transfer,No,No internet service,No,0,No,Yes,72.23,2269.14,2,2,0,0
CUS-101653,18,Month-to-month,No,Electronic check,No,No,No,0,Yes,Yes,62.32,1043.52,2,4,1,1
CUS-100702,40,Month-to-month,No,Electronic check,Yes,No,No,0,No,No,53.13,2026.98,0,1,0,1
CUS-106851,30,Two year,DSL,Electronic check,Yes,No,No,0,No,No,90.86,2621.34,2,2,0,0
CUS-102743,26,Month-to-month,Fiber optic,Mailed check,Yes,No internet service,No,0,Yes,No,100.44,2594.43,3,0,0,1
CUS-101376,17,Month-to-month,No,Credit card,Yes,No,No,0,No,No,68.65,1312.25,3,0,0,0
CUS-105684,37,One year,Fiber optic,Bank transfer,Yes,No,No,0,No,No,78.33,2802.93,0,4,0,0
CUS-102468,38,One year,Fiber optic,Bank transfer,Yes,No,No internet service,1,No,No,91.99,3551.87,1,0,0,0
CUS-103754,15,One year,No,Credit card,Yes,Yes,No,0,No,No,78.99,767.11,2,1,0,1
CUS-102325,23,Month-to-month,DSL,Mailed check,Yes,No internet service,No internet service,0,Yes,Yes,79.81,2269.1,5,4,0,1
CUS-100460,62,Month-to-month,No,Credit card,Yes,No,No,0,No,No,41.81,2521.4,4,1,0,0
CUS-104183,49,Month-to-month,DSL,Electronic check,Yes,Yes,No,0,No,No,58.98,2800.38,2,3,0,0
CUS-104082,11,One year,DSL,Electronic check,Yes,No,No,0,No,No,50.28,593.33,3,1,0,0
CUS-101486,72,Month-to-month,Fiber optic,Bank transfer,Yes,No,No,0,No,No,102.18,6827.25,5,4,0,1
CUS-103678,29,Two year,Fiber optic,Credit card,Yes,Yes,No internet service,0,Yes,No,81.47,2444.44,1,3,0,0
CUS-100282,16,One year,No,Electronic check,No,Yes,Yes,0,Yes,Yes,40.75,782.77,0,1,0,0
CUS-104308,18,One year,Fiber optic,Bank transfer,No,No,No internet service,0,No,No,109.6,2100.06,3,4,0,0
CUS-103537,49,Month-to-month,DSL,Electronic check,Yes,No,No,0,No,No,54.5,2601.64,0,1,1,0
CUS-104902,27,One year,Fiber optic,Credit card,No,No,No,0,Yes,No,85.1,2304.99,1,1,0,0
CUS-102581,33,Month-to-month,DSL,Bank transfer,Yes,Yes,No internet service,0,No,No,37.4,999.33,2,1,0,0
CUS-101368,5,Month-to-month,Fiber optic,Electronic check,Yes,Yes,Yes,0,No,No,60.51,30.26,0,4,0,0
CUS-106305,66,Month-to-month,Fiber optic,Credit card,Yes,No internet service,No,0,Yes,Yes,85.69,5869.1,2,2,0,0
CUS-104685,41,Month-to-month,No,Electronic check,Yes,No internet service,No,0,No,No,63.4,2507.72,1,3,0,0
CUS-100597,41,Two year,DSL,Electronic check,Yes,No internet service,No,0,No,Yes,63.35,2840.83,5,1,0,0
CUS-104351,8,Month-to-month,No,Mailed check,Yes,No internet service,No,0,No,No,80.47,363.28,5,5,0,0
CUS-105680,16,Two year,No,Credit card,Yes,Yes,No internet service,0,Yes,Yes,69.07,996.0,4,0,0,0
CUS-106978,47,Month-to-month,DSL,Credit card,Yes,No,Yes,0,No,No,63.68,2562.09,5,0,0,0
CUS-106589,44,One year,Fiber optic,Bank transfer,Yes,No,Yes,1,No,No,88.81,3883.25,3,5,0,1
CUS-106444,23,Month-to-month,DSL,Electronic check,Yes,Yes,No internet service,0,No,No,68.91,1732.82,3,2,0,1
CUS-103468,21,Month-to-month,No,Electronic check,No,Yes,Yes,0,Yes,No,56.82,1331.73,5,2,0,1
CUS-104457,22,Two year,Fiber optic,Electronic check,Yes,Yes,No,0,No,No,72.72,1423.49,1,4,0,0
CUS-102990,45,Month-to-month,DSL,Bank transfer,Yes,No,Yes,0,No,No,67.17,3006.4,2,2,0,0
CUS-106220,14,Month-to-month,DSL,Credit card,Yes,No,No,0,Yes,Yes,70.76,1061.61,1,1,1,1
CUS-102544,21,Two year,DSL,Credit card,Yes,No internet service,No,0,Yes,No,64.37,1235.86,2,0,0,0
CUS-106451,52,Month-to-month,Fiber optic,Electronic check,No,Yes,No,0,No,No,77.97,3613.82,2,1,0,1
CUS-105114,57,Month-to-month,Fiber optic,Electronic check,No,No,No,0,Yes,No,127.06,7470.45,4,0,0,1
CUS-104066,14,Two year,DSL,Credit card,No,No,No,0,Yes,Yes,60.1,1239.02,5,2,0,0
CUS-103988,13,Month-to-month,Fiber optic,Credit card,Yes,No,Yes,0,No,Yes,100.2,1484.19,2,0,0,0
CUS-106761,38,Two year,Fiber optic,Bank transfer,Yes,No,No internet service,0,Yes,No,89.0,3261.42,3,3,0,0
CUS-100685,47,One year,No,Electronic check,No,No internet service,Yes,0,No,No,61.29,2860.18,3,4,0,0
CUS-104713,42,Month-to-month,Fiber optic,Bank transfer,No,No,No,0,No,No,60.96,2359.38,2,1,0,0
CUS-103243,14,Two year,No,Credit card,Yes,Yes,No,1,Yes,Yes,61.57,966.12,2,4,0,1
CUS-106672,2,One year,No,Electronic check,Yes,Yes,Yes,0,Yes,Yes,47.55,23.78,1,2,0,0
CUS-104083,25,Month-to-month,Fiber optic,Electronic check,No,Yes,No,0,Yes,No,76.02,2107.98,1,1,0,0
CUS-102837,20,One year,DSL,Mailed check,No,No,Yes,0,No,No,61.18,1434.95,4,2,0,0
CUS-103697,19,Month-to-month,DSL,Bank transfer,Yes,No internet service,No,0,Yes,No,74.03,1118.62,0,1,0,0
CUS-104040,6,Month-to-month,No,Electronic check,Yes,Yes,Yes,0,No,Yes,84.84,278.49,5,1,0,0
CUS-102230,19,Two year,DSL,Mailed check,Yes,No internet service,No,1,Yes,No,54.33,1170.95,3,1,1,0
CUS-105099,72,Month-to-month,No,Mailed check,No,Yes,No,0,Yes,No,36.48,2723.07,2,0,0,0
CUS-102320,19,Two year,Fiber optic,Electronic check,No,No,No internet service,0,No,Yes,103.75,1975.65,2,3,0,0
CUS-100521,11,Two year,DSL,Bank transfer,Yes,No,No,0,No,No,53.86,563.73,4,1,0,0
CUS-100522,40,Month-to-month,Fiber optic,Mailed check,Yes,No,No,0,Yes,Yes,127.21,5032.33,5,1,0,1
CUS-105458,64,Two year,Fiber optic,Bank transfer,No,No,No,1,Yes,No,110.72,6981.48,4,2,0,0
CUS-105628,47,One year,Fiber optic,Mailed check,No,Yes,No,0,Yes,No,75.04,3398.38,2,1,0,0
CUS-106544,40,Two year,Fiber optic,Bank transfer,Yes,No,Yes,1,No,No,107.91,4330.83,1,2,0,0
CUS-105269,34,Month-to-month,DSL,Mailed check,Yes,No,No,1,No,No,69.69,2371.15,5,1,0,0
CUS-100780,21,Month-to-month,DSL,Mailed check,No,Yes,No,1,Yes,Yes,73.11,1535.43,2,2,1,1
CUS-105861,15,One year,DSL,Bank transfer,No,No,No,0,Yes,No,29.04,575.31,1,1,0,0
CUS-104728,10,Month-to-month,Fiber optic,Bank transfer,Yes,No,No internet service,0,No,No,116.9,1108.08,4,2,0,0
CUS-100651,3,Two year,No,Electronic check,Yes,No internet service,Yes,0,Yes,No,48.93,280.2,5,4,1,0
CUS-105629,35,Month-to-month,DSL,Credit card,Yes,No,No,0,Yes,No,55.82,1997.45,2,2,0,0
CUS-102196,7,Month-to-month,Fiber optic,Credit card,No,No internet service,No,0,No,Yes,95.21,656.49,0,0,0,1
CUS-100369,34,Month-to-month,DSL,Electronic check,No,No internet service,Yes,0,Yes,Yes,48.27,1662.69,0,1,0,1
CUS-104575,70,One year,Fiber optic,Electronic check,No,No,No,0,Yes,No,108.81,7722.69,1,2,1,1
CUS-104214,33,Month-to-month,DSL,Mailed check,Yes,No internet service,No internet service,0,No,Yes,53.38,1787.14,1,3,0,1
CUS-100377,72,Two year,Fiber optic,Mailed check,Yes,Yes,No internet service,0,Yes,No,67.27,4442.21,1,2,0,0
CUS-104903,57,One year,Fiber optic,Credit card,No,Yes,No,0,No,Yes,105.69,5632.24,2,5,0,0
CUS-102216,24,One year,DSL,Mailed check,Yes,No internet service,No,0,No,No,43.61,901.74,1,0,0,0
CUS-105317,56,Month-to-month,DSL,Electronic check,Yes,No,No,0,No,No,61.08,3599.57,1,2,0,1
CUS-101613,24,Two year,DSL,Mailed check,Yes,No internet service,No,0,No,Yes,67.54,1483.78,4,5,0,0
CUS-106275,43,One year,DSL,Mailed check,Yes,No,Yes,1,Yes,No,40.41,1542.82,2,1,0,0
CUS-103632,30,Two year,DSL,Bank transfer,No,No,No,0,No,No,43.76,1151.59,2,1,0,0
CUS-100962,27,Month-to-month,Fiber optic,Bank transfer,Yes,No internet service,No,1,Yes,No,64.71,1604.19,1,2,1,1
CUS-106699,16,Month-to-month,DSL,Electronic check,No,No,Yes,0,Yes,No,62.49,871.42,3,0,0,1
CUS-106561,72,Month-to-month,DSL,Bank transfer,No,No,No internet service,0,No,No,91.29,6329.2,5,2,0,0
CUS-106443,26,Month-to-month,No,Bank transfer,No,No,Yes,0,Yes,No,61.93,1591.01,2,1,0,0
CUS-100359,24,Two year,Fiber optic,Electronic check,No,No,Yes,0,No,No,92.52,2049.99,4,0,0,0
CUS-103839,14,One year,No,Credit card,No,Yes,Yes,0,No,Yes,47.3,565.72,1,4,1,0
CUS-104669,47,Month-to-month,Fiber optic,Bank transfer,No,Yes,Yes,0,Yes,No,66.56,3410.06,0,0,0,0
CUS-101246,37,Two year,Fiber optic,Credit card,No,No,Yes,0,No,No,106.75,4740.94,4,3,0,0
CUS-105355,46,One year,No,Credit card,No,Yes,No,0,No,No,65.07,3437.56,2,3,0,0
CUS-103694,22,Month-to-month,Fiber optic,Electronic check,Yes,No internet service,Yes,1,Yes,Yes,92.34,2143.72,1,1,0,1
CUS-106490,30,Month-to-month,Fiber optic,Bank transfer,No,No internet service,No,0,Yes,Yes,99.16,2923.51,2,3,0,1
CUS-102567,15,Month-to-month,Fiber optic,Mailed check,Yes,Yes,No,0,No,No,65.18,1193.66,0,0,0,0
CUS-103423,22,Month-to-month,No,Bank transfer,Yes,Yes,No,0,No,Yes,81.6,1941.19,4,1,0,0
CUS-102037,63,Two year,DSL,Credit card,Yes,No,No,0,No,No,39.42,2345.18,1,2,0,0
CUS-100772,15,One year,DSL,Credit card,No,No,No,0,No,No,47.56,766.22,3,1,0,0
CUS-106428,10,Month-to-month,Fiber optic,Credit card,Yes,No,Yes,0,Yes,No,107.75,1715.49,3,2,0,1
CUS-103562,27,Month-to-month,No,Bank transfer,No,No,No,0,Yes,Yes,59.5,1818.67,2,0,0,0
CUS-106618,32,Month-to-month,DSL,Electronic check,Yes,No,No internet service,0,Yes,No,47.95,1282.34,0,2,0,0
CUS-106391,16,Month-to-month,DSL,Bank transfer,Yes,No internet service,No,0,No,No,23.31,395.88,1,0,0,1
CUS-101674,25,Month-to-month,Fiber optic,Electronic check,Yes,No,Yes,0,Yes,No,92.49,1800.17,0,1,1,1
CUS-100365,2,One year,Fiber optic,Credit card,Yes,No internet service,Yes,0,Yes,No,94.1,200.08,3,2,0,1
CUS-104581,17,Month-to-month,No,Bank transfer,Yes,No,No,0,No,Yes,33.98,585.87,0,0,0,0
CUS-104515,10,Month-to-month,Fiber optic,Credit card,No,No,No,1,Yes,No,61.08,769.83,0,3,0,0
CUS-104327,53,Two year,DSL,Electronic check,No,No,No internet service,1,No,No,67.52,3819.29,5,3,1,0
CUS-100147,20,Two year,DSL,Bank transfer,No,Yes,No,0,No,No,55.44,1114.1,3,1,0,0
CUS-106143,58,Two year,Fiber optic,Bank transfer,No,No,No,0,No,No,101.91,5868.33,3,3,0,0
CUS-103088,13,Month-to-month,Fiber optic,Bank transfer,Yes,No,No,0,No,No,93.62,1274.21,5,3,0,1
CUS-105515,17,Two year,Fiber optic,Credit card,No,No,No,0,No,No,66.23,927.13,0,1,0,0
CUS-100407,22,Month-to-month,Fiber optic,Electronic check,Yes,Yes,No,0,No,No,120.97,2040.26,4,1,0,1
CUS-106519,5,Two year,DSL,Electronic check,Yes,No,Yes,0,No,No,25.39,255.96,0,0,0,0
CUS-103456,21,Month-to-month,No,Mailed check,No,No,No,0,No,Yes,62.28,1404.23,3,2,0,1
CUS-104182,27,Month-to-month,Fiber optic,Electronic check,Yes,Yes,Yes,0,Yes,No,59.08,1602.03,0,4,0,1
CUS-103576,32,Two year,Fiber optic,Bank transfer,Yes,No internet service,No,0,No,No,80.79,2559.13,3,3,0,0
CUS-103271,18,One year,Fiber optic,Bank transfer,No,No,Yes,0,Yes,Yes,78.29,1434.5,0,1,0,0
CUS-101031,2,Month-to-month,DSL,Bank transfer,Yes,No internet service,No,0,Yes,No,67.2,221.89,4,4,0,1
CUS-105214,9,One year,Fiber optic,Electronic check,Yes,No internet service,No internet service,0,No,No,104.87,1345.6,5,4,1,1
CUS-100855,7,Two year,No,Credit card,No,No,No,0,No,No,49.93,361.44,1,2,0,0
CUS-103926,13,Month-to-month,No,Bank transfer,Yes,No,No internet service,0,No,No,54.74,643.15,3,1,0,0
CUS-100078,17,Month-to-month,Fiber optic,Electronic check,No,No,No,0,No,No,93.52,1345.86,1,2,0,1
CUS-102247,31,Month-to-month,Fiber optic,Electronic check,Yes,No internet service,Yes,0,No,No,97.1,2125.31,3,3,0,1
CUS-105169,26,Month-to-month,No,Credit card,Yes,No,Yes,1,No,No,63.75,985.38,5,2,0,0
CUS-106385,30,One year,Fiber optic,Bank transfer,No,No,No internet service,0,Yes,Yes,115.71,3062.92,3,4,0,0
CUS-106431,18,Month-to-month,Fiber optic,Electronic check,Yes,No internet service,No internet service,1,No,Yes,146.73,3056.81,5,4,0,1
CUS-106664,29,Two year,No,Credit card,No,No,No,0,Yes,No,49.44,1295.63,1,0,0,0
CUS-100788,47,One year,DSL,Credit card,No,Yes,Yes,0,No,No,78.45,3753.16,5,2,0,1
CUS-102279,28,Two year,DSL,Electronic check,Yes,No,No,0,Yes,No,76.63,1820.51,5,1,0,1
CUS-104095,22,Two year,No,Credit card,No,No internet service,No,0,Yes,No,78.72,1863.61,4,1,0,0
CUS-103897,56,Month-to-month,DSL,Credit card,Yes,No,No,0,No,No,57.99,3084.72,2,2,0,0
CUS-106129,32,Month-to-month,DSL,Electronic check,Yes,No internet service,No,0,Yes,No,47.76,1458.81,0,0,1,0
CUS-105809,18,Month-to-month,DSL,Electronic check,No,No,No,0,Yes,No,62.44,1263.28,3,0,1,1
CUS-103631,33,One year,No,Electronic check,Yes,No,No,0,No,No,92.53,2950.04,5,3,0,0
CUS-105229,32,Two year,DSL,Bank transfer,No,No,Yes,0,Yes,No,46.83,1528.13,2,2,0,0
CUS-100424,72,Month-to-month,DSL,Credit card,Yes,No,Yes,1,Yes,No,63.92,4530.44,3,4,0,0
CUS-100392,9,Two year,DSL,Mailed check,Yes,Yes,No,0,No,No,88.47,844.25,5,4,0,0
CUS-105213,33,One year,Fiber optic,Mailed check,Yes,Yes,No internet service,0,No,No,92.18,2842.08,4,3,0,0
CUS-106601,41,Two year,Fiber optic,Electronic check,Yes,Yes,No,1,No,No,79.02,3127.32,2,1,0,0
CUS-104200,63,One year,Fiber optic,Mailed check,Yes,No,No,0,No,Yes,75.33,5197.15,2,3,0,0
CUS-102672,72,Two year,Fiber optic,Bank transfer,No,No,No,0,No,No,105.04,8193.15,2,1,0,0
CUS-106969,30,One year,DSL,Mailed check,Yes,No internet service,No internet service,0,No,No,70.99,2273.09,1,3,1,0
CUS-104716,36,Two year,No,Electronic check,Yes,No,Yes,0,No,Yes,75.1,2480.45,5,2,1,0
CUS-103493,28,Month-to-month,Fiber optic,Bank transfer,No,Yes,No,0,Yes,No,115.77,3485.5,3,2,0,1
CUS-101459,29,Month-to-month,Fiber optic,Bank transfer,Yes,No,Yes,0,Yes,No,95.77,2637.27,0,0,0,0
CUS-105041,44,Month-to-month,Fiber optic,Bank transfer,Yes,No,Yes,0,No,No,108.67,5216.11,4,2,0,1
CUS-105912,45,Month-to-month,Fiber optic,Mailed check,No,No,No,0,No,No,56.62,2435.93,0,3,0,1
CUS-103835,18,Month-to-month,Fiber optic,Mailed check,No,No internet service,Yes,0,Yes,No,62.21,1047.0,3,0,0,0
CUS-105409,19,Month-to-month,DSL,Bank transfer,No,Yes,No,0,Yes,No,59.34,1405.69,3,2,0,0
CUS-106658,60,Month-to-month,No,Credit card,No,Yes,No internet service,0,No,Yes,57.71,3585.6,2,1,0,0
CUS-106685,43,Two year,Fiber optic,Bank transfer,Yes,No internet service,No,0,No,Yes,87.66,3981.07,4,2,0,0
CUS-102355,22,One year,DSL,Credit card,Yes,No,Yes,0,No,Yes,40.45,846.01,0,2,0,0
CUS-102442,42,Month-to-month,Fiber optic,Credit card,No,No,No internet service,1,No,No,80.48,3006.61,0,1,0,0
CUS-105436,28,Two year,No,Electronic check,Yes,No internet service,No,0,Yes,No,88.4,2277.56,3,4,0,0
CUS-100464,22,One year,No,Credit card,No,Yes,Yes,1,No,No,69.24,1685.41,5,0,0,0
CUS-100163,26,Two year,No,Credit card,Yes,Yes,No,1,No,No,86.28,2169.03,5,2,0,1
CUS-106052,13,One year,Fiber optic,Electronic check,Yes,No,No,0,Yes,No,73.09,1412.15,1,3,0,1
CUS-106262,20,Month-to-month,Fiber optic,Electronic check,No,Yes,No,1,No,Yes,105.13,2234.87,3,3,1,0
CUS-106705,22,One year,Fiber optic,Mailed check,No,No internet service,Yes,0,Yes,No,77.01,1782.17,0,1,1,1
CUS-106940,32,One year,DSL,Credit card,Yes,Yes,Yes,0,No,Yes,54.6,1883.2,0,1,0,0
CUS-102009,33,One year,DSL,Mailed check,Yes,No,Yes,0,No,No,61.31,2042.48,2,1,0,0
CUS-103084,7,One year,Fiber optic,Bank transfer,No,No,Yes,0,No,No,107.18,938.08,1,2,0,0
CUS-100900,3,Month-to-month,DSL,Bank transfer,No,Yes,No,1,Yes,No,68.51,34.26,3,0,0,1
CUS-105471,39,One year,DSL,Electronic check,Yes,No,Yes,0,Yes,Yes,54.46,2043.27,3,3,0,0
CUS-102293,58,Two year,Fiber optic,Mailed check,Yes,No internet service,Yes,0,No,Yes,65.96,3849.79,0,2,0,0
CUS-104481,1,Month-to-month,Fiber optic,Mailed check,Yes,Yes,No internet service,0,Yes,No,72.69,36.34,0,0,0,1
CUS-103716,5,Month-to-month,No,Credit card,Yes,Yes,No,0,No,No,68.06,160.53,1,1,0,0
CUS-105803,30,One year,Fiber optic,Mailed check,No,No,No,0,No,Yes,108.2,3844.91,2,3,0,0
CUS-101764,21,Two year,DSL,Electronic check,No,No internet service,No,0,No,No,40.51,647.37,0,0,0,0
CUS-101549,37,Two year,Fiber optic,Bank transfer,Yes,Yes,No,0,Yes,No,110.45,4095.16,5,1,0,0
CUS-103029,12,Two year,No,Bank transfer,Yes,No,No,0,Yes,No,62.18,493.77,3,1,1,0
CUS-105273,48,Month-to-month,No,Bank transfer,Yes,No,No,0,Yes,No,58.26,2674.87,0,3,0,0
CUS-102044,10,One year,Fiber optic,Electronic check,No,No,Yes,0,No,No,69.77,619.87,1,3,0,0
CUS-100767,21,Two year,DSL,Electronic check,No,No,No,0,Yes,No,56.81,1343.59,1,1,1,0
CUS-101508,17,Two year,Fiber optic,Bank transfer,No,No,No,1,No,No,98.09,1243.13,1,5,0,0
CUS-106801,72,One year,No,Electronic check,Yes,No,No,1,No,No,64.36,4374.07,5,0,0,0
CUS-104517,13,Month-to-month,No,Bank transfer,Yes,Yes,No internet service,0,Yes,No,65.85,698.25,4,3,0,1
CUS-104219,21,Month-to-month,DSL,Electronic check,Yes,Yes,No,0,Yes,Yes,28.14,665.01,0,0,0,0
CUS-105812,43,Two year,Fiber optic,Credit card,Yes,No,No internet service,0,Yes,No,95.86,3848.58,2,0,0,0
CUS-105601,19,One year,Fiber optic,Electronic check,Yes,No,No internet service,0,Yes,No,111.42,2201.72,5,3,0,0
CUS-103292,24,One year,DSL,Electronic check,No,Yes,Yes,0,Yes,No,50.18,1014.97,3,2,0,0
CUS-100819,22,Month-to-month,DSL,Credit card,No,Yes,Yes,0,Yes,Yes,58.44,1403.05,2,2,1,0
CUS-101403,48,Month-to-month,Fiber optic,Credit card,No,No,No internet service,1,No,Yes,102.43,4872.38,5,1,0,0
CUS-101382,17,Month-to-month,Fiber optic,Electronic check,No,No,No,0,Yes,No,85.31,1312.66,3,5,1,0
CUS-102148,50,Two year,Fiber optic,Credit card,Yes,No internet service,Yes,0,Yes,No,96.03,4739.53,2,1,0,0
CUS-101638,48,Two year,Fiber optic,Electronic check,Yes,Yes,No,0,No,No,72.06,3832.05,1,1,0,0
CUS-106729,34,Month-to-month,No,Electronic check,No,No,Yes,0,No,Yes,53.09,1636.27,0,2,0,0
CUS-100399,13,One year,Fiber optic,Credit card,Yes,No,No internet service,1,No,No,88.46,1222.34,1,3,0,0
CUS-100882,26,One year,DSL,Electronic check,Yes,No,Yes,0,Yes,Yes,48.5,1316.31,0,1,0,0
CUS-103565,8,One year,DSL,Credit card,Yes,Yes,No internet service,1,No,No,74.61,1064.65,4,1,0,1
CUS-106248,16,Month-to-month,Fiber optic,Mailed check,Yes,No internet service,No,1,No,No,102.15,1724.92,4,1,0,1
CUS-101179,40,One year,Fiber optic,Mailed check,No,No internet service,No,0,Yes,Yes,126.55,4656.45,5,1,0,0
CUS-104244,39,One year,Fiber optic,Bank transfer,Yes,Yes,No,0,No,Yes,92.41,3376.83,2,3,0,0
CUS-104761,59,Month-to-month,Fiber optic,Bank transfer,No,Yes,No,0,No,No,87.09,5051.26,0,3,0,0
CUS-102130,17,Month-to-month,DSL,Electronic check,No,Yes,No,0,No,Yes,62.24,1033.84,0,3,1,0
CUS-100456,26,Month-to-month,Fiber optic,Mailed check,No,No,No,0,Yes,No,107.44,3185.23,0,3,0,1
CUS-101950,29,One year,Fiber optic,Electronic check,Yes,No internet service,Yes,0,No,No,76.97,2290.99,2,1,0,0
CUS-100689,28,Two year,Fiber optic,Electronic check,No,No internet service,Yes,0,Yes,Yes,90.3,2945.94,0,5,1,1
CUS-105525,56,Month-to-month,Fiber optic,Mailed check,No,No internet service,No,1,No,Yes,86.62,4688.73,1,2,0,0
CUS-101953,19,Two year,Fiber optic,Credit card,Yes,No,No,0,No,No,94.26,1670.92,3,4,0,0
CUS-102710,31,Month-to-month,DSL,Bank transfer,No,No internet service,No,1,No,No,52.13,1680.56,0,0,0,0
CUS-105357,40,Two year,Fiber optic,Bank transfer,Yes,No,No,0,No,No,75.44,3001.92,1,4,0,0
CUS-104349,37,One year,No,Credit card,Yes,No,Yes,1,No,No,62.8,2442.68,2,1,0,0
CUS-106069,33,One year,Fiber optic,Mailed check,Yes,No,No internet service,0,No,Yes,108.2,3470.4,4,4,0,0
CUS-101884,24,Month-to-month,Fiber optic,Electronic check,Yes,No,Yes,1,Yes,No,109.4,2390.16,1,3,0,0
CUS-106879,33,Month-to-month,Fiber optic,Electronic check,Yes,Yes,No,0,No,No,113.86,3593.16,5,3,0,0
CUS-106178,21,One year,No,Electronic check,Yes,No,Yes,0,No,No,38.03,739.14,0,0,0,1
CUS-102494,42,Month-to-month,DSL,Mailed check,Yes,No,No,0,Yes,No,74.02,2837.12,5,1,0,0
CUS-103036,34,One year,DSL,Electronic check,No,No internet service,No,0,No,No,69.6,2209.79,5,4,0,1
CUS-103603,54,Month-to-month,Fiber optic,Credit card,Yes,Yes,Yes,0,Yes,No,84.04,4650.43,2,0,0,0
CUS-100845,29,Month-to-month,No,Mailed check,No,Yes,No,0,No,No,57.33,1471.95,1,1,0,0
CUS-100542,34,Two year,Fiber optic,Credit card,No,No internet service,Yes,0,Yes,Yes,113.59,4191.82,4,3,0,1
CUS-103724,27,One year,DSL,Electronic check,Yes,No,No internet service,1,No,No,75.23,2212.23,1,2,0,0
CUS-104187,47,Month-to-month,Fiber optic,Credit card,Yes,No,No internet service,1,Yes,Yes,93.01,4449.05,2,3,0,0
CUS-103679,23,Month-to-month,No,Mailed check,Yes,No internet service,Yes,0,No,Yes,97.83,2370.11,5,5,0,0
CUS-105584,72,Month-to-month,Fiber optic,Bank transfer,Yes,Yes,Yes,0,No,Yes,85.3,6027.45,1,3,0,0
CUS-105722,43,Month-to-month,No,Mailed check,Yes,No internet service,No,0,No,Yes,90.34,3844.44,4,2,0,0
CUS-104791,36,One year,DSL,Credit card,Yes,No internet service,No internet service,0,No,No,40.41,1525.58,0,5,1,0
CUS-102964,44,Month-to-month,DSL,Mailed check,No,Yes,No,0,Yes,No,63.51,2822.82,5,3,0,1
CUS-102529,11,One year,Fiber optic,Bank transfer,No,No,No internet service,0,Yes,No,114.83,1428.63,4,4,1,0
CUS-101048,35,Month-to-month,DSL,Mailed check,Yes,No internet service,Yes,0,Yes,No,61.46,2463.93,2,3,0,1
CUS-101960,25,Month-to-month,No,Bank transfer,Yes,No,No,0,Yes,No,55.34,1372.56,3,1,0,0
CUS-102530,27,One year,Fiber optic,Electronic check,Yes,No internet service,No internet service,0,No,Yes,83.11,2446.2,0,3,0,0
CUS-105140,23,One year,DSL,Bank transfer,No,No,No internet service,0,Yes,Yes,53.32,1374.44,2,3,0,0
CUS-100237,32,One year,Fiber optic,Credit card,No,Yes,No internet service,0,Yes,No,105.25,3604.3,5,1,0,0
CUS-101133,34,Two year,No,Electronic check,No,No,No,0,No,No,39.67,1511.28,2,1,0,0
CUS-105787,23,One year,DSL,Credit card,Yes,No internet service,No,0,No,Yes,50.32,1441.75,1,0,0,0
CUS-104259,49,Month-to-month,Fiber optic,Credit card,No,No,No internet service,0,Yes,No,77.32,3817.31,1,0,0,0
CUS-105495,29,Month-to-month,Fiber optic,Electronic check,Yes,No internet service,Yes,0,No,Yes,97.12,2671.47,3,1,0,1
CUS-105246,30,One year,No,Electronic check,Yes,Yes,No,0,No,No,63.2,1777.63,0,4,0,0
CUS-105464,72,Month-to-month,DSL,Electronic check,Yes,No,No,0,Yes,No,74.03,5026.18,2,1,0,0
CUS-102978,18,Month-to-month,Fiber optic,Electronic check,Yes,No internet service,Yes,0,Yes,No,101.98,1894.51,5,4,0,1
CUS-106418,27,Month-to-month,No,Electronic check,No,No,No,0,Yes,No,63.77,1258.6,2,3,0,0
CUS-105370,11,Month-to-month,Fiber optic,Electronic check,No,Yes,Yes,0,Yes,Yes,87.48,918.15,2,2,0,1
CUS-104712,18,One year,Fiber optic,Electronic check,Yes,No internet service,No internet service,0,No,No,88.65,1393.16,1,2,0,1
CUS-103919,44,One year,Fiber optic,Credit card,Yes,Yes,Yes,0,Yes,No,88.94,3763.84,1,1,0,0
CUS-103138,48,One year,Fiber optic,Electronic check,Yes,Yes,No,0,No,Yes,118.86,5906.86,5,3,0,1
CUS-106239,50,Month-to-month,Fiber optic,Credit card,No,Yes,Yes,0,No,No,81.76,3964.6,1,2,0,0
CUS-104073,38,Month-to-month,Fiber optic,Mailed check,No,Yes,Yes,0,Yes,Yes,82.97,3558.98,3,1,0,0
CUS-106008,16,Month-to-month,No,Credit card,Yes,No internet service,No,0,Yes,No,60.71,830.5,4,0,0,1
CUS-103229,19,One year,DSL,Bank transfer,Yes,No internet service,No internet service,0,No,No,83.59,1580.38,3,4,1,0
CUS-101826,37,Month-to-month,No,Electronic check,No,No,No,0,No,No,46.96,1879.34,3,2,0,0
CUS-100593,7,Two year,Fiber optic,Credit card,Yes,No,No internet service,0,No,No,101.34,1229.45,4,2,0,1
CUS-102725,32,Month-to-month,DSL,Electronic check,Yes,No,No,0,Yes,No,75.29,2377.11,5,2,0,0
CUS-104137,35,Month-to-month,DSL,Bank transfer,No,No,No internet service,1,Yes,No,65.31,2431.14,0,0,0,0
CUS-100560,11,One year,Fiber optic,Electronic check,Yes,No,No,0,Yes,No,110.91,1151.02,4,5,0,1
CUS-105477,48,Month-to-month,No,Mailed check,Yes,Yes,No internet service,0,No,No,62.79,2848.26,4,2,0,1
CUS-106226,46,Month-to-month,Fiber optic,Credit card,Yes,No,No internet service,0,No,No,93.8,4045.44,5,3,1,1
CUS-100243,26,One year,No,Electronic check,Yes,No,No,0,Yes,Yes,39.21,1008.88,2,0,0,0
CUS-104437,9,Month-to-month,DSL,Mailed check,Yes,Yes,Yes,1,Yes,No,45.46,279.51,0,2,0,0
CUS-104836,26,One year,Fiber optic,Electronic check,No,No,No,0,Yes,Yes,79.89,2427.8,1,3,1,0
CUS-100405,32,Month-to-month,DSL,Electronic check,No,No,No,0,Yes,Yes,67.16,2325.58,5,1,0,0
CUS-101442,36,Two year,No,Electronic check,Yes,Yes,No,1,Yes,No,71.3,2667.58,3,2,0,0
CUS-100261,45,Two year,Fiber optic,Bank transfer,No,Yes,No,0,Yes,Yes,94.7,4559.87,3,2,0,0
CUS-104678,33,Two year,No,Electronic check,Yes,No,No internet service,0,No,No,57.0,1956.11,3,0,0,0
CUS-106378,19,One year,DSL,Mailed check,No,No,Yes,0,Yes,No,55.74,883.59,2,1,1,0
CUS-101689,40,Month-to-month,No,Credit card,Yes,No,No,0,Yes,No,66.79,2887.41,5,2,1,0
CUS-101725,53,Two year,Fiber optic,Electronic check,Yes,Yes,No,0,No,No,100.37,5167.45,5,2,0,0
CUS-102496,25,Month-to-month,DSL,Credit card,No,No internet service,Yes,0,No,Yes,57.3,1272.01,2,0,0,1
CUS-104692,18,Month-to-month,Fiber optic,Bank transfer,Yes,No internet service,No internet service,0,Yes,No,92.47,1706.32,4,0,0,0
CUS-100340,14,Month-to-month,Fiber optic,Credit card,Yes,No internet service,No internet service,0,Yes,No,77.95,1378.32,1,1,0,0
CUS-106503,12,One year,DSL,Electronic check,No,No internet service,Yes,0,Yes,No,91.95,594.07,3,6,1,0
CUS-101601,8,Month-to-month,Fiber optic,Bank transfer,Yes,No,Yes,0,Yes,No,114.36,1055.58,5,3,0,0
CUS-104576,10,Month-to-month,No,Mailed check,No,Yes,No internet service,0,Yes,No,52.15,508.97,2,1,0,0
CUS-103725,18,Month-to-month,No,Electronic check,Yes,Yes,No,0,Yes,Yes,53.89,1316.62,4,2,0,1
CUS-106932,24,Two year,DSL,Electronic check,Yes,No,No internet service,0,Yes,Yes,47.85,1110.93,1,1,0,0
CUS-102785,21,Month-to-month,DSL,Mailed check,Yes,No,Yes,0,Yes,No,56.25,1415.8,1,2,1,1
CUS-101523,42,Month-to-month,Fiber optic,Credit card,Yes,No internet service,Yes,1,No,No,84.21,3781.53,1,3,0,0
CUS-106508,17,Month-to-month,Fiber optic,Electronic check,No,No internet service,No internet service,1,No,No,80.6,1214.99,0,3,0,0
CUS-106206,72,Month-to-month,DSL,Bank transfer,Yes,Yes,No,1,No,No,63.52,4599.73,4,1,1,0
CUS-106479,8,Month-to-month,Fiber optic,Credit card,Yes,Yes,Yes,1,No,No,69.1,495.03,1,0,0,0
CUS-101766,41,Month-to-month,Fiber optic,Bank transfer,No,No,Yes,1,No,No,129.49,4434.84,5,1,0,0
CUS-106905,17,Two year,Fiber optic,Bank transfer,No,No,No,0,No,No,67.04,719.3,0,3,0,0
CUS-104037,42,One year,Fiber optic,Electronic check,Yes,No internet service,Yes,0,Yes,Yes,110.8,4859.81,5,4,0,0
CUS-106376,15,Two year,DSL,Credit card,Yes,No internet service,Yes,0,Yes,No,48.7,775.04,2,0,0,0
CUS-105666,11,Month-to-month,Fiber optic,Electronic check,Yes,No,No,0,Yes,No,80.09,1034.75,1,2,0,0
CUS-106539,40,Month-to-month,No,Bank transfer,Yes,No internet service,Yes,0,Yes,Yes,72.21,3224.76,4,1,0,0
CUS-100363,19,Month-to-month,Fiber optic,Mailed check,Yes,Yes,Yes,0,No,Yes,87.0,2091.77,0,5,0,1
CUS-106924,72,One year,DSL,Electronic check,Yes,No,No internet service,0,Yes,Yes,57.81,3986.33,1,3,0,0
CUS-106291,18,Month-to-month,Fiber optic,Credit card,Yes,No,No,1,Yes,No,112.28,2842.47,2,1,0,0
CUS-104443,7,Month-to-month,No,Mailed check,Yes,No,Yes,0,Yes,No,55.69,156.2,1,2,0,0
CUS-105574,26,Month-to-month,DSL,Electronic check,Yes,No,No,0,No,Yes,62.05,1817.88,1,1,0,1
CUS-106458,23,Month-to-month,DSL,Mailed check,Yes,No,No internet service,0,Yes,Yes,93.75,2535.69,5,3,1,1
CUS-102562,68,Month-to-month,Fiber optic,Mailed check,Yes,No,No,0,Yes,No,99.22,6903.58,1,4,0,1
CUS-104879,25,Two year,DSL,Mailed check,Yes,No,Yes,0,No,No,56.42,1382.06,3,1,0,0
CUS-106411,12,Two year,DSL,Bank transfer,Yes,No internet service,No,0,No,No,59.5,776.4,1,2,0,0
CUS-103083,22,One year,DSL,Credit card,No,Yes,No,0,No,Yes,80.09,1703.65,4,2,0,1
CUS-106442,45,Month-to-month,No,Electronic check,No,Yes,No,0,Yes,No,42.5,1890.42,2,1,0,0
CUS-102102,29,Month-to-month,Fiber optic,Bank transfer,No,Yes,No internet service,0,No,Yes,108.21,3629.7,4,2,0,0
CUS-100632,17,Month-to-month,Fiber optic,Electronic check,No,Yes,No,0,No,No,118.32,1937.53,5,0,0,1
CUS-102493,12,Month-to-month,DSL,Electronic check,Yes,No,No internet service,0,No,No,83.89,1096.68,2,1,0,1
CUS-102665,16,Month-to-month,Fiber optic,Bank transfer,Yes,No internet service,Yes,0,No,No,84.35,1139.13,1,3,1,0
CUS-106344,6,Month-to-month,Fiber optic,Credit card,Yes,No,Yes,0,Yes,Yes,97.35,1223.89,1,1,0,1
CUS-104406,7,Two year,Fiber optic,Electronic check,Yes,No,No internet service,1,Yes,No,98.83,816.94,4,2,0,0
CUS-106209,40,Month-to-month,DSL,Credit card,Yes,Yes,No,0,No,No,54.36,2252.53,1,1,0,1
CUS-104954,19,Two year,Fiber optic,Electronic check,Yes,No,Yes,0,Yes,No,97.11,1972.16,4,3,0,1
CUS-102334,21,One year,No,Electronic check,Yes,Yes,No,0,No,No,70.49,1515.17,1,2,0,1
CUS-105356,32,One year,No,Mailed check,No,No,Yes,0,No,No,66.79,2210.19,1,1,0,0
CUS-103619,35,Two year,Fiber optic,Electronic check,Yes,Yes,Yes,0,No,No,112.11,4125.16,1,1,0,0
CUS-103883,33,Two year,No,Credit card,Yes,No,No,1,Yes,No,59.58,1806.17,2,0,0,0
CUS-104739,68,Two year,Fiber optic,Mailed check,No,No,No,0,Yes,No,111.99,7963.87,3,1,0,0
CUS-104211,41,One year,No,Mailed check,Yes,No,Yes,1,No,No,49.4,1924.78,0,0,0,0
CUS-101494,27,Month-to-month,DSL,Bank transfer,Yes,No internet service,No,0,No,No,68.94,1910.47,4,1,0,1
CUS-102401,63,Month-to-month,Fiber optic,Credit card,Yes,No,No,0,No,Yes,107.89,6793.8,4,5,0,1
CUS-103874,19,Month-to-month,Fiber optic,Mailed check,Yes,No internet service,No internet service,0,Yes,Yes,108.3,2272.32,1,4,0,0
CUS-101232,43,Month-to-month,Fiber optic,Mailed check,No,No,No,0,Yes,Yes,72.84,2588.65,2,0,0,0
CUS-102661,27,Month-to-month,DSL,Credit card,No,No,No,0,No,Yes,69.03,1684.04,0,3,0,0
CUS-102817,42,Month-to-month,No,Electronic check,No,Yes,No,0,No,No,111.32,4247.98,4,4,1,1
CUS-106388,4,Month-to-month,DSL,Electronic check,Yes,No internet service,No,0,No,No,72.56,667.99,5,5,0,1
CUS-105552,11,Month-to-month,No,Bank transfer,No,Yes,Yes,0,No,No,82.0,821.19,3,1,0,0
CUS-104153,7,One year,DSL,Bank transfer,Yes,Yes,No,0,No,Yes,51.71,157.24,1,1,1,0
CUS-105204,31,Month-to-month,DSL,Bank transfer,Yes,No internet service,Yes,1,No,Yes,44.84,1462.73,5,1,0,1
CUS-103061,47,Month-to-month,No,Credit card,No,Yes,No,1,No,Yes,90.86,3969.99,5,0,0,1
CUS-105979,21,Two year,DSL,Credit card,Yes,No,Yes,0,No,No,71.7,1533.58,3,0,0,0
CUS-106925,36,Month-to-month,DSL,Credit card,No,Yes,Yes,0,Yes,Yes,31.16,1111.58,1,0,0,0
CUS-101735,21,Month-to-month,Fiber optic,Credit card,Yes,Yes,Yes,0,No,No,87.74,1964.89,2,0,0,1
CUS-102823,48,Two year,Fiber optic,Credit card,Yes,No,Yes,0,Yes,Yes,87.52,4189.63,0,2,0,0
CUS-105329,37,One year,Fiber optic,Bank transfer,Yes,No,No,1,Yes,No,107.82,3749.59,2,3,1,0
CUS-104787,71,Two year,DSL,Electronic check,Yes,No,No,0,No,Yes,35.08,2618.54,0,0,0,0
CUS-102475,48,Month-to-month,DSL,Credit card,No,No,No,0,No,No,68.14,3834.43,2,1,1,1
CUS-102564,69,One year,No,Credit card,Yes,No internet service,No,1,Yes,No,38.04,2723.42,2,0,0,0
CUS-105891,23,Two year,DSL,Credit card,Yes,No,No internet service,1,No,Yes,33.96,674.04,0,1,0,0
CUS-105405,1,Two year,Fiber optic,Bank transfer,Yes,No,Yes,0,Yes,No,87.49,286.13,4,0,0,0
CUS-100707,12,Two year,DSL,Electronic check,Yes,No,Yes,0,Yes,No,54.63,653.39,1,2,0,0
CUS-103046,34,Two year,DSL,Bank transfer,Yes,No,No,0,No,No,89.53,3008.74,4,4,0,0
CUS-105970,18,Two year,Fiber optic,Bank transfer,No,No,No,0,Yes,No,84.43,1817.98,2,1,0,0
CUS-105335,28,Two year,No,Electronic check,No,Yes,No,0,Yes,No,22.68,662.73,1,0,0,0
CUS-100072,15,Month-to-month,No,Credit card,Yes,Yes,No,0,No,No,78.81,1180.32,5,2,0,1
CUS-104448,23,One year,Fiber optic,Electronic check,Yes,No internet service,No internet service,0,No,No,89.6,1835.85,2,3,0,0
CUS-106542,27,Month-to-month,Fiber optic,Electronic check,Yes,No,No,0,No,No,124.22,3773.95,3,4,0,1
CUS-101190,31,Month-to-month,DSL,Credit card,No,No,No,0,No,Yes,46.23,1137.61,3,2,0,0
CUS-102601,33,Month-to-month,No,Credit card,No,Yes,No,1,Yes,No,59.57,2164.05,5,1,0,0
CUS-101125,27,Two year,Fiber optic,Electronic check,Yes,Yes,No internet service,0,No,No,95.86,2328.86,2,1,0,0
CUS-101241,46,One year,DSL,Bank transfer,No,Yes,Yes,0,No,No,66.0,3250.04,3,1,1,0
CUS-106992,13,Two year,Fiber optic,Electronic check,Yes,No internet service,No,0,No,No,88.98,831.7,3,0,0,0
CUS-106297,26,One year,Fiber optic,Electronic check,Yes,No,No internet service,0,Yes,No,72.2,1685.5,2,2,0,1
CUS-103351,46,Two year,DSL,Mailed check,Yes,No,Yes,1,No,No,28.18,1296.36,0,1,0,0
CUS-104008,60,Month-to-month,No,Credit card,No,No,Yes,0,No,No,81.4,4828.4,3,3,0,0
CUS-101577,6,Month-to-month,Fiber optic,Bank transfer,No,No,Yes,0,Yes,No,57.83,201.9,1,2,0,0
CUS-103906,13,One year,DSL,Electronic check,Yes,No internet service,Yes,1,Yes,Yes,70.4,671.54,5,4,0,0
CUS-103729,10,Month-to-month,Fiber optic,Bank transfer,No,No,No internet service,0,No,No,86.28,789.04,3,2,0,0
CUS-104358,55,Month-to-month,No,Mailed check,Yes,No,No,0,Yes,No,91.47,5015.01,4,4,1,0
CUS-101343,40,Month-to-month,DSL,Credit card,Yes,No internet service,No,0,Yes,No,75.06,2704.07,3,1,0,0
CUS-106981,35,One year,Fiber optic,Electronic check,No,Yes,No,1,No,No,81.86,2512.28,2,7,1,0
CUS-100440,4,Month-to-month,DSL,Mailed check,Yes,No internet service,No internet service,0,No,No,34.9,372.42,0,0,0,1
CUS-101100,26,Two year,Fiber optic,Mailed check,Yes,No,No,0,Yes,No,114.84,3096.03,2,2,0,0
CUS-102637,27,Month-to-month,DSL,Credit card,Yes,No,No,1,No,No,39.1,1021.52,2,0,0,0
CUS-104922,72,Month-to-month,Fiber optic,Credit card,No,No,No,0,No,No,72.36,5324.28,2,3,0,1
CUS-100649,14,Two year,DSL,Mailed check,No,No,No,0,No,No,94.94,1699.77,5,2,0,0
CUS-101546,8,One year,No,Electronic check,No,No,Yes,0,Yes,Yes,39.5,397.04,1,1,0,1
CUS-105314,16,Month-to-month,No,Mailed check,No,No,No,0,Yes,No,22.9,334.37,1,1,0,0
CUS-106307,16,One year,No,Credit card,Yes,Yes,No,0,Yes,No,80.87,1333.64,2,2,0,0
CUS-102852,25,Month-to-month,DSL,Mailed check,No,No internet service,Yes,0,Yes,No,51.91,1204.75,4,3,0,1
CUS-103503,18,Two year,DSL,Mailed check,Yes,No internet service,No internet service,0,No,No,70.92,1591.25,4,1,0,0
CUS-105033,7,Month-to-month,DSL,Credit card,Yes,No,No,0,Yes,No,81.79,750.17,3,4,0,1
CUS-100630,17,Two year,Fiber optic,Credit card,Yes,No,No,0,Yes,Yes,118.97,1673.91,2,2,0,0
CUS-101249,72,One year,Fiber optic,Bank transfer,Yes,No,No internet service,0,No,Yes,105.06,7645.16,5,2,0,0
CUS-104775,48,One year,DSL,Electronic check,No,Yes,No,0,No,No,41.01,2182.8,0,0,0,0
CUS-100482,69,Two year,Fiber optic,Bank transfer,No,Yes,No,0,No,No,108.1,7223.52,2,5,0,0
CUS-101584,50,Month-to-month,Fiber optic,Mailed check,No,Yes,No internet service,0,No,Yes,110.91,5043.04,5,8,0,0
CUS-104676,6,One year,Fiber optic,Credit card,Yes,No,Yes,0,Yes,Yes,117.31,1185.29,5,0,0,0
CUS-101462,42,Month-to-month,Fiber optic,Credit card,Yes,No,No,0,No,No,92.43,3624.22,3,2,0,0
CUS-103040,16,Month-to-month,No,Bank transfer,No,Yes,No,0,Yes,No,68.84,1087.27,5,2,0,1
CUS-105375,19,One year,Fiber optic,Mailed check,No,No,Yes,0,No,No,113.74,2267.9,5,3,0,0
CUS-103273,64,Month-to-month,No,Mailed check,Yes,No,Yes,0,No,No,25.45,1696.94,1,1,0,0
CUS-103683,46,Month-to-month,DSL,Electronic check,Yes,Yes,Yes,0,No,Yes,69.76,2785.55,2,2,0,0
CUS-104145,69,Month-to-month,DSL,Electronic check,No,No,Yes,0,Yes,No,69.71,4567.77,2,0,0,0
CUS-104921,32,Month-to-month,Fiber optic,Credit card,No,Yes,No,0,No,No,112.51,3481.9,4,1,0,0
CUS-103225,4,Two year,No,Electronic check,Yes,No,No,0,No,No,56.49,676.68,0,1,1,0
CUS-101072,58,Month-to-month,Fiber optic,Electronic check,Yes,No,Yes,0,No,No,96.83,5545.12,5,2,0,0
CUS-102631,10,Month-to-month,No,Electronic check,Yes,No,No,0,No,Yes,70.57,1122.76,4,0,0,0
CUS-101660,28,Month-to-month,Fiber optic,Mailed check,Yes,No,Yes,0,Yes,Yes,66.34,1869.66,0,0,0,0
CUS-102425,9,One year,Fiber optic,Electronic check,No,No,No,1,Yes,No,118.68,1397.24,5,0,0,0
CUS-105897,47,Two year,Fiber optic,Mailed check,Yes,Yes,Yes,1,Yes,No,101.71,4975.41,5,2,0,0
CUS-105309,27,Month-to-month,DSL,Credit card,Yes,No,No internet service,0,No,No,24.46,535.29,0,1,0,0
CUS-103097,25,One year,No,Bank transfer,No,No,Yes,0,Yes,Yes,41.8,1002.59,4,0,0,0
CUS-103976,72,Month-to-month,DSL,Mailed check,Yes,Yes,No internet service,0,Yes,No,21.36,1586.72,0,1,0,0
CUS-106259,33,Two year,No,Mailed check,Yes,No internet service,Yes,1,Yes,No,57.35,1914.86,0,0,0,0
CUS-106639,26,One year,Fiber optic,Credit card,Yes,No internet service,No,0,No,No,106.35,2714.26,3,3,0,0
CUS-104965,34,Two year,DSL,Mailed check,No,No,Yes,0,No,No,54.91,1579.82,5,3,0,0
CUS-105543,13,Two year,Fiber optic,Credit card,No,No,No internet service,1,Yes,No,95.1,742.61,4,2,0,0
CUS-101408,51,Month-to-month,No,Electronic check,Yes,No,No,0,Yes,No,52.95,2658.61,1,2,0,0
CUS-101845,30,One year,No,Mailed check,Yes,No,No,0,No,No,75.22,2433.56,2,1,0,0
CUS-101798,72,One year,No,Mailed check,Yes,No internet service,No,0,Yes,Yes,66.56,4625.23,3,2,0,0
CUS-103957,21,One year,Fiber optic,Credit card,No,No,No,0,No,Yes,93.84,2503.84,3,4,0,0
CUS-101475,13,Month-to-month,No,Electronic check,No,No,No,1,Yes,No,78.36,948.44,5,2,1,1
CUS-100035,11,One year,Fiber optic,Mailed check,Yes,Yes,No,0,Yes,No,106.47,1977.66,1,3,0,1
CUS-100444,9,One year,No,Electronic check,Yes,Yes,Yes,0,No,No,75.15,885.16,1,2,0,0
CUS-102359,43,Two year,No,Electronic check,Yes,No internet service,Yes,0,No,Yes,81.53,3822.19,3,5,0,0
CUS-103654,10,One year,No,Bank transfer,Yes,Yes,No internet service,0,Yes,Yes,97.92,728.32,5,3,1,0
CUS-103179,9,Two year,No,Electronic check,No,No internet service,No internet service,0,No,No,57.14,351.73,2,1,0,0
CUS-101286,30,Month-to-month,Fiber optic,Electronic check,No,No,No,0,Yes,No,91.46,3234.07,1,1,0,1
CUS-106488,44,Month-to-month,Fiber optic,Electronic check,No,Yes,Yes,0,Yes,Yes,98.22,4602.88,2,2,0,0
CUS-104445,50,Month-to-month,DSL,Bank transfer,Yes,No,Yes,0,No,No,82.46,4475.82,4,1,0,1
CUS-103416,25,Month-to-month,Fiber optic,Mailed check,No,No internet service,No,0,No,No,111.84,2603.08,5,2,0,1
CUS-102137,25,Two year,No,Bank transfer,No,Yes,No,0,Yes,No,47.95,1297.39,3,0,0,0
CUS-102636,32,Month-to-month,Fiber optic,Electronic check,Yes,No,Yes,0,Yes,No,62.69,2269.6,0,0,0,1
CUS-104016,12,One year,Fiber optic,Credit card,Yes,Yes,No internet service,1,Yes,No,100.99,1510.28,1,2,0,0
CUS-106760,16,Month-to-month,Fiber optic,Credit card,No,Yes,Yes,0,No,Yes,92.42,1587.89,2,5,0,0
CUS-101681,6,Month-to-month,Fiber optic,Bank transfer,Yes,No,Yes,0,Yes,Yes,119.72,940.94,5,4,0,1
CUS-105439,4,Month-to-month,Fiber optic,Bank transfer,No,Yes,No,0,Yes,Yes,111.63,322.76,4,3,1,0
CUS-101692,6,Month-to-month,Fiber optic,Electronic check,Yes,No,Yes,0,Yes,No,120.2,530.51,5,2,0,0
CUS-105154,68,Month-to-month,No,Bank transfer,Yes,Yes,No,0,Yes,Yes,50.18,3382.52,0,1,0,0
CUS-105570,18,One year,No,Bank transfer,Yes,No,No,0,No,Yes,62.47,1231.17,2,0,0,0
CUS-103635,15,Two year,DSL,Credit card,Yes,No internet service,Yes,0,No,No,72.17,1209.36,3,2,0,0
CUS-100372,42,Two year,Fiber optic,Electronic check,Yes,No,No internet service,0,No,No,119.51,4779.46,3,4,0,0
CUS-105369,8,Month-to-month,DSL,Electronic check,Yes,No internet service,No,0,Yes,No,62.21,728.1,4,1,0,1
CUS-106625,72,Two year,DSL,Credit card,Yes,No,No internet service,0,No,No,57.83,3916.48,0,0,0,0
CUS-100140,30,Month-to-month,No,Credit card,Yes,No,Yes,0,No,Yes,67.96,2129.58,3,1,1,0
CUS-104419,23,Month-to-month,DSL,Bank transfer,No,No,No internet service,0,No,No,42.02,968.88,0,0,0,1
CUS-106514,32,One year,DSL,Electronic check,Yes,No,Yes,1,No,No,45.3,1649.33,2,2,0,0
CUS-105992,56,Month-to-month,Fiber optic,Bank transfer,No,Yes,No internet service,0,Yes,Yes,80.17,4532.34,2,2,0,0
CUS-100714,41,Month-to-month,Fiber optic,Electronic check,Yes,No,No,0,No,No,91.72,3509.49,5,1,0,1
CUS-103188,11,Two year,No,Electronic check,Yes,No,No internet service,0,No,No,62.83,715.0,0,1,0,0
CUS-106174,40,Month-to-month,No,Electronic check,No,No internet service,Yes,0,No,Yes,56.7,2259.95,2,2,0,1
CUS-104431,28,Month-to-month,Fiber optic,Mailed check,Yes,No internet service,No,0,Yes,No,104.2,2366.53,3,4,1,0
CUS-104990,11,Month-to-month,Fiber optic,Credit card,Yes,No internet service,Yes,0,No,No,87.68,965.69,4,4,1,1
CUS-100406,57,Two year,Fiber optic,Electronic check,No,Yes,No,0,No,Yes,84.36,5041.64,0,3,0,0
CUS-100020,14,Month-to-month,DSL,Bank transfer,No,No,Yes,0,Yes,Yes,39.94,452.95,0,0,0,1
CUS-101004,6,Two year,Fiber optic,Electronic check,No,Yes,No,0,Yes,No,101.1,1028.57,5,1,0,0
CUS-102411,6,Month-to-month,DSL,Electronic check,Yes,Yes,No,0,No,No,79.55,434.64,5,1,0,1
CUS-102545,25,Two year,DSL,Credit card,No,No,Yes,0,No,Yes,58.39,1641.82,3,0,0,0
CUS-102390,33,One year,Fiber optic,Credit card,Yes,Yes,No,1,No,No,114.52,4176.56,5,2,0,0
CUS-106878,9,One year,DSL,Mailed check,No,No,Yes,0,Yes,No,83.04,1088.0,1,1,0,0
CUS-100042,17,One year,No,Bank transfer,No,Yes,No internet service,0,Yes,Yes,62.68,911.2,2,3,0,0
CUS-102830,29,One year,Fiber optic,Mailed check,Yes,Yes,No internet service,1,No,No,76.8,2084.49,4,0,0,0
CUS-103371,36,Month-to-month,No,Bank transfer,No,No,No,1,No,Yes,67.39,2578.98,4,1,0,0
CUS-103022,39,One year,No,Credit card,Yes,No,No internet service,0,Yes,Yes,48.09,1753.17,1,2,0,0
CUS-103364,17,Two year,No,Electronic check,No,No internet service,No,0,Yes,No,62.8,1167.53,3,1,0,0
CUS-104399,10,Month-to-month,DSL,Electronic check,Yes,No internet service,No,0,No,Yes,79.37,794.75,2,1,0,1
CUS-100011,18,One year,No,Electronic check,Yes,No,Yes,0,No,No,59.11,840.07,1,0,0,0
CUS-104760,66,Two year,No,Electronic check,Yes,Yes,No,0,Yes,No,56.64,3827.25,2,3,0,0
CUS-101177,20,Month-to-month,No,Credit card,No,No,Yes,0,No,No,61.82,1214.31,3,1,0,1
CUS-101947,13,Two year,DSL,Electronic check,Yes,No internet service,No,0,Yes,No,64.18,910.86,5,1,0,0
CUS-102501,10,Two year,No,Electronic check,Yes,Yes,No internet service,0,Yes,No,47.42,469.14,2,0,0,0
CUS-102863,36,One year,Fiber optic,Mailed check,Yes,Yes,Yes,0,No,Yes,120.15,4766.31,4,3,0,0
CUS-103865,16,Two year,DSL,Bank transfer,No,Yes,Yes,0,Yes,Yes,39.75,557.57,0,2,0,0
CUS-101026,36,Two year,No,Credit card,Yes,No,No internet service,0,Yes,Yes,59.33,2384.44,3,0,0,0
CUS-103848,11,Two year,DSL,Bank transfer,Yes,Yes,No,0,No,Yes,37.05,170.72,1,1,0,0
CUS-102989,29,Two year,Fiber optic,Electronic check,Yes,Yes,Yes,0,No,No,98.51,3174.92,4,2,0,0
CUS-100961,13,One year,DSL,Electronic check,Yes,Yes,No,0,Yes,No,85.55,823.18,4,4,0,0
CUS-102889,72,Two year,Fiber optic,Electronic check,Yes,No,No,1,No,No,110.43,7748.1,4,2,0,0
CUS-103015,38,One year,No,Credit card,Yes,Yes,Yes,0,No,Yes,34.84,1239.37,0,1,0,0
CUS-103338,10,Month-to-month,DSL,Bank transfer,No,Yes,No,0,No,Yes,65.28,601.71,4,2,0,0
CUS-104935,6,Month-to-month,No,Electronic check,Yes,No internet service,No,0,No,No,63.01,452.47,5,2,0,1
CUS-100735,22,Two year,No,Credit card,Yes,No,No,1,No,No,37.64,956.93,1,2,0,0
CUS-104400,43,Two year,No,Credit card,Yes,No,No,0,No,No,54.49,2164.79,4,3,0,0
CUS-101440,26,Month-to-month,Fiber optic,Mailed check,Yes,Yes,No,0,Yes,Yes,80.83,1608.93,5,6,0,1
CUS-102875,23,Two year,DSL,Bank transfer,Yes,No,No internet service,0,Yes,No,48.7,870.77,1,0,0,0
CUS-103986,53,Month-to-month,DSL,Credit card,Yes,Yes,No,0,Yes,No,43.69,2280.79,0,0,0,0
CUS-100916,3,Month-to-month,Fiber optic,Electronic check,Yes,No,Yes,0,Yes,No,90.64,45.32,0,1,0,0
CUS-105839,23,Month-to-month,Fiber optic,Electronic check,No,No internet service,No,1,No,No,82.8,2467.51,1,2,0,1
CUS-105455,10,Month-to-month,No,Mailed check,Yes,No,No,0,Yes,Yes,65.12,513.83,2,0,0,0
CUS-104089,11,One year,DSL,Bank transfer,Yes,No,No,0,Yes,No,67.89,923.5,4,0,0,0
CUS-106460,32,Month-to-month,Fiber optic,Credit card,Yes,Yes,No,0,No,No,88.35,2956.24,2,2,0,0
CUS-106884,11,Two year,DSL,Bank transfer,Yes,No,Yes,1,Yes,Yes,64.62,563.63,5,1,0,0
CUS-102772,34,Two year,No,Credit card,Yes,No,No,0,Yes,No,39.59,1268.97,0,0,0,0
CUS-101624,18,Two year,No,Credit card,No,No internet service,Yes,0,Yes,No,49.35,761.59,4,1,1,0
CUS-105545,17,One year,DSL,Mailed check,Yes,No,No,1,No,No,43.44,662.52,0,0,1,1
CUS-100821,36,One year,Fiber optic,Mailed check,Yes,No,No,0,Yes,No,107.02,3706.55,4,3,1,0
CUS-101367,45,Month-to-month,DSL,Bank transfer,No,No internet service,No internet service,0,No,No,64.23,2820.66,3,3,0,1
CUS-103712,16,Month-to-month,DSL,Credit card,Yes,Yes,No,0,No,No,42.78,607.78,2,3,0,0
CUS-106284,13,Two year,DSL,Bank transfer,No,Yes,No,0,No,No,60.61,625.37,2,0,0,0
CUS-100850,22,One year,Fiber optic,Electronic check,Yes,No,No,0,Yes,Yes,91.08,2420.09,1,3,1,1
CUS-101000,14,Month-to-month,Fiber optic,Credit card,No,No,No,0,No,No,94.51,767.77,5,2,0,1
CUS-105193,41,Month-to-month,No,Mailed check,Yes,No,No,1,Yes,No,100.02,4349.86,5,1,0,0
CUS-104114,35,Month-to-month,DSL,Credit card,Yes,No,Yes,0,No,No,51.3,1760.02,1,0,0,0
CUS-101637,28,Month-to-month,No,Electronic check,No,Yes,No,0,Yes,No,72.2,2375.05,3,3,0,0
CUS-101667,24,Month-to-month,Fiber optic,Electronic check,No,No,Yes,0,Yes,No,103.24,2505.07,2,6,0,1
CUS-104589,13,Two year,DSL,Mailed check,No,No,No,1,No,No,72.78,977.85,5,1,0,0
CUS-103173,72,Month-to-month,No,Electronic check,Yes,Yes,Yes,0,Yes,No,52.18,3653.83,1,2,1,0
CUS-105466,11,One year,Fiber optic,Electronic check,No,No,No,0,No,No,85.24,689.39,2,1,0,1
CUS-101347,10,Month-to-month,Fiber optic,Credit card,Yes,Yes,No,0,No,No,109.99,864.24,5,0,0,0
CUS-105460,26,Two year,Fiber optic,Electronic check,No,No internet service,No,0,No,No,114.9,2662.31,4,6,1,0
CUS-103230,39,Month-to-month,Fiber optic,Electronic check,No,No,No,0,No,No,107.69,4104.65,1,0,0,1
CUS-104914,13,Month-to-month,No,Credit card,Yes,No,No internet service,0,No,No,73.98,1293.68,5,1,1,0
CUS-105371,52,Month-to-month,DSL,Bank transfer,No,Yes,No,1,Yes,Yes,58.95,3056.47,3,0,0,1
CUS-104783,35,One year,No,Electronic check,No,No,No internet service,0,Yes,Yes,61.53,2388.46,0,2,0,0
CUS-103232,13,Two year,No,Mailed check,Yes,No,No,0,No,No,59.2,786.55,2,1,1,0
CUS-105723,24,Month-to-month,DSL,Bank transfer,No,No,Yes,0,No,Yes,64.42,1561.47,1,3,0,0
CUS-100703,39,Two year,No,Electronic check,No,No,Yes,1,No,No,40.53,1583.6,1,1,0,0
CUS-106789,39,Month-to-month,DSL,Credit card,No,Yes,Yes,0,Yes,Yes,40.6,1757.21,1,1,0,0
CUS-103291,38,Two year,No,Bank transfer,Yes,No,No,0,Yes,Yes,61.1,2397.67,4,1,0,0
CUS-103673,4,Two year,Fiber optic,Credit card,No,No,No,0,Yes,Yes,72.85,304.78,1,2,0,0
CUS-102408,3,Two year,Fiber optic,Credit card,No,No,No,1,Yes,No,73.02,344.34,5,0,0,0
CUS-101327,34,One year,Fiber optic,Credit card,No,No internet service,No internet service,0,Yes,No,112.13,4181.28,3,2,0,0
CUS-106509,15,Month-to-month,Fiber optic,Mailed check,No,Yes,Yes,0,No,No,120.13,2041.52,5,3,0,0
CUS-105735,25,Month-to-month,DSL,Electronic check,Yes,Yes,No internet service,0,Yes,Yes,79.25,2069.24,5,5,0,1
CUS-104440,40,Two year,DSL,Electronic check,Yes,No internet service,No internet service,1,Yes,Yes,45.12,1760.23,0,1,0,0
CUS-105846,32,Month-to-month,Fiber optic,Electronic check,Yes,No internet service,No,0,Yes,No,99.59,3416.43,5,3,0,0
CUS-100986,7,Two year,Fiber optic,Credit card,Yes,No,No,0,No,No,102.31,893.49,3,4,0,1
CUS-106530,61,Month-to-month,DSL,Credit card,No,No internet service,No,0,No,Yes,88.61,5736.95,4,0,0,0
CUS-106345,61,Two year,Fiber optic,Credit card,No,No,No,0,Yes,No,124.06,7292.3,4,5,0,0
CUS-106016,21,One year,Fiber optic,Mailed check,No,Yes,No,0,No,Yes,119.36,2319.19,5,5,0,1
CUS-105793,28,One year,DSL,Electronic check,Yes,No,Yes,0,Yes,Yes,81.83,2135.38,3,3,0,0
CUS-104049,48,Two year,Fiber optic,Bank transfer,No,No,No,0,No,Yes,114.4,5536.54,4,1,0,0
CUS-103485,26,Month-to-month,Fiber optic,Mailed check,No,Yes,Yes,0,Yes,No,89.38,2255.72,0,2,0,1
CUS-102474,22,Month-to-month,Fiber optic,Mailed check,No,No internet service,Yes,0,No,Yes,111.26,2005.61,5,4,0,1
CUS-103873,38,Month-to-month,Fiber optic,Credit card,Yes,No,No,0,Yes,No,95.15,3371.95,2,4,0,0
CUS-101198,66,One year,DSL,Mailed check,Yes,No,No,0,Yes,Yes,69.57,4875.6,1,2,1,0
CUS-104181,28,Month-to-month,No,Mailed check,Yes,No,No,0,Yes,No,54.38,1431.27,1,3,0,0
CUS-101518,28,One year,Fiber optic,Credit card,No,No,Yes,0,No,No,89.97,3005.95,3,1,0,0
CUS-106552,51,Month-to-month,DSL,Electronic check,Yes,No,No internet service,1,Yes,No,69.66,3723.62,5,1,0,1
CUS-101799,11,Month-to-month,Fiber optic,Bank transfer,No,No internet service,No,0,No,Yes,116.58,1821.83,4,5,0,0
CUS-101014,10,One year,Fiber optic,Electronic check,Yes,Yes,No,0,No,Yes,109.69,1012.3,5,4,1,1
CUS-100128,20,Two year,Fiber optic,Credit card,Yes,No,Yes,0,Yes,Yes,116.97,2372.26,3,4,0,0
CUS-101364,27,Two year,DSL,Credit card,Yes,No internet service,Yes,0,No,Yes,73.85,1771.52,0,1,0,0
CUS-106023,13,Month-to-month,Fiber optic,Electronic check,Yes,Yes,No,1,Yes,No,89.78,1592.75,0,1,0,0
CUS-104470,32,Month-to-month,No,Credit card,No,Yes,Yes,0,Yes,No,42.53,1214.41,0,2,0,0
CUS-100891,49,Month-to-month,No,Electronic check,Yes,No,No,0,Yes,No,48.4,2191.15,1,2,0,0
CUS-102793,23,Two year,DSL,Bank transfer,Yes,No,No internet service,1,No,Yes,86.02,2083.73,5,4,0,0
CUS-105874,34,Month-to-month,DSL,Credit card,No,No internet service,Yes,1,No,No,65.76,2401.2,4,2,0,0
CUS-104403,63,One year,Fiber optic,Bank transfer,Yes,Yes,Yes,1,No,Yes,81.66,5172.6,1,3,1,0
CUS-106661,56,Month-to-month,No,Mailed check,Yes,Yes,Yes,0,Yes,No,78.63,4670.87,3,2,0,0
CUS-106000,70,One year,Fiber optic,Credit card,Yes,Yes,No internet service,0,No,No,77.3,5709.81,0,5,0,0
CUS-103249,51,One year,Fiber optic,Electronic check,No,No,Yes,0,No,No,107.22,5098.68,5,4,0,0
CUS-101208,43,One year,Fiber optic,Credit card,Yes,Yes,No,1,No,Yes,76.06,3479.14,2,0,0,0
CUS-103868,10,Month-to-month,DSL,Bank transfer,Yes,Yes,No,0,No,Yes,90.78,1286.98,5,2,0,1
CUS-106866,36,Two year,DSL,Mailed check,Yes,No internet service,No,0,No,No,86.04,2941.73,5,5,0,0
CUS-104065,35,One year,Fiber optic,Electronic check,No,Yes,No,0,Yes,No,82.61,3140.04,1,8,1,0
CUS-105984,24,Month-to-month,No,Bank transfer,Yes,No,Yes,0,No,No,43.89,1058.63,2,0,0,0
CUS-101239,55,Month-to-month,No,Credit card,No,No internet service,No,0,Yes,Yes,58.08,3471.03,5,3,0,0
CUS-102289,72,Month-to-month,Fiber optic,Electronic check,No,No,Yes,0,Yes,No,133.51,10528.74,5,1,0,1
CUS-102740,41,Two year,DSL,Credit card,No,No,No,1,No,Yes,43.54,1818.07,1,3,0,0
CUS-100275,29,One year,No,Mailed check,No,No internet service,No,0,Yes,No,31.61,938.86,0,0,0,1
CUS-104585,57,Month-to-month,Fiber optic,Electronic check,Yes,No,Yes,0,No,No,99.46,5680.15,5,3,0,1
CUS-101035,23,Two year,No,Electronic check,Yes,Yes,Yes,0,Yes,No,48.88,1105.76,3,0,0,0
CUS-101229,27,Two year,DSL,Mailed check,No,No,Yes,0,Yes,Yes,52.19,1738.5,0,0,0,0
CUS-101008,18,Month-to-month,DSL,Bank transfer,Yes,No,Yes,0,Yes,No,80.53,1317.64,4,1,0,0
CUS-103828,17,One year,DSL,Mailed check,Yes,Yes,No,0,No,No,68.14,1524.04,0,0,0,0
CUS-102532,11,Two year,Fiber optic,Bank transfer,No,No internet service,No internet service,1,No,No,67.94,846.15,0,4,0,0
CUS-104293,28,Month-to-month,Fiber optic,Electronic check,Yes,No,No,0,Yes,Yes,87.15,2387.85,1,3,0,1
CUS-101058,13,Two year,DSL,Bank transfer,Yes,Yes,No,0,No,No,42.83,448.17,3,0,0,0
CUS-105185,50,Two year,DSL,Bank transfer,No,No internet service,No,0,No,No,36.59,1799.17,3,0,0,0
CUS-100281,8,One year,Fiber optic,Credit card,Yes,Yes,No internet service,0,No,No,110.98,1078.46,3,1,0,0
CUS-101043,20,Month-to-month,Fiber optic,Credit card,Yes,Yes,Yes,0,Yes,No,100.21,2458.25,3,2,0,1
CUS-101316,11,Two year,DSL,Electronic check,Yes,No,No,0,No,No,81.24,476.45,5,0,0,0
CUS-100968,14,One year,DSL,Electronic check,No,Yes,No internet service,0,No,Yes,72.59,827.57,5,3,1,0
CUS-102381,55,Month-to-month,No,Credit card,Yes,Yes,No,0,Yes,Yes,67.65,3872.07,3,0,1,0
CUS-106849,34,Month-to-month,No,Bank transfer,Yes,No internet service,No,1,Yes,Yes,58.01,1979.77,1,3,0,0
CUS-101939,7,Month-to-month,No,Mailed check,Yes,No,Yes,0,Yes,Yes,45.32,548.19,4,2,0,0
CUS-105019,19,Month-to-month,Fiber optic,Credit card,No,Yes,No,0,No,No,99.3,1911.5,5,3,0,0
CUS-101274,28,One year,Fiber optic,Electronic check,No,No internet service,Yes,1,Yes,No,84.37,2316.11,2,2,0,0
CUS-100619,37,One year,DSL,Mailed check,No,Yes,No,0,No,Yes,48.06,1644.89,0,0,0,0
CUS-105079,4,Two year,DSL,Electronic check,Yes,No,Yes,0,Yes,Yes,57.1,119.28,5,3,1,0
CUS-101742,15,Month-to-month,Fiber optic,Bank transfer,Yes,No internet service,No,1,Yes,No,92.0,1185.43,4,3,0,1
CUS-101390,27,Month-to-month,No,Bank transfer,Yes,No,No internet service,0,No,Yes,72.61,1770.69,5,1,0,0
CUS-105696,8,Month-to-month,No,Credit card,Yes,Yes,No,0,No,No,39.44,457.24,0,1,0,0
CUS-101579,7,Month-to-month,No,Electronic check,No,No,Yes,0,Yes,No,49.21,240.81,1,1,0,1
CUS-101655,35,Month-to-month,Fiber optic,Credit card,Yes,No,Yes,1,No,No,124.67,4711.07,4,7,0,1
CUS-103568,42,Two year,Fiber optic,Electronic check,Yes,Yes,Yes,0,No,Yes,120.91,5378.43,4,4,1,0
CUS-102352,30,Month-to-month,DSL,Bank transfer,Yes,No,No,0,Yes,No,59.73,1697.65,1,0,0,0
CUS-102212,33,One year,Fiber optic,Credit card,No,No,No,0,No,Yes,88.74,2445.81,0,2,0,0
CUS-106958,3,One year,No,Bank transfer,Yes,No,Yes,0,Yes,No,61.76,38.63,1,1,1,0
CUS-103178,12,Month-to-month,Fiber optic,Electronic check,No,No,Yes,1,Yes,Yes,130.64,2074.61,3,5,0,1
CUS-103192,15,Month-to-month,Fiber optic,Electronic check,Yes,No internet service,No,0,No,No,112.63,1266.79,2,4,0,1
CUS-101307,15,One year,Fiber optic,Mailed check,Yes,Yes,No,1,No,No,89.32,1053.25,1,5,0,1
CUS-100575,49,One year,Fiber optic,Credit card,No,No,Yes,0,No,Yes,102.6,4600.07,3,2,0,0
CUS-102360,20,Month-to-month,Fiber optic,Credit card,Yes,Yes,Yes,0,Yes,No,91.56,1546.21,1,3,1,1
CUS-101280,48,Two year,Fiber optic,Electronic check,Yes,No,No,0,No,No,65.99,3052.78,4,3,0,0
CUS-105690,18,Two year,Fiber optic,Electronic check,No,No,Yes,0,No,No,79.88,1199.58,1,2,0,0
CUS-105790,21,Month-to-month,Fiber optic,Electronic check,Yes,No internet service,No,0,Yes,No,84.94,2022.58,1,2,1,1
CUS-101993,29,One year,Fiber optic,Bank transfer,Yes,No,Yes,0,Yes,Yes,65.55,1979.79,1,1,0,0
CUS-102639,38,Two year,DSL,Electronic check,Yes,Yes,Yes,0,Yes,Yes,46.11,1665.67,2,3,0,0
CUS-100269,6,Month-to-month,No,Credit card,No,Yes,No internet service,0,Yes,Yes,61.54,380.24,1,3,0,1
CUS-100629,24,Month-to-month,Fiber optic,Mailed check,No,No,Yes,0,No,Yes,88.58,2032.96,4,2,0,1
CUS-105176,41,Month-to-month,DSL,Mailed check,Yes,No internet service,No,0,No,No,57.55,2305.54,3,1,0,0
CUS-103081,29,Month-to-month,Fiber optic,Mailed check,No,Yes,Yes,0,Yes,No,67.73,1620.36,2,0,0,1
CUS-103466,14,Month-to-month,Fiber optic,Electronic check,Yes,No internet service,Yes,0,Yes,No,104.6,1278.9,4,3,0,1
CUS-106106,32,One year,No,Electronic check,Yes,No,No internet service,0,No,No,31.55,1086.98,0,1,0,0
CUS-104396,5,Month-to-month,No,Mailed check,Yes,Yes,No,0,Yes,No,73.94,206.22,5,6,0,1
CUS-104023,72,Month-to-month,DSL,Credit card,No,No internet service,No internet service,0,Yes,No,72.45,5295.38,4,2,0,0
CUS-106627,42,One year,No,Credit card,No,No,No internet service,0,Yes,No,84.22,3778.13,5,1,1,0
CUS-102046,49,Month-to-month,DSL,Bank transfer,Yes,No,Yes,0,Yes,No,82.0,4425.86,4,3,0,0
CUS-104356,14,One year,Fiber optic,Mailed check,Yes,No internet service,No,0,Yes,Yes,97.28,1889.07,5,3,0,0
CUS-105492,31,Month-to-month,Fiber optic,Electronic check,Yes,No,No,0,No,No,92.92,2670.84,1,2,0,1
CUS-102113,4,One year,Fiber optic,Mailed check,Yes,No internet service,No,0,No,No,104.02,52.01,0,4,0,1
CUS-100027,20,Two year,DSL,Credit card,Yes,No,Yes,0,No,Yes,64.03,1020.77,3,3,0,0
CUS-102040,13,Month-to-month,DSL,Electronic check,Yes,No,No internet service,0,No,Yes,18.0,179.38,0,2,1,0
CUS-103928,72,Month-to-month,No,Credit card,No,Yes,No internet service,0,No,Yes,77.64,5072.75,3,2,0,0
CUS-106321,10,Month-to-month,Fiber optic,Electronic check,Yes,No,No internet service,0,No,Yes,90.23,724.99,2,2,0,1
CUS-103216,27,Two year,DSL,Electronic check,Yes,No,No,0,No,No,62.25,1594.37,3,1,0,0
CUS-106515,30,Month-to-month,Fiber optic,Bank transfer,Yes,Yes,No internet service,0,Yes,No,66.54,2231.99,0,0,0,1
CUS-103814,12,One year,Fiber optic,Credit card,Yes,No,Yes,1,Yes,No,66.17,734.88,0,0,0,0
CUS-100129,34,One year,DSL,Mailed check,No,No,No,0,Yes,No,53.69,1711.89,3,2,0,0
CUS-105179,2,One year,No,Electronic check,No,No internet service,Yes,0,No,No,77.66,38.83,5,2,0,0
CUS-106869,72,Two year,Fiber optic,Mailed check,Yes,Yes,No,0,No,Yes,105.13,8151.85,2,1,0,0
CUS-104599,22,One year,DSL,Electronic check,No,No internet service,Yes,0,Yes,No,47.61,1074.06,3,1,0,0
CUS-100013,33,Month-to-month,No,Mailed check,Yes,No internet service,No internet service,1,Yes,Yes,50.25,1623.83,3,1,0,0
CUS-106001,30,One year,DSL,Bank transfer,No,No,No,0,Yes,Yes,76.11,1561.56,4,1,0,0
CUS-104476,5,Month-to-month,DSL,Bank transfer,Yes,No,No,0,No,No,33.83,90.9,0,0,0,0
CUS-101525,5,Month-to-month,Fiber optic,Electronic check,Yes,No,No internet service,0,No,Yes,100.81,100.12,4,1,0,1
CUS-102365,45,Two year,DSL,Credit card,Yes,Yes,No,0,Yes,Yes,98.31,3905.13,5,1,0,0
CUS-104648,33,Month-to-month,Fiber optic,Bank transfer,Yes,No,No,0,Yes,No,71.15,2115.6,2,2,0,0
CUS-103052,42,One year,No,Electronic check,No,No,No internet service,0,Yes,No,33.72,1468.6,3,3,0,0
CUS-104005,37,One year,No,Electronic check,Yes,Yes,No,0,Yes,No,92.05,3549.39,2,4,0,0
CUS-102340,43,Month-to-month,DSL,Electronic check,Yes,No,No,1,Yes,No,58.28,2401.16,4,2,0,1
CUS-100374,48,One year,Fiber optic,Mailed check,No,No internet service,No,0,No,Yes,103.07,5113.52,5,1,1,1
CUS-105097,49,Two year,DSL,Bank transfer,Yes,No internet service,No internet service,0,Yes,No,71.56,3301.87,3,0,0,0
CUS-106012,28,Month-to-month,DSL,Mailed check,Yes,No,Yes,0,No,No,49.21,1513.23,0,2,0,0
CUS-100939,13,Two year,No,Bank transfer,Yes,No,No,0,No,No,54.95,999.43,1,3,1,0
CUS-106696,72,Month-to-month,No,Bank transfer,No,Yes,Yes,0,Yes,No,55.59,4007.81,4,1,0,0
CUS-104573,25,One year,No,Electronic check,No,No,Yes,0,No,Yes,75.86,2098.93,2,4,0,0
CUS-102147,11,Two year,Fiber optic,Mailed check,Yes,No,No,1,Yes,Yes,113.27,1381.23,5,4,0,0
CUS-103591,9,One year,Fiber optic,Credit card,No,No,No,0,No,No,70.14,793.2,1,2,0,0
CUS-105528,30,One year,DSL,Mailed check,No,No,No,0,Yes,No,42.57,1426.97,0,1,0,0
CUS-106928,11,Two year,Fiber optic,Bank transfer,No,No,Yes,0,Yes,No,98.84,1264.71,0,4,0,1
CUS-105882,23,Two year,No,Bank transfer,Yes,Yes,No,0,No,Yes,40.51,1046.79,4,1,0,0
CUS-103623,20,One year,DSL,Electronic check,Yes,No internet service,No,1,No,No,69.71,1492.18,4,2,1,0
CUS-100529,28,Month-to-month,No,Bank transfer,No,No,No,0,No,No,50.37,1502.09,5,1,0,0
CUS-103714,22,One year,DSL,Electronic check,No,Yes,Yes,0,Yes,No,34.74,663.53,2,2,0,1
CUS-104732,18,Month-to-month,Fiber optic,Bank transfer,Yes,Yes,No internet service,0,No,No,96.7,1825.59,2,3,0,0
CUS-101269,71,Month-to-month,DSL,Bank transfer,Yes,No,No,0,Yes,No,42.36,3105.03,4,0,1,0
CUS-104281,53,One year,No,Credit card,Yes,Yes,No,0,No,No,55.71,3155.33,2,4,0,0
CUS-101394,16,One year,DSL,Mailed check,No,No,No,1,Yes,No,41.44,526.86,1,1,0,0
CUS-104850,36,Month-to-month,No,Credit card,No,No,No,0,Yes,No,72.04,2695.0,1,2,0,0
CUS-104009,11,Month-to-month,Fiber optic,Bank transfer,No,Yes,No,0,No,Yes,110.08,939.76,3,4,0,0
CUS-104390,23,Month-to-month,Fiber optic,Credit card,Yes,Yes,No,0,No,No,121.46,2865.78,5,2,0,1
CUS-101797,50,One year,Fiber optic,Electronic check,No,No,No,0,No,No,106.02,5404.89,3,1,0,0
CUS-102979,16,Month-to-month,DSL,Bank transfer,Yes,Yes,No internet service,0,No,No,40.48,508.98,3,0,0,0
CUS-101441,25,Month-to-month,Fiber optic,Electronic check,Yes,No,No internet service,0,No,Yes,90.13,2309.89,3,1,0,1
CUS-105228,28,One year,DSL,Credit card,Yes,No,No internet service,1,No,No,50.0,1308.0,3,0,0,0
CUS-106818,24,Two year,DSL,Electronic check,Yes,Yes,Yes,0,No,No,50.71,1560.6,3,1,0,0
CUS-103811,18,Month-to-month,Fiber optic,Mailed check,Yes,Yes,No internet service,0,No,Yes,126.92,2199.04,5,2,0,1
CUS-101273,39,One year,Fiber optic,Bank transfer,No,No,Yes,0,No,No,77.61,2803.61,4,1,1,0
CUS-104703,69,Month-to-month,DSL,Electronic check,No,Yes,No,0,No,No,45.11,3238.69,0,0,0,0
CUS-101712,72,Two year,Fiber optic,Electronic check,Yes,No,No internet service,0,No,Yes,98.23,6991.06,0,1,0,0
CUS-100955,10,Month-to-month,No,Bank transfer,Yes,Yes,No,1,No,No,83.32,874.13,5,3,0,1
CUS-105174,49,Month-to-month,No,Bank transfer,No,No,No,0,Yes,No,44.7,2154.0,4,1,0,0
CUS-105590,16,Month-to-month,Fiber optic,Bank transfer,No,No,No internet service,0,No,No,126.36,1837.35,5,6,1,1
CUS-106183,28,Month-to-month,DSL,Electronic check,No,No,No,0,No,No,55.71,1641.02,4,1,1,1
CUS-106423,19,Two year,No,Electronic check,Yes,Yes,No internet service,1,No,No,48.82,1084.7,1,2,0,0
CUS-100403,49,Month-to-month,DSL,Electronic check,Yes,No internet service,Yes,0,No,No,37.61,1817.25,0,2,0,0
CUS-102071,16,Month-to-month,DSL,Electronic check,No,No internet service,Yes,0,No,No,53.19,836.27,4,1,0,0
CUS-106645,33,Month-to-month,DSL,Electronic check,Yes,No,Yes,1,Yes,No,30.41,1061.85,0,0,0,0
CUS-101977,54,Month-to-month,DSL,Credit card,No,No internet service,No,0,Yes,Yes,44.87,2630.09,0,0,0,1
CUS-100158,72,One year,Fiber optic,Mailed check,Yes,No,No,0,Yes,No,90.89,7111.54,4,2,0,0
CUS-103888,61,Two year,Fiber optic,Electronic check,Yes,Yes,Yes,0,No,Yes,70.39,4828.5,0,0,0,1
CUS-100902,17,One year,No,Mailed check,No,Yes,No,0,Yes,No,37.12,485.47,0,0,0,0
CUS-100352,2,Month-to-month,Fiber optic,Bank transfer,No,No internet service,No,0,No,No,105.89,52.94,4,3,1,1
CUS-104540,33,One year,DSL,Credit card,No,No,No,0,No,Yes,68.44,2498.2,3,0,0,0
CUS-104130,37,Month-to-month,Fiber optic,Credit card,No,No,Yes,0,Yes,No,105.91,4048.58,1,2,0,1
CUS-100754,3,Month-to-month,DSL,Mailed check,Yes,Yes,Yes,1,No,Yes,77.32,38.66,3,2,1,1
CUS-102971,68,Two year,Fiber optic,Bank transfer,Yes,No,No,0,Yes,No,121.42,7875.45,5,2,0,0
CUS-106965,17,Month-to-month,Fiber optic,Mailed check,No,No,Yes,0,Yes,No,89.04,1876.18,1,3,1,0
CUS-102920,52,Two year,DSL,Bank transfer,No,No,No,0,Yes,No,53.21,2850.89,3,0,0,0
CUS-100311,41,One year,Fiber optic,Bank transfer,Yes,No internet service,Yes,0,Yes,No,100.9,3925.33,1,3,0,0
CUS-104644,14,Month-to-month,DSL,Electronic check,Yes,No,No,0,Yes,No,65.39,1315.6,2,1,0,1
CUS-100661,16,Two year,No,Credit card,Yes,Yes,No,0,No,No,69.6,1457.63,2,0,0,0
CUS-101989,40,Month-to-month,Fiber optic,Electronic check,Yes,No,Yes,0,Yes,No,102.38,4342.54,1,4,0,0
CUS-103665,18,Two year,DSL,Credit card,No,No,No,0,No,No,53.32,1012.32,0,1,0,0
CUS-100306,42,Two year,Fiber optic,Bank transfer,Yes,Yes,No,0,Yes,Yes,106.75,4488.98,4,2,0,0
CUS-102335,52,One year,No,Electronic check,No,Yes,No,0,No,No,56.86,2994.48,3,3,0,0
CUS-104790,16,Month-to-month,No,Bank transfer,Yes,Yes,No,0,Yes,Yes,43.74,696.48,2,3,0,0
CUS-102356,72,Month-to-month,Fiber optic,Electronic check,Yes,No,No,0,No,No,110.45,8329.92,4,0,0,0
CUS-103702,27,One year,Fiber optic,Bank transfer,Yes,No,No,0,No,No,94.47,2570.38,3,1,0,0
CUS-103804,12,Month-to-month,DSL,Credit card,No,Yes,No internet service,0,No,No,75.41,1119.72,2,3,0,1
CUS-101927,26,One year,Fiber optic,Credit card,No,Yes,No,0,No,No,115.39,2815.98,1,3,1,1
CUS-106185,14,Month-to-month,Fiber optic,Credit card,No,Yes,No,0,No,No,135.36,2302.01,5,1,0,0
CUS-103427,21,Month-to-month,DSL,Bank transfer,No,No,No,0,Yes,Yes,53.12,1092.84,2,2,1,0
CUS-100749,31,Two year,DSL,Mailed check,No,No,Yes,0,No,No,90.09,3361.06,4,2,0,0
CUS-103638,28,Two year,DSL,Credit card,Yes,Yes,No internet service,0,No,Yes,39.07,985.27,0,0,0,0
CUS-106584,41,Month-to-month,Fiber optic,Bank transfer,No,Yes,No internet service,0,Yes,No,100.97,4166.44,5,3,1,1
CUS-101266,44,One year,DSL,Credit card,No,No,No,0,No,No,74.42,3068.15,2,2,0,0
CUS-105307,8,Month-to-month,No,Electronic check,Yes,No internet service,No,0,Yes,No,61.11,295.93,3,3,0,0
CUS-106621,72,One year,DSL,Credit card,Yes,No,No,0,No,No,52.94,3755.08,2,0,0,0
CUS-103595,27,Two year,No,Mailed check,No,No,No,0,No,No,86.32,2395.54,4,1,0,0
CUS-102134,71,Two year,No,Bank transfer,Yes,No internet service,No internet service,0,No,Yes,52.01,3793.78,3,1,0,0
CUS-104109,6,One year,DSL,Mailed check,Yes,No,No,0,Yes,Yes,73.05,798.84,2,1,0,0
CUS-104969,52,Month-to-month,DSL,Bank transfer,Yes,No,Yes,0,Yes,Yes,59.74,3029.32,1,1,0,0
CUS-104904,8,Month-to-month,Fiber optic,Mailed check,Yes,Yes,No,0,No,No,99.45,1014.84,3,1,0,0
CUS-100514,2,Month-to-month,DSL,Electronic check,Yes,No,No,1,Yes,No,85.06,177.99,5,3,0,1
CUS-106253,14,One year,Fiber optic,Bank transfer,Yes,Yes,No internet service,0,No,No,90.99,1567.69,2,4,0,0
CUS-100409,21,Month-to-month,No,Bank transfer,Yes,No,No,0,No,No,43.0,866.0,0,0,0,0
CUS-106473,45,Month-to-month,Fiber optic,Bank transfer,Yes,No internet service,No internet service,0,Yes,No,81.96,3231.97,0,5,0,1
CUS-106971,50,Month-to-month,DSL,Mailed check,No,Yes,No,0,No,Yes,59.1,2783.14,3,2,0,0
CUS-106921,41,One year,No,Electronic check,No,No,No,0,No,No,65.56,2525.55,5,2,1,0
CUS-106062,8,Two year,Fiber optic,Credit card,Yes,Yes,No internet service,0,No,No,85.43,504.36,1,2,0,0
CUS-100207,41,Month-to-month,DSL,Electronic check,No,Yes,No internet service,0,Yes,No,39.34,1712.91,1,1,0,0
CUS-100458,37,Month-to-month,Fiber optic,Credit card,No,Yes,No,0,Yes,No,116.61,4273.56,4,2,0,0
CUS-102054,21,Month-to-month,DSL,Credit card,No,Yes,No internet service,0,No,No,89.33,1481.21,5,1,0,1
CUS-102430,16,Month-to-month,Fiber optic,Bank transfer,Yes,No internet service,No internet service,0,Yes,No,102.06,1616.0,5,6,0,1
CUS-100250,19,Two year,DSL,Credit card,Yes,Yes,Yes,0,No,No,34.36,639.78,1,2,0,0
CUS-105974,8,One year,DSL,Electronic check,No,No,No,1,No,No,44.18,345.35,2,1,0,0
CUS-101107,24,Month-to-month,No,Bank transfer,No,No,Yes,0,No,Yes,68.16,1939.63,2,2,0,0
CUS-105673,28,Month-to-month,DSL,Bank transfer,Yes,No,No,0,No,No,49.18,1484.11,4,1,0,0
CUS-101713,63,Two year,DSL,Credit card,No,No,No internet service,0,Yes,No,78.36,5142.61,5,1,1,0
CUS-103911,24,Two year,DSL,Electronic check,Yes,Yes,No,0,No,No,64.74,1610.62,5,1,0,0
CUS-100715,11,One year,No,Credit card,No,No internet service,No,0,No,Yes,69.67,601.58,3,6,0,0
CUS-100552,36,Two year,DSL,Electronic check,No,Yes,Yes,0,Yes,Yes,79.51,3239.24,3,0,0,0
CUS-101439,16,Month-to-month,Fiber optic,Bank transfer,Yes,Yes,No,0,Yes,No,102.84,1530.51,1,2,0,1
CUS-102270,0,Two year,Fiber optic,Credit card,No,No,No,0,Yes,No,104.47,131.8,2,1,0,0
CUS-103144,26,Month-to-month,DSL,Credit card,Yes,No,No,0,No,Yes,79.41,2506.93,5,1,0,0
CUS-106678,24,One year,No,Electronic check,No,Yes,No,0,Yes,No,74.59,2001.34,3,4,1,0
CUS-101925,61,One year,No,Electronic check,No,No,No,0,Yes,No,47.66,2885.33,1,0,0,0
CUS-100634,39,Month-to-month,Fiber optic,Credit card,Yes,No,No,0,No,No,76.76,2879.61,1,2,1,1
CUS-100316,18,One year,DSL,Mailed check,No,Yes,No internet service,0,Yes,No,69.76,1422.03,3,2,1,1
CUS-106568,19,Two year,Fiber optic,Bank transfer,Yes,No internet service,No,0,No,Yes,100.12,1824.65,4,5,0,0
CUS-100427,72,Month-to-month,DSL,Electronic check,No,No,No internet service,0,No,No,70.17,5375.25,5,2,0,1
CUS-105186,49,Month-to-month,No,Electronic check,Yes,Yes,No,0,No,No,47.23,2348.79,1,0,0,0
CUS-100105,25,Two year,Fiber optic,Electronic check,Yes,No internet service,No,0,No,No,88.14,2156.91,0,3,0,0
CUS-103041,31,Month-to-month,No,Electronic check,Yes,No,No,1,No,No,88.67,2942.45,5,2,0,0
CUS-104238,27,One year,Fiber optic,Electronic check,Yes,Yes,No,0,No,No,119.58,2987.91,5,1,0,0
CUS-102169,22,Month-to-month,No,Bank transfer,Yes,Yes,No,1,Yes,Yes,64.43,1368.41,4,1,0,1
CUS-101709,18,Month-to-month,No,Electronic check,No,Yes,No internet service,0,Yes,Yes,46.45,1000.71,0,0,0,0
CUS-100089,58,One year,DSL,Electronic check,No,Yes,No,0,No,No,38.51,2319.93,1,1,0,0
CUS-102241,22,Month-to-month,No,Bank transfer,No,Yes,No,1,No,No,78.2,1636.38,4,4,0,1
CUS-103174,27,Month-to-month,Fiber optic,Electronic check,No,No,No,1,Yes,No,84.2,2059.52,4,6,1,0
CUS-105218,35,Month-to-month,DSL,Electronic check,Yes,No,No,0,Yes,No,85.48,2935.33,5,1,0,0
CUS-101949,51,Month-to-month,DSL,Bank transfer,Yes,Yes,No,0,Yes,Yes,59.04,2843.26,3,1,0,0
CUS-104044,11,Month-to-month,DSL,Mailed check,No,No internet service,No,1,Yes,No,67.3,944.29,3,1,1,1
CUS-102848,6,One year,Fiber optic,Credit card,No,No,No,1,No,Yes,108.53,484.19,4,4,0,1
CUS-100001,41,One year,No,Credit card,No,No,No,1,No,No,79.97,3231.86,3,0,0,0
CUS-104337,15,Two year,Fiber optic,Credit card,No,No,No,0,Yes,No,58.23,1161.08,0,0,0,0
CUS-100935,27,Two year,No,Credit card,Yes,No internet service,No internet service,0,Yes,No,64.92,1506.06,4,1,0,0
CUS-106142,21,One year,Fiber optic,Credit card,No,Yes,Yes,0,No,No,120.67,3085.87,4,1,0,0
CUS-102720,38,Month-to-month,DSL,Electronic check,Yes,Yes,No,1,No,Yes,52.19,2258.1,1,2,0,0
CUS-100591,44,Month-to-month,Fiber optic,Credit card,Yes,Yes,No,0,No,No,80.18,3274.68,3,2,0,0
CUS-105245,7,Month-to-month,DSL,Credit card,Yes,Yes,No,0,No,Yes,62.93,190.03,1,2,0,1
CUS-102936,45,Month-to-month,No,Mailed check,Yes,No internet service,No,0,No,No,51.86,2344.89,1,0,0,0
CUS-102448,30,Two year,DSL,Electronic check,No,No,No,0,No,Yes,66.62,1895.12,3,1,0,0
CUS-101576,33,One year,Fiber optic,Electronic check,Yes,Yes,No,0,No,No,79.57,2535.09,1,0,0,0
CUS-105842,23,Month-to-month,DSL,Mailed check,Yes,Yes,Yes,0,No,Yes,53.6,1278.57,4,1,0,0
CUS-100213,15,Month-to-month,DSL,Electronic check,Yes,No,No,0,Yes,No,48.04,566.09,0,2,0,1
CUS-100778,28,Two year,No,Bank transfer,Yes,Yes,Yes,0,Yes,Yes,67.17,2101.65,5,1,0,0
CUS-103496,27,Two year,DSL,Credit card,No,No,Yes,0,Yes,Yes,48.93,1088.91,1,2,0,0
CUS-105487,37,Month-to-month,Fiber optic,Credit card,Yes,No,No internet service,1,No,No,50.8,1709.66,0,1,0,0
CUS-102043,15,Month-to-month,Fiber optic,Bank transfer,Yes,No internet service,No internet service,0,Yes,Yes,72.54,1056.63,3,1,0,1
CUS-106341,51,Month-to-month,DSL,Mailed check,Yes,No internet service,No internet service,0,Yes,Yes,72.02,3767.57,5,3,0,1
CUS-101567,36,Month-to-month,DSL,Credit card,No,No internet service,No internet service,1,Yes,No,67.72,2550.01,4,0,0,1
CUS-100165,41,Month-to-month,Fiber optic,Electronic check,Yes,Yes,No,0,No,No,78.33,3365.32,5,2,0,0
CUS-104702,38,Two year,Fiber optic,Bank transfer,Yes,Yes,Yes,0,Yes,No,126.38,4749.97,5,3,0,0
CUS-103566,29,Month-to-month,No,Bank transfer,Yes,No internet service,No,0,Yes,Yes,69.94,2069.53,3,2,0,1
CUS-105352,27,One year,Fiber optic,Electronic check,Yes,No,Yes,0,No,No,107.18,2723.45,2,4,1,1
CUS-106650,9,Two year,DSL,Credit card,Yes,No,Yes,1,Yes,No,74.33,717.96,2,3,0,0
CUS-102013,30,Month-to-month,Fiber optic,Electronic check,No,No,No,0,Yes,Yes,71.86,2254.27,1,1,0,0
CUS-100273,30,One year,Fiber optic,Electronic check,No,No,Yes,0,No,Yes,90.98,2721.85,4,1,0,0
CUS-103860,11,Month-to-month,No,Bank transfer,Yes,No internet service,No,0,Yes,No,60.99,423.13,3,3,0,1
CUS-104167,17,One year,No,Credit card,Yes,No internet service,No,0,No,Yes,73.96,1177.68,3,1,0,1
CUS-105582,19,One year,No,Electronic check,No,No,No internet service,0,No,No,83.61,1040.87,3,3,0,0
CUS-103788,18,Month-to-month,No,Credit card,No,No,No,0,Yes,No,45.81,982.4,2,0,0,0
CUS-100394,24,Month-to-month,Fiber optic,Mailed check,No,No,Yes,0,Yes,No,85.86,1739.64,1,3,0,0
CUS-100583,12,Two year,DSL,Credit card,Yes,No,No internet service,0,No,Yes,58.87,780.83,5,1,1,0
CUS-106977,32,Month-to-month,Fiber optic,Credit card,No,Yes,No,0,Yes,No,106.09,3643.3,5,3,1,0
CUS-106484,23,One year,Fiber optic,Electronic check,Yes,Yes,No,0,No,No,63.48,1534.76,0,3,0,0
CUS-105751,19,One year,DSL,Bank transfer,Yes,No,No,0,Yes,Yes,27.2,359.99,2,1,0,1
CUS-106689,33,Month-to-month,Fiber optic,Electronic check,No,No,No,0,No,No,72.48,2491.56,3,2,0,1
CUS-100520,43,Month-to-month,Fiber optic,Mailed check,Yes,No,Yes,0,No,Yes,85.96,3450.37,3,1,0,0
CUS-101763,46,Two year,Fiber optic,Bank transfer,Yes,No internet service,Yes,0,Yes,No,98.74,4345.23,4,4,0,0
CUS-101875,23,Two year,Fiber optic,Bank transfer,Yes,No internet service,No,1,No,No,63.54,1262.15,2,3,0,0
CUS-103965,22,Month-to-month,DSL,Mailed check,No,No internet service,No,0,No,No,74.66,1603.44,4,1,0,0
CUS-103344,17,Month-to-month,DSL,Credit card,Yes,No,Yes,0,Yes,No,62.87,1486.68,2,1,0,0
CUS-102253,6,Month-to-month,Fiber optic,Electronic check,Yes,Yes,Yes,0,No,No,138.65,1332.55,4,3,1,0
CUS-103224,28,One year,Fiber optic,Bank transfer,No,No internet service,Yes,0,No,Yes,82.88,1821.0,2,2,0,0
CUS-100526,8,Two year,Fiber optic,Bank transfer,No,Yes,No,1,Yes,No,123.36,945.79,5,1,0,0
CUS-102946,69,Month-to-month,Fiber optic,Electronic check,No,No,No internet service,1,Yes,No,112.1,7587.15,5,3,0,1
CUS-104473,41,Month-to-month,No,Credit card,No,No,Yes,0,Yes,Yes,51.81,1999.62,2,2,0,0
CUS-103899,2,One year,Fiber optic,Bank transfer,No,Yes,No,0,No,No,62.64,278.75,0,6,1,0
CUS-100692,27,Two year,No,Credit card,Yes,No,No,0,No,Yes,77.83,2026.37,4,0,0,0
CUS-106610,20,Month-to-month,Fiber optic,Bank transfer,No,No,No internet service,1,No,No,112.99,2025.89,4,1,0,0
CUS-104444,19,Month-to-month,DSL,Mailed check,No,No,No internet service,0,Yes,No,49.84,990.19,1,0,0,1
CUS-103633,20,Month-to-month,DSL,Credit card,Yes,No,No,0,No,No,66.74,1326.24,1,2,0,0
CUS-101050,29,One year,DSL,Mailed check,No,Yes,No internet service,0,Yes,No,72.26,2389.81,4,2,0,0
CUS-100590,33,One year,DSL,Electronic check,No,No internet service,Yes,0,No,No,68.15,2175.81,1,1,0,0
CUS-100519,48,One year,DSL,Mailed check,Yes,No,Yes,0,Yes,No,67.03,3128.08,4,3,0,0
CUS-103380,6,Month-to-month,Fiber optic,Bank transfer,Yes,No,No,0,Yes,No,102.18,382.02,0,6,0,1
CUS-103676,18,Two year,Fiber optic,Electronic check,Yes,No,Yes,0,No,No,86.21,1622.66,2,2,0,0
CUS-105823,72,Month-to-month,DSL,Bank transfer,Yes,Yes,No internet service,0,Yes,No,47.76,3645.65,1,0,1,0
CUS-101607,9,Month-to-month,Fiber optic,Electronic check,Yes,No,No,0,No,No,113.25,1194.58,1,0,0,1
CUS-103610,17,Two year,Fiber optic,Electronic check,Yes,Yes,Yes,0,Yes,Yes,106.09,1313.18,3,0,0,0
CUS-106675,34,One year,Fiber optic,Electronic check,No,No internet service,Yes,0,No,No,60.02,2556.14,1,0,0,0
CUS-101809,18,One year,No,Bank transfer,Yes,Yes,Yes,0,No,No,49.88,921.42,4,2,0,0
CUS-100791,13,Month-to-month,DSL,Mailed check,No,Yes,No,1,No,Yes,71.79,685.88,3,4,0,1
CUS-100792,34,Month-to-month,DSL,Bank transfer,Yes,No,No,0,Yes,No,46.63,1513.48,2,1,1,0
CUS-106644,17,Month-to-month,Fiber optic,Electronic check,Yes,Yes,No,1,No,No,133.83,2253.32,5,3,0,1
CUS-101855,17,Two year,Fiber optic,Mailed check,Yes,No internet service,No,0,No,Yes,87.01,1129.2,3,0,0,0
CUS-101980,38,Month-to-month,Fiber optic,Credit card,Yes,No,Yes,1,No,Yes,87.81,3238.73,1,2,0,0
CUS-103233,49,Two year,DSL,Credit card,Yes,Yes,No,0,No,No,86.06,3868.53,3,1,0,0
CUS-103598,27,Two year,Fiber optic,Bank transfer,No,No internet service,Yes,0,No,No,141.25,3687.94,4,6,1,0
CUS-100933,5,One year,Fiber optic,Electronic check,Yes,No,No internet service,0,No,Yes,82.29,439.8,2,5,0,0
CUS-103963,34,Month-to-month,No,Electronic check,No,Yes,No,0,Yes,Yes,94.93,3405.74,5,1,1,1
CUS-105195,30,Two year,Fiber optic,Credit card,No,No,No,0,Yes,No,112.68,3517.56,5,1,0,0
CUS-106494,13,Month-to-month,Fiber optic,Mailed check,Yes,Yes,No,1,No,No,90.28,1491.74,0,2,0,1
CUS-104179,53,Month-to-month,No,Electronic check,Yes,Yes,Yes,0,Yes,No,39.95,2176.54,2,1,1,0
CUS-104026,16,Month-to-month,DSL,Bank transfer,No,No,No,0,No,Yes,84.72,1203.17,5,4,0,0
CUS-106192,14,One year,Fiber optic,Electronic check,No,No,No,0,No,Yes,65.51,1049.28,3,1,0,0
CUS-104116,52,Two year,Fiber optic,Credit card,Yes,No,No,0,No,No,72.31,3762.25,0,0,0,0
CUS-100988,47,Month-to-month,Fiber optic,Credit card,No,No,Yes,0,Yes,No,104.28,4726.36,3,2,0,1
CUS-105391,17,Month-to-month,DSL,Credit card,Yes,Yes,No,0,Yes,Yes,56.49,1093.62,2,4,0,1
CUS-103453,27,One year,DSL,Credit card,No,No,No internet service,0,No,No,43.65,1227.56,1,1,0,0
CUS-106387,70,One year,Fiber optic,Bank transfer,Yes,No internet service,Yes,0,No,No,115.79,8120.18,4,3,0,0
CUS-103778,53,One year,No,Mailed check,Yes,No internet service,No internet service,0,No,No,85.41,4444.61,5,1,1,0
CUS-105998,28,Month-to-month,DSL,Credit card,Yes,No,Yes,1,Yes,No,67.43,1982.58,4,1,1,0
CUS-103093,49,Month-to-month,DSL,Bank transfer,No,Yes,Yes,1,Yes,Yes,70.54,3464.81,3,0,0,1
CUS-103155,5,Two year,DSL,Credit card,Yes,Yes,No internet service,0,No,Yes,68.09,496.78,1,1,1,1
CUS-105069,15,Two year,Fiber optic,Electronic check,Yes,No internet service,No,0,No,Yes,92.49,1705.12,3,2,0,0
CUS-103201,47,Month-to-month,DSL,Electronic check,No,No internet service,No,0,Yes,No,69.82,3386.23,4,2,0,0
CUS-106351,11,One year,No,Electronic check,Yes,Yes,No,0,Yes,No,58.11,485.81,2,5,0,1
CUS-101098,15,Month-to-month,Fiber optic,Electronic check,Yes,Yes,No,0,Yes,No,114.85,1258.3,3,2,0,1
CUS-106018,5,Two year,DSL,Electronic check,No,No internet service,Yes,0,Yes,No,53.97,29.89,1,2,0,0
CUS-102844,49,One year,Fiber optic,Electronic check,No,Yes,No,1,Yes,No,118.52,6214.98,1,3,0,1
CUS-100886,63,One year,DSL,Credit card,No,No,No,1,Yes,No,42.46,2660.97,1,0,0,0
CUS-106906,14,Two year,DSL,Electronic check,Yes,No,No,0,No,No,41.11,715.77,3,0,0,0
CUS-105421,13,Month-to-month,No,Bank transfer,Yes,No,No,1,No,No,27.67,426.17,0,0,0,0
CUS-100515,25,One year,DSL,Mailed check,No,Yes,No,0,Yes,No,55.83,1322.4,3,2,0,0
CUS-106454,31,Month-to-month,Fiber optic,Electronic check,Yes,No,No internet service,0,No,No,90.5,2735.26,3,1,0,0
CUS-104833,4,One year,Fiber optic,Electronic check,Yes,Yes,No,0,Yes,Yes,92.68,454.15,3,0,0,0
CUS-101453,45,Two year,DSL,Electronic check,Yes,No,Yes,0,No,No,79.26,3496.96,4,1,0,0
CUS-103553,72,One year,DSL,Bank transfer,Yes,No,No,0,No,Yes,68.9,4725.67,2,1,1,0
CUS-103609,17,One year,Fiber optic,Credit card,Yes,No,Yes,0,No,Yes,85.23,1429.63,3,1,0,0
CUS-104665,41,Two year,Fiber optic,Electronic check,Yes,No,No,0,No,Yes,97.56,4094.95,5,6,0,0
CUS-102506,6,Month-to-month,Fiber optic,Bank transfer,Yes,No internet service,No,0,No,No,125.41,135.44,4,1,0,0
CUS-102994,42,Two year,No,Credit card,Yes,Yes,No,0,No,No,41.3,1648.53,1,2,0,0
CUS-103999,27,One year,Fiber optic,Credit card,No,No,No,0,Yes,No,93.91,3303.29,3,2,1,1
CUS-106629,38,Month-to-month,DSL,Electronic check,Yes,No,No internet service,0,No,No,80.21,2565.33,3,0,0,0
CUS-100906,39,Month-to-month,Fiber optic,Mailed check,Yes,Yes,No,1,No,No,122.16,4492.73,5,0,0,1
CUS-100028,12,Month-to-month,Fiber optic,Electronic check,Yes,Yes,Yes,0,No,Yes,87.32,1245.37,3,1,0,1
CUS-106003,21,Month-to-month,No,Electronic check,Yes,No,Yes,0,No,Yes,46.72,1272.07,0,1,0,0
CUS-102507,13,One year,Fiber optic,Electronic check,Yes,No,No,0,No,No,85.57,432.88,4,1,0,1
CUS-102428,47,Two year,Fiber optic,Credit card,Yes,Yes,Yes,0,Yes,Yes,81.17,4067.87,1,1,0,0
CUS-105043,15,Two year,No,Mailed check,Yes,No,Yes,0,No,Yes,62.01,964.2,3,2,0,0
CUS-100762,9,Month-to-month,No,Bank transfer,Yes,Yes,No,0,Yes,No,57.78,470.77,4,1,0,1
CUS-103747,72,Month-to-month,DSL,Electronic check,No,No,Yes,1,No,Yes,63.46,4758.47,4,0,0,0
CUS-104811,41,One year,No,Bank transfer,Yes,Yes,No,0,Yes,Yes,36.81,1591.68,1,1,0,0
CUS-100284,26,Two year,DSL,Bank transfer,No,No internet service,Yes,0,No,No,61.23,1513.03,3,2,0,0
CUS-100686,44,Month-to-month,No,Electronic check,No,Yes,No internet service,0,No,No,38.84,1728.18,0,0,0,0
CUS-106464,26,Month-to-month,DSL,Credit card,Yes,No internet service,No internet service,0,No,No,58.52,1475.8,0,0,0,1
CUS-102353,19,Two year,No,Credit card,Yes,No,Yes,0,Yes,Yes,48.57,1055.75,1,2,0,0
CUS-105627,16,Month-to-month,No,Electronic check,Yes,No internet service,No,0,Yes,No,71.36,1064.52,3,2,0,1
CUS-106011,34,Two year,Fiber optic,Electronic check,Yes,No,Yes,0,No,No,106.73,3315.25,4,2,0,0
CUS-100021,27,Month-to-month,No,Credit card,Yes,No,No,0,Yes,No,35.08,950.97,0,2,0,0
CUS-102752,13,Two year,Fiber optic,Mailed check,No,No,No,0,Yes,No,97.01,1066.25,1,0,0,0
CUS-100885,29,Month-to-month,Fiber optic,Electronic check,Yes,No,No,0,No,No,94.27,2228.07,4,4,1,0
CUS-100917,9,Month-to-month,DSL,Electronic check,Yes,No,No,0,Yes,Yes,83.65,520.93,3,2,0,0
CUS-101040,45,Month-to-month,DSL,Bank transfer,No,Yes,No internet service,0,Yes,No,98.82,4341.84,4,2,0,1
CUS-105548,26,One year,Fiber optic,Electronic check,Yes,Yes,No,0,No,No,99.16,2210.29,2,5,0,0
CUS-101265,18,Month-to-month,Fiber optic,Bank transfer,Yes,No internet service,No internet service,0,Yes,Yes,78.31,1588.07,2,4,0,1
CUS-104579,20,Month-to-month,No,Mailed check,Yes,No,No,1,No,Yes,35.36,765.65,3,0,0,1
CUS-106056,15,One year,DSL,Credit card,Yes,No,No,0,Yes,No,25.82,215.76,0,0,0,0
CUS-100277,33,One year,No,Electronic check,No,Yes,Yes,0,No,No,56.15,1916.95,4,2,0,0
CUS-105084,8,Month-to-month,DSL,Electronic check,No,No internet service,No,0,No,No,58.02,427.3,4,6,1,1
CUS-102084,3,Month-to-month,No,Mailed check,Yes,No internet service,No,0,No,No,61.25,201.58,4,0,0,0
CUS-101245,25,One year,DSL,Credit card,Yes,No,Yes,1,No,No,42.56,1127.3,0,1,0,0
CUS-102382,31,One year,DSL,Credit card,Yes,Yes,Yes,0,No,No,65.64,1839.69,3,3,0,0
CUS-100571,2,One year,DSL,Electronic check,Yes,No,No internet service,0,Yes,No,43.92,199.13,1,1,0,0
CUS-101435,8,One year,No,Bank transfer,Yes,Yes,No,0,Yes,No,65.34,767.42,3,2,0,0
CUS-103902,33,Month-to-month,Fiber optic,Credit card,Yes,Yes,No internet service,0,No,No,114.47,3894.49,1,4,0,0
CUS-105089,55,Month-to-month,Fiber optic,Electronic check,Yes,Yes,No,0,Yes,Yes,118.37,5873.41,5,2,0,0
CUS-101247,21,Month-to-month,Fiber optic,Electronic check,Yes,No,Yes,0,No,Yes,83.19,2215.94,1,3,0,0
CUS-104681,21,Month-to-month,DSL,Credit card,Yes,No,No internet service,0,Yes,No,81.67,1683.97,3,1,0,0
CUS-103526,50,Month-to-month,DSL,Electronic check,Yes,Yes,No,0,No,No,82.75,4140.06,4,3,0,0
CUS-102514,33,Month-to-month,DSL,Mailed check,Yes,Yes,No internet service,0,No,No,52.89,1912.86,2,3,0,0
CUS-101007,17,One year,No,Electronic check,Yes,No,No,0,No,No,35.69,531.21,0,1,0,0
CUS-104770,17,One year,No,Bank transfer,No,Yes,Yes,0,No,No,45.95,745.08,2,0,0,0
CUS-104543,12,One year,DSL,Credit card,Yes,No,Yes,0,No,No,75.78,1054.04,4,3,0,1
CUS-106136,12,Two year,Fiber optic,Credit card,No,Yes,No,0,No,No,66.87,864.94,2,0,0,0
CUS-106061,30,Month-to-month,DSL,Credit card,Yes,Yes,Yes,0,No,No,56.12,1305.18,1,2,0,0
CUS-102064,7,Month-to-month,DSL,Electronic check,Yes,No,No,0,Yes,No,50.62,404.17,1,3,0,0
CUS-105522,25,One year,No,Mailed check,Yes,No,No internet service,1,No,No,63.63,1603.22,4,4,1,0
CUS-101690,19,Month-to-month,No,Mailed check,Yes,No,No internet service,0,No,No,60.43,997.9,3,1,0,0
CUS-106040,16,Month-to-month,Fiber optic,Credit card,No,No,No,0,No,Yes,100.24,1783.72,5,1,0,0
CUS-101985,62,Two year,DSL,Bank transfer,No,No,No,0,No,No,84.74,5098.67,4,2,0,0
CUS-100294,41,Two year,DSL,Electronic check,Yes,No internet service,Yes,0,Yes,Yes,45.06,1616.29,0,0,0,0
CUS-101547,28,Month-to-month,No,Credit card,Yes,Yes,Yes,0,Yes,Yes,69.63,1935.45,4,0,0,0
CUS-102012,37,Month-to-month,DSL,Electronic check,No,Yes,No internet service,0,Yes,Yes,66.63,2368.68,3,2,0,0
CUS-100588,5,One year,No,Electronic check,Yes,No,No,0,No,No,54.04,368.05,1,1,1,0
CUS-103329,43,Two year,Fiber optic,Bank transfer,No,Yes,No,1,No,No,95.7,3934.4,3,4,0,0
CUS-102403,17,Month-to-month,No,Bank transfer,Yes,No,No,0,Yes,Yes,49.37,899.39,1,2,1,1
CUS-102129,22,Month-to-month,No,Electronic check,Yes,No,Yes,1,Yes,No,34.26,757.13,0,0,0,0
CUS-103998,70,Month-to-month,Fiber optic,Electronic check,No,No,No internet service,0,Yes,Yes,108.45,8163.81,3,1,0,0
CUS-106123,32,Two year,No,Mailed check,No,No internet service,No internet service,0,Yes,No,43.5,1469.62,5,2,0,0
CUS-103741,22,Two year,Fiber optic,Electronic check,Yes,Yes,No,0,No,No,73.29,1931.08,0,1,0,0
CUS-103508,72,Month-to-month,DSL,Credit card,No,Yes,No internet service,0,No,Yes,78.07,5665.47,2,4,0,0
CUS-102719,4,Two year,DSL,Mailed check,No,No,No internet service,1,Yes,No,60.36,366.37,3,1,0,0
CUS-104521,5,One year,DSL,Electronic check,Yes,Yes,No internet service,0,Yes,No,52.92,265.35,0,1,0,0
CUS-105150,49,Month-to-month,Fiber optic,Credit card,Yes,No,Yes,0,No,No,88.26,4272.56,5,2,0,0
CUS-106370,34,One year,No,Bank transfer,No,No internet service,No,0,No,Yes,40.91,1378.54,2,0,0,0
CUS-106377,44,Month-to-month,Fiber optic,Credit card,No,No,Yes,1,No,No,123.41,4556.59,4,1,0,0
CUS-100556,20,Month-to-month,DSL,Bank transfer,Yes,No,No internet service,0,Yes,No,46.66,682.41,0,0,0,0
CUS-104795,9,Month-to-month,DSL,Mailed check,No,No,Yes,0,No,No,79.24,932.49,4,2,0,0
CUS-102469,14,Month-to-month,No,Bank transfer,Yes,Yes,No,0,Yes,No,70.98,1041.61,4,0,0,1
CUS-103738,8,Two year,Fiber optic,Credit card,No,No,No internet service,0,Yes,Yes,104.24,1038.54,5,4,1,0
CUS-104286,22,One year,Fiber optic,Electronic check,No,No,No,0,No,No,48.49,1238.81,0,1,0,0
CUS-105760,42,Month-to-month,Fiber optic,Credit card,Yes,No,No,0,No,Yes,97.96,4153.24,0,4,0,0
CUS-101716,27,Month-to-month,DSL,Credit card,No,Yes,No,0,Yes,Yes,70.62,1923.53,3,3,0,1
CUS-102604,19,Month-to-month,No,Credit card,Yes,Yes,No,1,No,No,74.23,1451.96,4,1,0,0
CUS-105771,49,Two year,DSL,Electronic check,Yes,Yes,Yes,0,Yes,No,64.04,3503.05,3,1,0,0
CUS-101704,14,Two year,DSL,Mailed check,No,No internet service,No,1,Yes,No,49.72,588.52,1,3,1,0
CUS-102139,32,Month-to-month,Fiber optic,Bank transfer,Yes,No,No,1,No,Yes,101.92,3418.4,3,4,1,1
CUS-103239,72,Month-to-month,No,Electronic check,No,No,No,0,Yes,No,57.47,4012.32,3,0,0,0
CUS-102383,6,Month-to-month,DSL,Bank transfer,Yes,No,No internet service,0,Yes,No,69.83,34.92,1,3,0,0
CUS-104311,23,Month-to-month,Fiber optic,Credit card,Yes,No,No internet service,0,No,No,115.23,2659.78,4,2,1,0
CUS-101285,12,Month-to-month,Fiber optic,Electronic check,No,No,No,1,Yes,Yes,122.17,1019.86,5,4,0,1
CUS-105958,29,Month-to-month,Fiber optic,Mailed check,Yes,Yes,Yes,0,No,No,126.53,2798.04,4,5,0,1
CUS-106249,14,Month-to-month,Fiber optic,Electronic check,No,No internet service,No,0,Yes,No,84.31,1788.99,2,0,1,0
CUS-103930,16,Month-to-month,DSL,Bank transfer,No,Yes,No,0,No,Yes,46.8,560.09,0,2,0,0
CUS-105288,25,One year,Fiber optic,Electronic check,Yes,Yes,Yes,0,No,No,89.44,2353.78,0,1,0,1
CUS-101591,16,Month-to-month,No,Bank transfer,No,No internet service,No,0,Yes,No,71.45,1311.02,2,3,0,0
CUS-106195,35,Two year,Fiber optic,Credit card,Yes,Yes,Yes,0,Yes,No,77.74,2703.2,4,1,0,0
CUS-102162,10,Two year,DSL,Credit card,Yes,No,No internet service,0,No,No,41.49,286.91,0,0,1,0
CUS-102396,24,Month-to-month,Fiber optic,Electronic check,Yes,No internet service,Yes,0,Yes,No,96.75,1933.8,4,4,1,1
CUS-100317,10,One year,No,Credit card,Yes,No,No,1,No,No,59.68,453.01,1,0,0,0
CUS-106277,7,One year,Fiber optic,Mailed check,No,Yes,No,0,No,No,135.1,1010.17,5,6,0,0
CUS-103111,66,Month-to-month,Fiber optic,Mailed check,Yes,No,No internet service,0,Yes,No,110.04,7740.0,5,3,0,0
CUS-105233,52,One year,Fiber optic,Electronic check,No,No internet service,No,0,Yes,No,82.3,3768.01,2,2,0,0
CUS-105695,11,Two year,DSL,Electronic check,No,Yes,No internet service,1,No,No,51.09,452.49,2,1,1,0
CUS-106793,19,One year,Fiber optic,Bank transfer,Yes,No internet service,No,0,Yes,No,81.42,1758.76,0,4,0,0
CUS-104036,9,Month-to-month,Fiber optic,Electronic check,Yes,No,Yes,0,Yes,No,84.98,759.83,4,4,1,1
CUS-100795,52,Month-to-month,No,Credit card,Yes,No,Yes,0,Yes,No,62.61,3482.9,3,0,0,0
CUS-103020,26,Month-to-month,DSL,Credit card,Yes,Yes,Yes,1,Yes,No,49.05,1021.4,4,1,1,0
CUS-101711,5,Two year,DSL,Electronic check,No,No,Yes,0,Yes,Yes,75.38,234.87,2,0,0,0
CUS-103387,23,Month-to-month,No,Mailed check,Yes,Yes,Yes,0,No,Yes,112.48,2826.31,4,1,0,0
CUS-100036,27,Month-to-month,DSL,Credit card,Yes,Yes,No internet service,1,No,Yes,94.67,2782.36,5,2,0,0
CUS-104549,32,One year,No,Electronic check,No,No,No,0,Yes,No,72.38,1964.12,4,3,0,0
CUS-100913,11,Month-to-month,Fiber optic,Electronic check,No,Yes,Yes,0,Yes,No,106.64,969.77,5,5,1,1
CUS-105295,26,One year,DSL,Credit card,No,No internet service,Yes,0,Yes,No,57.87,1483.54,0,2,0,0
CUS-103972,19,Two year,Fiber optic,Electronic check,No,No,Yes,0,Yes,No,58.84,1301.7,0,0,0,0
CUS-104133,16,Month-to-month,No,Credit card,No,No internet service,No internet service,0,Yes,Yes,63.11,1057.38,2,1,0,0
CUS-100974,35,Month-to-month,Fiber optic,Bank transfer,No,No,No internet service,0,Yes,No,106.85,3190.47,5,2,0,1
CUS-100983,20,Month-to-month,No,Electronic check,Yes,No,No internet service,0,Yes,No,41.36,940.88,1,0,0,0
CUS-106177,29,Month-to-month,DSL,Credit card,Yes,No,No,1,Yes,No,49.18,1581.94,3,0,0,0
CUS-101418,38,Month-to-month,Fiber optic,Bank transfer,Yes,No internet service,No,0,Yes,No,87.61,2960.82,3,1,0,1
CUS-101560,23,One year,Fiber optic,Mailed check,Yes,No internet service,No,0,Yes,No,80.84,1908.47,2,4,1,0
CUS-104135,46,One year,No,Electronic check,Yes,No,No internet service,0,No,Yes,41.07,1831.8,0,1,0,0
CUS-105577,31,Month-to-month,Fiber optic,Credit card,Yes,Yes,No,0,Yes,No,99.0,3255.13,1,3,0,1
CUS-104265,3,One year,No,Mailed check,Yes,No,Yes,1,No,Yes,79.48,639.19,4,1,0,1
CUS-101355,18,Two year,No,Electronic check,No,Yes,Yes,0,Yes,Yes,51.16,781.74,1,1,0,0
CUS-106547,9,Month-to-month,Fiber optic,Electronic check,Yes,No internet service,No internet service,0,Yes,Yes,93.87,894.11,0,6,0,0
CUS-106632,28,Month-to-month,No,Electronic check,Yes,No,No,0,No,Yes,61.94,1839.79,3,1,0,1
CUS-100987,36,One year,DSL,Bank transfer,Yes,No,No,0,No,Yes,86.63,3114.28,5,3,0,1
CUS-102682,53,Month-to-month,DSL,Bank transfer,Yes,No,Yes,1,No,No,32.97,1891.65,4,1,0,0
CUS-105047,42,Month-to-month,DSL,Electronic check,No,No,Yes,0,Yes,No,59.37,2495.07,2,4,0,0
CUS-101640,40,Month-to-month,DSL,Electronic check,Yes,Yes,Yes,0,Yes,No,61.65,2247.86,0,2,0,0
CUS-101290,12,Two year,Fiber optic,Electronic check,Yes,Yes,No internet service,0,No,No,61.84,677.5,0,1,0,0
CUS-103681,33,Two year,No,Bank transfer,Yes,Yes,Yes,0,Yes,No,51.68,1456.0,1,1,0,0
CUS-101380,27,Two year,Fiber optic,Credit card,No,Yes,No,1,Yes,Yes,113.66,2937.04,5,4,0,0
CUS-101933,39,Month-to-month,No,Bank transfer,Yes,No,No,0,No,No,60.25,2311.63,1,1,0,0
CUS-104675,4,Month-to-month,Fiber optic,Electronic check,No,No,No,0,Yes,No,80.6,400.41,3,2,0,0
CUS-105886,59,Month-to-month,DSL,Bank transfer,No,Yes,No internet service,0,Yes,No,64.78,3827.37,3,0,0,0
CUS-103160,11,Month-to-month,Fiber optic,Electronic check,Yes,Yes,Yes,0,Yes,No,112.99,1778.72,3,2,0,0
CUS-102030,36,Month-to-month,DSL,Credit card,Yes,Yes,No,0,Yes,No,71.43,2558.25,4,3,0,0
CUS-100892,25,Month-to-month,DSL,Credit card,Yes,No,No internet service,0,No,Yes,26.57,738.51,0,0,0,0
CUS-104876,6,One year,No,Mailed check,Yes,No,No,0,No,Yes,110.27,741.17,5,2,1,1
CUS-104069,33,Month-to-month,DSL,Credit card,No,No,Yes,0,Yes,Yes,71.32,2012.17,3,0,0,0
CUS-104255,19,Month-to-month,Fiber optic,Electronic check,Yes,No,No,0,No,No,95.01,1990.76,0,3,0,1
CUS-100002,27,Month-to-month,Fiber optic,Credit card,Yes,No,No internet service,0,No,No,127.49,4471.86,5,4,1,1
CUS-102109,15,One year,DSL,Bank transfer,No,Yes,Yes,0,Yes,No,40.94,483.21,0,2,1,0
CUS-100849,30,Month-to-month,No,Bank transfer,No,No,No,0,No,No,83.56,2676.86,4,3,0,0
CUS-102737,21,Month-to-month,DSL,Electronic check,Yes,No,Yes,0,Yes,No,68.56,1383.98,2,0,0,0
CUS-102466,52,Month-to-month,No,Bank transfer,No,No internet service,No,0,No,No,34.07,1841.35,1,1,0,0
CUS-101914,18,Two year,Fiber optic,Mailed check,No,No internet service,Yes,1,No,No,90.31,1759.57,2,1,0,1
CUS-101596,48,Month-to-month,DSL,Credit card,Yes,No internet service,No,1,No,No,43.22,1944.32,1,2,0,0
CUS-101913,9,Month-to-month,DSL,Bank transfer,Yes,No,Yes,1,Yes,Yes,56.39,710.62,3,0,0,1
CUS-105139,14,Two year,Fiber optic,Credit card,Yes,Yes,No,0,No,No,125.19,2048.93,4,3,0,0
CUS-106586,4,Month-to-month,DSL,Electronic check,Yes,No,No,0,Yes,No,74.74,297.92,4,0,0,0
CUS-102736,20,Month-to-month,No,Electronic check,Yes,No,No,0,No,No,37.65,577.29,0,0,0,0
CUS-100726,23,Two year,Fiber optic,Mailed check,No,No,No internet service,0,No,No,87.87,2049.62,2,4,0,1
CUS-100053,44,Month-to-month,DSL,Electronic check,No,No,No,0,No,No,36.53,1615.56,1,1,1,0
CUS-101796,15,Month-to-month,DSL,Credit card,Yes,No internet service,No,0,No,No,54.66,912.86,2,0,0,0
CUS-103845,10,Month-to-month,Fiber optic,Bank transfer,No,Yes,No,1,No,No,105.36,410.66,4,2,0,0
CUS-102553,30,Month-to-month,DSL,Bank transfer,Yes,No,No,0,No,No,38.87,1035.5,0,0,0,0
CUS-102800,25,Two year,Fiber optic,Electronic check,No,Yes,No,0,No,Yes,82.67,1992.91,5,2,0,0
CUS-100936,30,Month-to-month,DSL,Mailed check,Yes,No,Yes,0,No,No,67.05,2404.94,2,4,1,0
CUS-105769,13,Two year,Fiber optic,Mailed check,Yes,No,Yes,0,Yes,No,70.41,824.01,1,1,0,0
CUS-100824,42,One year,Fiber optic,Bank transfer,No,Yes,No,1,Yes,No,98.49,3808.86,2,3,0,0
CUS-104321,72,Month-to-month,Fiber optic,Electronic check,No,No,No,0,Yes,Yes,89.94,6769.79,2,3,0,0
CUS-103401,21,Two year,DSL,Credit card,No,No,No,1,Yes,No,64.67,1276.7,2,0,0,0
CUS-101389,11,One year,DSL,Credit card,No,Yes,No,1,No,No,46.48,507.91,2,0,0,0
CUS-103564,30,Two year,Fiber optic,Bank transfer,No,Yes,No internet service,0,Yes,No,122.07,3656.67,3,3,0,0
CUS-100884,31,One year,DSL,Mailed check,Yes,No,No,0,No,Yes,90.04,3060.31,5,2,1,0
CUS-104867,4,Month-to-month,No,Electronic check,Yes,Yes,No,0,No,No,55.11,89.58,2,1,1,0
CUS-101868,24,Month-to-month,Fiber optic,Electronic check,Yes,Yes,No internet service,0,No,Yes,91.55,1872.65,2,4,0,1
CUS-105181,9,Month-to-month,DSL,Bank transfer,Yes,No,No internet service,0,Yes,No,95.61,1018.39,5,2,0,1
CUS-100010,55,Two year,Fiber optic,Bank transfer,No,No,Yes,0,No,No,102.93,5589.48,4,0,0,0
CUS-103415,72,Month-to-month,DSL,Electronic check,No,No,No,0,No,No,76.16,5874.23,5,0,0,0
CUS-101463,19,Two year,Fiber optic,Credit card,Yes,No,Yes,1,No,No,113.02,2469.85,2,5,0,0
CUS-100806,54,One year,DSL,Electronic check,No,No internet service,No,0,No,Yes,32.87,1830.58,0,1,0,0
CUS-105704,8,Two year,No,Electronic check,Yes,Yes,Yes,0,Yes,No,49.55,598.41,0,2,0,0
CUS-105498,52,Month-to-month,DSL,Electronic check,Yes,No,No,1,Yes,Yes,80.35,4119.28,5,2,0,0
CUS-104068,29,One year,No,Credit card,Yes,No internet service,Yes,0,No,Yes,70.08,1822.57,4,1,0,0
CUS-102108,29,Month-to-month,DSL,Bank transfer,No,No,No,0,No,No,63.85,1894.98,1,3,1,0
CUS-105905,5,Month-to-month,DSL,Electronic check,Yes,No internet service,No,0,Yes,No,56.13,305.29,3,2,0,1
CUS-106939,63,Month-to-month,DSL,Bank transfer,Yes,Yes,No,0,No,No,87.05,5747.85,5,0,1,1
CUS-102234,2,Month-to-month,DSL,Credit card,Yes,No,No,1,No,No,80.45,508.14,5,4,0,1
CUS-100963,2,Month-to-month,No,Electronic check,No,No internet service,Yes,0,No,No,80.43,193.04,4,0,1,0
CUS-104494,42,One year,Fiber optic,Electronic check,Yes,No internet service,No,0,No,No,74.4,3067.34,1,2,1,0
CUS-102632,31,Month-to-month,No,Electronic check,Yes,No,No internet service,0,No,Yes,67.08,2188.75,3,5,0,1
CUS-100704,36,Month-to-month,Fiber optic,Credit card,Yes,Yes,No,0,Yes,Yes,69.05,2625.05,0,4,0,0
CUS-100431,30,Month-to-month,No,Electronic check,No,No internet service,No,0,Yes,Yes,67.93,2052.33,2,3,0,1
CUS-104388,6,Month-to-month,No,Credit card,No,No,No,1,No,No,61.96,483.07,3,3,0,1
CUS-100145,30,Month-to-month,Fiber optic,Electronic check,Yes,No internet service,No,0,No,Yes,84.22,2560.91,5,1,0,1
CUS-102033,37,Month-to-month,Fiber optic,Credit card,Yes,No,No,0,No,No,69.55,2662.04,0,0,1,1
CUS-105871,17,Month-to-month,DSL,Bank transfer,Yes,Yes,Yes,1,No,Yes,76.56,1677.03,5,3,1,1
CUS-101165,28,Two year,Fiber optic,Mailed check,Yes,Yes,No,0,Yes,Yes,102.31,3145.93,2,2,1,0
CUS-103500,29,One year,DSL,Electronic check,Yes,No,Yes,0,Yes,Yes,44.84,1394.61,2,2,0,0
CUS-102050,10,Two year,Fiber optic,Credit card,No,No internet service,No,1,No,Yes,96.11,828.96,1,3,0,0
CUS-103760,28,Two year,Fiber optic,Mailed check,Yes,No,Yes,0,No,No,113.52,3290.37,2,6,0,1
CUS-102624,41,One year,Fiber optic,Credit card,Yes,Yes,Yes,1,No,No,91.09,4022.1,0,1,0,0
CUS-104484,64,Month-to-month,No,Electronic check,No,No,No internet service,0,Yes,No,75.3,4831.8,2,3,0,0
CUS-104435,22,Month-to-month,Fiber optic,Bank transfer,Yes,No internet service,Yes,0,Yes,No,80.76,1483.69,1,0,0,0
CUS-105572,51,One year,Fiber optic,Credit card,Yes,Yes,No,1,Yes,Yes,91.82,4677.03,1,3,0,0
CUS-105418,72,Month-to-month,Fiber optic,Bank transfer,No,No internet service,No internet service,0,No,No,92.35,6470.99,4,0,0,0
CUS-104361,14,Two year,DSL,Credit card,Yes,Yes,No internet service,0,No,No,35.42,726.54,1,0,0,0
CUS-102424,72,Month-to-month,DSL,Mailed check,Yes,Yes,No,0,No,No,55.63,4138.53,4,0,0,0
CUS-101262,35,Month-to-month,Fiber optic,Bank transfer,Yes,No,No internet service,0,Yes,No,102.83,3491.98,3,1,0,0
CUS-101771,41,One year,Fiber optic,Mailed check,No,Yes,No,0,No,Yes,97.86,3942.45,5,2,0,1
CUS-103511,48,Month-to-month,DSL,Credit card,No,Yes,No,0,No,No,42.47,1947.46,1,3,1,0
CUS-100271,2,One year,DSL,Electronic check,No,No internet service,No,0,Yes,No,62.78,31.39,3,4,0,0
CUS-104792,19,One year,No,Bank transfer,Yes,No,No,0,Yes,No,71.76,1081.51,2,3,0,0
CUS-106968,35,Month-to-month,Fiber optic,Electronic check,Yes,No,No,0,No,Yes,91.41,3516.65,1,1,0,1
CUS-100244,24,One year,No,Credit card,No,Yes,Yes,1,Yes,No,53.16,1114.54,2,2,0,0
CUS-106786,13,Month-to-month,Fiber optic,Electronic check,Yes,Yes,Yes,1,Yes,No,83.83,520.1,2,1,0,0
CUS-104572,3,Month-to-month,No,Electronic check,Yes,No,Yes,0,Yes,No,70.43,35.22,2,2,0,1
CUS-102032,34,Month-to-month,Fiber optic,Bank transfer,Yes,No internet service,No,0,No,No,116.36,3964.18,4,3,0,1
CUS-106446,53,One year,Fiber optic,Bank transfer,Yes,No,Yes,0,Yes,Yes,108.94,4850.0,5,2,0,1
CUS-105527,12,Month-to-month,DSL,Electronic check,No,Yes,No,0,No,Yes,70.06,645.91,4,1,0,0
CUS-100813,48,Month-to-month,Fiber optic,Credit card,No,No,Yes,0,No,No,87.04,3985.02,1,2,0,1
CUS-103810,16,One year,Fiber optic,Credit card,Yes,No internet service,No internet service,1,Yes,No,91.31,1483.35,4,7,1,1
CUS-106945,17,One year,Fiber optic,Electronic check,No,No,No,0,Yes,No,75.27,1571.85,4,1,0,0
CUS-105679,5,One year,Fiber optic,Mailed check,No,No internet service,No,0,Yes,Yes,106.84,175.31,3,7,0,1
CUS-101804,59,One year,Fiber optic,Bank transfer,Yes,No internet service,Yes,1,No,No,90.61,5284.7,1,2,0,0
CUS-105943,42,Month-to-month,No,Mailed check,Yes,No,No,0,No,No,31.59,1321.92,0,0,0,0
CUS-104346,22,Two year,Fiber optic,Mailed check,Yes,No,No,0,Yes,Yes,128.91,3074.95,4,4,0,1
CUS-102461,22,One year,DSL,Mailed check,No,No internet service,No,0,Yes,No,65.4,1265.86,5,1,1,1
CUS-100545,39,One year,DSL,Mailed check,No,Yes,No internet service,0,No,Yes,59.8,2308.85,2,0,0,0
CUS-103241,16,Month-to-month,Fiber optic,Credit card,Yes,No internet service,No internet service,0,No,No,72.62,1407.16,1,1,0,0
CUS-100738,37,Month-to-month,No,Bank transfer,Yes,Yes,No,0,Yes,No,65.75,2503.62,3,0,0,0
CUS-100310,13,Month-to-month,DSL,Electronic check,Yes,No internet service,No internet service,1,No,Yes,49.93,1017.97,1,1,0,0
CUS-103521,47,Two year,Fiber optic,Bank transfer,No,No internet service,No,0,Yes,No,98.24,4941.42,0,1,0,0
CUS-101131,40,Month-to-month,DSL,Electronic check,No,No,No,0,Yes,No,48.53,1733.21,3,1,0,0
CUS-106890,66,Month-to-month,DSL,Credit card,Yes,No internet service,No,0,Yes,No,86.14,5357.31,4,6,0,0
CUS-104111,25,Two year,No,Credit card,Yes,No,Yes,0,No,No,78.52,2354.13,5,1,0,0
CUS-102769,30,Month-to-month,DSL,Mailed check,Yes,No,No,0,No,No,91.4,2920.5,4,2,0,1
CUS-100920,39,Month-to-month,No,Credit card,No,No,Yes,0,No,No,40.92,1609.23,2,0,0,0
CUS-103587,26,Month-to-month,DSL,Bank transfer,Yes,Yes,No,0,Yes,No,66.2,1842.5,5,1,0,0
CUS-103959,9,Month-to-month,Fiber optic,Electronic check,No,No internet service,Yes,0,Yes,No,107.32,916.55,0,1,0,1
CUS-100038,38,One year,Fiber optic,Electronic check,No,Yes,Yes,0,No,No,100.35,3304.16,5,1,0,0
CUS-104459,23,Month-to-month,No,Credit card,Yes,Yes,No internet service,1,No,Yes,66.33,1534.61,5,0,0,0
CUS-104278,28,Two year,DSL,Electronic check,No,No,No internet service,1,Yes,No,66.24,1796.28,1,3,0,0
CUS-102983,22,Two year,DSL,Bank transfer,Yes,No,Yes,0,No,Yes,74.65,1617.92,3,4,0,0
CUS-105290,44,One year,DSL,Electronic check,No,No,Yes,0,Yes,No,54.46,2424.19,0,0,0,0
CUS-106983,14,Month-to-month,DSL,Bank transfer,Yes,No,No,0,No,Yes,57.72,894.9,4,1,0,1
CUS-105217,72,Month-to-month,No,Electronic check,Yes,Yes,No internet service,0,No,No,52.62,3853.22,2,0,0,0
CUS-102667,45,Month-to-month,Fiber optic,Mailed check,Yes,No internet service,No,1,No,No,86.74,3970.29,1,0,0,0
CUS-103223,40,Two year,DSL,Credit card,Yes,No,No internet service,0,Yes,Yes,66.08,2417.86,3,3,0,0
CUS-101182,3,Month-to-month,Fiber optic,Bank transfer,Yes,Yes,Yes,0,No,No,119.32,123.83,2,2,0,1
CUS-106346,19,Month-to-month,DSL,Electronic check,No,Yes,No internet service,1,No,No,61.59,1213.91,3,2,0,1
CUS-100614,15,Two year,DSL,Bank transfer,Yes,Yes,Yes,0,Yes,No,68.08,1323.97,3,2,0,0
CUS-106870,2,Month-to-month,Fiber optic,Electronic check,No,Yes,No,0,Yes,Yes,90.53,45.26,3,3,0,0
CUS-101466,28,Month-to-month,No,Mailed check,No,No internet service,Yes,0,Yes,No,82.5,2216.61,5,2,0,1
CUS-104497,37,Two year,Fiber optic,Mailed check,Yes,No,No,0,No,No,61.99,2064.32,2,3,0,0
CUS-103042,20,One year,No,Mailed check,Yes,No,No,0,Yes,No,55.2,1098.06,3,3,0,0
CUS-100934,62,Month-to-month,DSL,Mailed check,No,No internet service,Yes,0,No,No,103.72,6258.39,5,3,0,1
CUS-102419,16,One year,Fiber optic,Credit card,Yes,No,No,0,No,No,120.4,1616.45,5,1,0,0
CUS-105085,30,Two year,Fiber optic,Electronic check,No,No internet service,No internet service,0,No,No,105.32,2723.49,4,1,0,0
CUS-106946,23,One year,Fiber optic,Mailed check,Yes,No,No,0,Yes,No,131.66,3018.51,5,0,0,0
CUS-105667,13,Month-to-month,Fiber optic,Bank transfer,Yes,No,No,0,No,No,94.89,1584.52,4,3,0,1
CUS-104822,24,One year,DSL,Credit card,No,No,No,0,No,No,50.35,1082.78,2,1,0,0
CUS-100826,23,Month-to-month,No,Bank transfer,Yes,No,No,1,No,No,79.94,2241.05,5,2,0,1
CUS-101521,12,One year,Fiber optic,Credit card,Yes,No,Yes,0,Yes,Yes,50.36,486.87,0,1,0,0
CUS-102930,17,Two year,DSL,Electronic check,Yes,No,No,0,Yes,No,47.49,564.82,0,0,0,0
CUS-104232,20,One year,DSL,Electronic check,Yes,Yes,No,0,No,No,61.78,1437.1,3,2,0,1
CUS-100628,15,Two year,Fiber optic,Bank transfer,No,No,No,0,No,No,113.87,1896.12,0,1,0,0
CUS-104430,37,Month-to-month,Fiber optic,Electronic check,No,No,No internet service,0,No,Yes,104.94,3327.01,5,1,0,0
CUS-103853,21,One year,DSL,Credit card,Yes,No internet service,No,1,No,No,28.79,547.42,0,1,0,0
CUS-100390,30,Month-to-month,No,Mailed check,Yes,Yes,Yes,0,Yes,No,58.58,1868.36,1,1,0,0
CUS-104345,47,Two year,DSL,Credit card,Yes,No,No,0,Yes,Yes,86.46,3837.85,5,2,1,0
CUS-106820,7,Month-to-month,No,Electronic check,Yes,No internet service,No,0,Yes,No,71.2,379.41,3,1,0,0
CUS-103990,17,Month-to-month,Fiber optic,Bank transfer,Yes,No,No,0,Yes,No,102.13,1524.09,4,3,0,0
CUS-100400,36,Month-to-month,DSL,Electronic check,Yes,Yes,No,0,Yes,No,76.58,2414.52,4,1,0,0
CUS-104806,47,Two year,Fiber optic,Credit card,Yes,No,No,0,Yes,No,76.57,3864.93,0,2,0,0
CUS-105135,13,One year,No,Electronic check,Yes,No,No internet service,0,No,No,91.31,991.4,5,2,0,0
CUS-105650,51,Two year,DSL,Mailed check,Yes,No,No,1,Yes,No,68.06,3448.1,5,3,0,0
CUS-103359,19,Month-to-month,DSL,Bank transfer,No,No,No,0,No,No,65.25,1248.96,5,2,0,1
CUS-100046,5,Month-to-month,Fiber optic,Electronic check,Yes,No,Yes,0,Yes,No,135.9,1185.06,5,5,1,1
CUS-106710,12,Month-to-month,DSL,Electronic check,Yes,No,No,0,No,Yes,62.74,1009.13,2,3,0,1
CUS-106895,9,Month-to-month,DSL,Bank transfer,Yes,No,No,1,Yes,No,50.43,354.38,5,0,0,0
CUS-103642,24,One year,No,Electronic check,Yes,No,No,1,Yes,No,53.52,1306.62,5,1,0,1
CUS-103726,34,Month-to-month,DSL,Electronic check,Yes,No,No,0,No,No,73.77,2734.87,4,1,0,0
CUS-106402,15,Month-to-month,Fiber optic,Mailed check,Yes,No,No,0,No,No,75.51,1151.8,1,2,0,0
CUS-105208,30,Month-to-month,Fiber optic,Bank transfer,No,No,No,1,Yes,No,94.47,2642.78,1,4,0,0
CUS-105319,24,One year,Fiber optic,Electronic check,Yes,No internet service,No,0,No,No,82.2,1949.84,2,1,0,0
CUS-106790,10,Month-to-month,DSL,Electronic check,No,No,No internet service,0,Yes,No,73.81,320.99,5,1,0,0
CUS-102421,39,Month-to-month,Fiber optic,Credit card,Yes,Yes,Yes,0,No,Yes,113.35,4402.0,1,1,0,0
CUS-101750,6,Month-to-month,DSL,Electronic check,Yes,Yes,No,0,No,No,29.96,78.35,1,3,0,1
CUS-106763,4,Month-to-month,DSL,Electronic check,Yes,No,No,0,Yes,No,37.64,18.82,2,1,0,0
CUS-106695,30,Month-to-month,Fiber optic,Electronic check,No,No,No,1,Yes,Yes,68.1,2085.58,0,0,1,1
CUS-104062,7,Two year,DSL,Electronic check,No,Yes,Yes,0,No,No,48.11,251.7,2,1,0,0
CUS-100338,16,Two year,Fiber optic,Bank transfer,No,No,Yes,0,No,No,86.78,1532.7,3,0,0,0
CUS-100215,43,Month-to-month,DSL,Electronic check,Yes,Yes,No,1,No,No,75.47,3191.86,5,3,0,0
CUS-103663,19,Month-to-month,DSL,Bank transfer,No,No internet service,No internet service,0,No,No,41.44,930.99,0,0,0,0
CUS-101341,1,One year,Fiber optic,Electronic check,Yes,Yes,Yes,0,No,No,76.0,38.0,4,1,0,0
CUS-106395,48,Two year,Fiber optic,Electronic check,No,No,No,0,Yes,Yes,69.77,3610.71,0,2,1,0
CUS-103894,72,One year,Fiber optic,Electronic check,Yes,No internet service,Yes,1,Yes,No,104.03,8009.08,1,2,0,1
CUS-103640,69,Month-to-month,DSL,Electronic check,No,No,Yes,0,Yes,No,60.25,3879.05,0,2,0,1
CUS-100329,72,Month-to-month,Fiber optic,Electronic check,No,No,No internet service,0,No,No,117.69,8485.33,5,3,1,0
CUS-105501,34,Month-to-month,DSL,Electronic check,Yes,Yes,No,0,No,No,75.46,2619.56,5,3,0,0
CUS-103004,62,One year,Fiber optic,Bank transfer,No,No,Yes,0,Yes,No,94.55,5467.8,2,3,0,0
CUS-106679,47,Month-to-month,Fiber optic,Bank transfer,No,No internet service,No,0,No,No,121.37,5474.88,5,7,1,1
CUS-103115,49,Month-to-month,DSL,Mailed check,Yes,No,No internet service,1,No,No,86.71,4255.11,3,1,0,1
CUS-106766,25,Month-to-month,Fiber optic,Credit card,No,Yes,Yes,0,No,Yes,112.91,2680.95,5,6,0,1
CUS-102322,45,Two year,DSL,Mailed check,Yes,No,No,0,No,No,40.95,1840.72,3,1,0,0
CUS-104197,41,One year,Fiber optic,Mailed check,No,Yes,No,0,No,Yes,124.54,5311.28,4,4,0,1
CUS-103549,13,Month-to-month,Fiber optic,Electronic check,Yes,No,No internet service,0,No,Yes,102.76,1451.25,3,4,0,1
CUS-101458,20,One year,Fiber optic,Credit card,No,Yes,No,1,No,Yes,93.64,1897.68,0,1,0,0
CUS-100171,31,Month-to-month,Fiber optic,Bank transfer,No,No,Yes,0,No,No,131.87,4338.69,3,4,0,0
CUS-104203,7,Two year,Fiber optic,Electronic check,Yes,No,No,0,No,No,82.22,1012.95,0,0,0,0
CUS-105858,38,One year,Fiber optic,Electronic check,Yes,No,Yes,1,Yes,No,124.48,4677.93,4,2,1,0
CUS-103569,28,Two year,No,Bank transfer,Yes,No,No,0,No,No,43.8,1369.93,1,0,0,0
CUS-104226,18,One year,Fiber optic,Electronic check,Yes,No,No,0,No,No,85.62,1778.84,4,2,0,1
CUS-105158,30,Month-to-month,Fiber optic,Credit card,Yes,Yes,Yes,0,No,No,103.43,3167.54,5,2,1,1
CUS-105707,31,Month-to-month,Fiber optic,Bank transfer,Yes,No,No,0,No,No,129.14,4397.2,5,6,0,1
CUS-105918,19,Two year,No,Bank transfer,Yes,No,No internet service,0,Yes,No,50.8,691.62,3,2,0,0
CUS-100938,36,Month-to-month,DSL,Bank transfer,Yes,No,Yes,0,No,No,64.13,2547.79,3,0,1,0
CUS-100060,29,Month-to-month,Fiber optic,Mailed check,No,Yes,No internet service,0,No,Yes,99.96,2938.64,0,3,0,0
CUS-101240,65,Month-to-month,Fiber optic,Bank transfer,Yes,No internet service,Yes,0,No,No,83.34,4823.88,2,5,0,0
CUS-105136,44,One year,Fiber optic,Electronic check,No,No,No,0,Yes,No,83.4,3775.2,3,2,0,0
CUS-106858,3,Month-to-month,DSL,Bank transfer,Yes,No,Yes,0,No,No,32.74,62.85,1,0,0,1
CUS-102120,8,Month-to-month,No,Bank transfer,Yes,No internet service,No internet service,0,No,No,64.99,547.2,3,3,0,1
CUS-101524,12,One year,DSL,Bank transfer,Yes,No internet service,No,1,No,No,58.97,741.73,2,2,0,0
CUS-100153,45,Month-to-month,Fiber optic,Credit card,Yes,No internet service,Yes,1,No,No,104.86,4763.25,3,3,0,1
CUS-100481,25,Two year,Fiber optic,Electronic check,No,Yes,No,0,Yes,No,93.75,2105.86,1,3,0,1
CUS-104460,72,Month-to-month,Fiber optic,Mailed check,No,No,No,1,Yes,No,53.59,3810.57,0,2,0,0
CUS-103920,65,Month-to-month,DSL,Electronic check,Yes,No,No,0,Yes,No,63.5,4012.07,2,1,0,1
CUS-101762,49,Month-to-month,DSL,Bank transfer,Yes,Yes,Yes,0,No,Yes,71.37,3653.73,2,2,0,0
CUS-100750,35,Month-to-month,DSL,Electronic check,Yes,No,No internet service,0,No,Yes,38.12,1363.1,0,1,0,0
CUS-101785,61,Month-to-month,Fiber optic,Electronic check,Yes,No internet service,No,1,Yes,No,87.94,5495.65,2,2,0,0
CUS-105817,24,Two year,Fiber optic,Electronic check,Yes,Yes,No internet service,0,No,No,94.74,1749.15,1,1,0,0
CUS-104501,33,Month-to-month,DSL,Bank transfer,No,No,No,0,No,Yes,43.99,1355.78,0,1,0,0
CUS-104853,8,Month-to-month,Fiber optic,Mailed check,No,No,Yes,0,Yes,Yes,89.17,827.86,5,5,0,1
CUS-102711,25,Month-to-month,Fiber optic,Electronic check,No,No internet service,No,1,Yes,No,117.78,2982.8,4,7,0,1
CUS-105652,16,One year,No,Bank transfer,Yes,No internet service,No,0,Yes,Yes,49.25,790.22,1,0,0,0
CUS-104193,72,Month-to-month,No,Credit card,No,No,No internet service,0,Yes,No,64.2,4390.44,3,2,0,0
CUS-101333,10,Month-to-month,DSL,Mailed check,Yes,No internet service,Yes,1,Yes,No,53.78,549.02,0,1,0,0
CUS-106225,26,Month-to-month,Fiber optic,Electronic check,Yes,Yes,No,0,Yes,Yes,81.28,2344.48,2,1,0,1
CUS-102854,5,One year,Fiber optic,Mailed check,Yes,No,Yes,0,No,Yes,79.17,817.67,1,4,1,0
CUS-100186,44,One year,DSL,Bank transfer,Yes,Yes,No internet service,0,Yes,No,61.2,2666.51,1,2,0,0
CUS-101136,72,Month-to-month,Fiber optic,Credit card,Yes,Yes,Yes,1,No,No,108.84,7928.12,3,0,0,0
CUS-102058,4,Month-to-month,Fiber optic,Mailed check,Yes,No,No internet service,0,No,Yes,113.99,710.2,5,0,0,1
CUS-105865,5,One year,DSL,Credit card,Yes,No internet service,Yes,0,No,No,65.88,187.0,5,3,0,1
CUS-105860,50,Month-to-month,DSL,Bank transfer,Yes,No,No,0,Yes,No,44.11,2203.15,0,3,1,0
CUS-100148,63,One year,DSL,Electronic check,No,Yes,No,1,No,Yes,83.76,5362.71,4,2,0,0
CUS-104124,21,Two year,DSL,Bank transfer,Yes,Yes,No internet service,0,No,No,92.38,2073.74,5,2,0,0
CUS-104889,37,Month-to-month,Fiber optic,Bank transfer,No,No internet service,No,1,No,No,46.67,1959.97,0,2,1,1
CUS-105662,46,Month-to-month,Fiber optic,Bank transfer,Yes,No,Yes,1,Yes,No,90.45,4259.88,4,5,0,1
CUS-103363,24,One year,DSL,Mailed check,Yes,No internet service,Yes,0,No,No,50.87,1400.49,2,0,0,0
CUS-104788,25,Two year,Fiber optic,Credit card,Yes,No internet service,No,0,Yes,Yes,76.3,2156.16,2,3,0,0
CUS-102866,33,Month-to-month,DSL,Credit card,No,No,No,0,No,No,38.74,1284.92,2,2,0,0
CUS-103776,11,Month-to-month,DSL,Bank transfer,No,Yes,No internet service,0,Yes,Yes,55.41,450.51,1,4,0,1
CUS-101386,20,Two year,DSL,Mailed check,Yes,No internet service,Yes,0,Yes,No,52.65,1173.34,2,5,0,0
CUS-106607,30,Month-to-month,Fiber optic,Bank transfer,Yes,No,No,0,No,No,124.47,3744.08,5,3,0,1
CUS-105818,26,Two year,DSL,Credit card,Yes,No,Yes,0,No,No,46.07,1056.97,1,0,0,0
CUS-103629,50,Month-to-month,Fiber optic,Electronic check,Yes,No,Yes,0,No,No,71.22,3370.63,3,1,0,0
CUS-106520,36,Month-to-month,DSL,Credit card,Yes,No internet service,No,0,Yes,Yes,20.97,658.89,0,0,0,0
CUS-104797,36,One year,DSL,Credit card,Yes,No,No internet service,0,No,No,99.98,3704.87,5,3,0,0
CUS-103028,72,Month-to-month,DSL,Mailed check,Yes,No,No,0,Yes,No,63.79,4691.5,3,1,0,0
CUS-102969,6,One year,DSL,Credit card,No,Yes,No,0,Yes,Yes,57.99,523.97,4,0,0,0
CUS-106080,27,Two year,Fiber optic,Mailed check,No,No,Yes,0,Yes,No,99.28,2601.32,4,5,1,1
CUS-101708,52,Month-to-month,DSL,Mailed check,No,Yes,No internet service,0,No,No,58.91,3246.07,0,4,1,0
CUS-102953,8,Two year,DSL,Electronic check,Yes,No internet service,No internet service,0,Yes,No,89.25,1322.95,5,1,0,1
CUS-100454,15,Month-to-month,Fiber optic,Electronic check,Yes,No,Yes,0,Yes,No,102.04,2103.83,3,1,0,1
CUS-100609,2,Two year,Fiber optic,Mailed check,Yes,No,No,0,Yes,No,91.62,89.5,1,3,0,0
CUS-104263,11,One year,Fiber optic,Electronic check,Yes,No,No,0,No,Yes,119.31,1854.37,5,3,0,1
CUS-104826,44,One year,Fiber optic,Credit card,Yes,Yes,Yes,1,Yes,No,95.03,4120.81,2,3,0,0
CUS-105930,30,Month-to-month,Fiber optic,Credit card,Yes,No,No,0,No,No,106.06,2862.83,3,6,1,0
CUS-102074,26,Two year,DSL,Electronic check,No,Yes,No,0,No,No,52.78,1313.07,2,0,0,0
CUS-104052,39,Two year,Fiber optic,Bank transfer,No,Yes,No,0,Yes,Yes,117.81,4222.3,3,6,0,0
CUS-105686,30,Month-to-month,No,Bank transfer,Yes,Yes,No,0,No,No,60.68,1622.19,4,0,0,1
CUS-101622,12,One year,Fiber optic,Mailed check,No,No,Yes,0,No,No,101.78,1369.85,3,0,0,0
CUS-104683,34,Month-to-month,Fiber optic,Bank transfer,Yes,No,No internet service,0,No,No,105.41,3187.17,3,4,0,1
CUS-105497,16,Month-to-month,DSL,Electronic check,Yes,No,No,0,Yes,No,63.66,1333.78,5,5,0,0
CUS-106125,68,Month-to-month,DSL,Electronic check,Yes,Yes,No internet service,0,Yes,No,44.83,3130.71,0,0,0,1
CUS-100040,19,One year,DSL,Electronic check,Yes,No internet service,No,0,Yes,No,72.97,1400.86,4,1,0,0
CUS-105475,17,Month-to-month,DSL,Bank transfer,No,No,No,0,Yes,No,62.69,1273.04,0,1,0,0
CUS-102089,31,Month-to-month,DSL,Mailed check,Yes,No,No,1,Yes,No,58.05,2047.64,5,2,0,0
CUS-103924,17,Month-to-month,No,Electronic check,Yes,No,Yes,0,Yes,Yes,50.7,971.35,0,3,0,0
CUS-102175,72,Two year,DSL,Mailed check,No,No,No,0,No,No,69.61,4932.99,4,3,0,0
CUS-100074,22,One year,Fiber optic,Electronic check,Yes,Yes,Yes,1,No,Yes,78.45,2143.51,0,5,0,1
CUS-105597,13,Month-to-month,DSL,Bank transfer,No,No,No,0,No,No,94.1,1298.47,4,2,0,0
CUS-106904,30,Two year,DSL,Mailed check,No,No internet service,No,0,Yes,Yes,54.24,1892.13,0,4,0,0
CUS-102657,51,One year,DSL,Electronic check,No,No internet service,No,0,Yes,No,99.69,4927.18,5,0,0,0
CUS-103180,72,Two year,DSL,Credit card,No,No,No internet service,0,Yes,Yes,82.72,6072.02,5,3,1,0
CUS-102076,33,One year,No,Electronic check,Yes,No internet service,No internet service,0,Yes,No,22.88,720.72,1,0,0,0
CUS-100441,25,Month-to-month,DSL,Credit card,No,Yes,No,0,No,No,56.71,1380.99,4,1,0,0
CUS-102051,60,Two year,Fiber optic,Mailed check,No,Yes,No internet service,0,No,Yes,101.52,5783.06,4,2,0,0
CUS-102541,25,Month-to-month,Fiber optic,Electronic check,Yes,No,Yes,0,No,No,76.69,1931.76,1,1,0,0
CUS-101301,63,Two year,DSL,Mailed check,Yes,Yes,Yes,0,Yes,No,90.11,5365.69,3,2,0,0
CUS-103430,10,Month-to-month,DSL,Electronic check,Yes,No,Yes,0,Yes,Yes,65.95,511.42,1,2,0,0
CUS-101304,25,Two year,Fiber optic,Bank transfer,Yes,No,No,0,Yes,No,89.61,2351.18,3,2,0,0
CUS-100236,52,One year,Fiber optic,Credit card,No,No,No internet service,1,Yes,Yes,121.66,6615.72,3,4,0,1
CUS-105832,6,Two year,Fiber optic,Bank transfer,Yes,No internet service,No,0,No,Yes,142.45,1047.41,5,5,0,1
CUS-102599,38,Month-to-month,DSL,Credit card,No,No,Yes,0,Yes,No,49.54,2028.48,3,0,0,0
CUS-104616,28,One year,DSL,Mailed check,No,No,No,0,No,Yes,68.23,1994.76,4,0,0,0
CUS-102573,49,Two year,No,Mailed check,Yes,No internet service,Yes,0,Yes,No,40.4,2054.76,2,0,0,0
CUS-103280,44,Month-to-month,Fiber optic,Credit card,Yes,Yes,No,0,No,No,102.53,4415.38,0,2,0,1
CUS-103186,8,Month-to-month,Fiber optic,Electronic check,Yes,No,Yes,0,Yes,Yes,69.12,555.1,2,1,0,0
CUS-103953,70,Month-to-month,DSL,Mailed check,Yes,No,No internet service,1,No,Yes,42.71,3177.33,1,4,0,1
CUS-102768,22,Month-to-month,DSL,Credit card,Yes,No,No internet service,0,Yes,No,54.22,1184.83,4,1,0,0
CUS-104831,12,Month-to-month,Fiber optic,Bank transfer,Yes,No,No internet service,1,Yes,No,59.78,457.82,2,0,0,0
CUS-104223,14,Two year,Fiber optic,Credit card,Yes,No,Yes,0,No,No,81.69,1014.86,0,1,0,0
CUS-102106,10,Month-to-month,Fiber optic,Credit card,Yes,Yes,No,1,No,No,81.07,631.03,0,4,0,0
CUS-102679,48,Month-to-month,Fiber optic,Mailed check,Yes,Yes,No internet service,0,No,No,111.57,4944.64,3,1,0,0
CUS-102761,27,Month-to-month,Fiber optic,Electronic check,Yes,Yes,No internet service,0,Yes,No,91.37,2430.44,1,4,0,0
CUS-104688,8,Month-to-month,Fiber optic,Electronic check,Yes,Yes,No,1,No,No,103.07,1436.16,4,2,0,0
CUS-105399,27,One year,DSL,Electronic check,Yes,No,No,0,Yes,No,43.0,1116.81,5,2,0,0
CUS-101387,15,Month-to-month,Fiber optic,Bank transfer,Yes,No,No,0,No,No,103.89,1561.43,3,1,0,1
CUS-106563,19,Month-to-month,DSL,Electronic check,No,No,No,0,No,No,56.86,899.99,0,3,0,1
CUS-106327,12,Two year,DSL,Mailed check,No,No internet service,Yes,0,Yes,No,38.06,531.52,3,1,0,0
CUS-106750,25,Month-to-month,DSL,Mailed check,No,Yes,No,0,No,No,35.03,648.18,0,1,0,1
CUS-105000,13,Two year,Fiber optic,Credit card,No,No,No,0,No,No,91.26,1585.77,0,2,0,0
CUS-101279,32,Month-to-month,No,Electronic check,Yes,No,Yes,1,Yes,Yes,102.51,2897.41,5,3,0,1
CUS-106241,27,One year,Fiber optic,Mailed check,No,No,No,0,No,No,113.5,3357.97,2,0,0,1
CUS-106857,15,Month-to-month,Fiber optic,Mailed check,No,Yes,No internet service,0,Yes,No,131.36,1469.62,5,0,0,1
CUS-101555,50,One year,DSL,Electronic check,Yes,Yes,Yes,0,No,No,61.35,2959.91,5,2,1,0
CUS-106322,15,Two year,No,Electronic check,No,Yes,No internet service,1,No,No,40.73,673.46,1,2,0,0
CUS-103190,44,Month-to-month,Fiber optic,Bank transfer,Yes,Yes,Yes,0,Yes,No,87.41,4084.11,2,0,0,1
CUS-104566,49,Month-to-month,DSL,Electronic check,No,Yes,Yes,0,Yes,Yes,54.42,2746.67,3,0,0,0
CUS-104802,56,Month-to-month,Fiber optic,Credit card,Yes,Yes,Yes,0,Yes,No,125.81,6563.18,3,2,0,0
CUS-106558,23,One year,DSL,Credit card,No,No,Yes,0,No,Yes,77.83,1418.85,4,1,0,0
CUS-104841,52,Month-to-month,Fiber optic,Credit card,Yes,No,No,0,No,Yes,70.88,3425.78,1,3,0,0
CUS-103594,18,Month-to-month,No,Electronic check,Yes,Yes,No internet service,0,No,Yes,34.73,722.51,0,0,1,1
CUS-101920,17,One year,No,Bank transfer,No,No internet service,No,0,Yes,No,66.19,1078.02,3,1,0,0
CUS-100513,33,Month-to-month,No,Bank transfer,No,No,No,0,Yes,Yes,52.96,1669.32,4,0,0,1
CUS-104177,35,Two year,DSL,Credit card,Yes,No internet service,Yes,0,Yes,No,35.98,1527.96,0,1,1,0
CUS-101308,23,One year,Fiber optic,Bank transfer,Yes,Yes,Yes,0,Yes,No,105.37,1991.62,4,1,0,0
CUS-100914,25,One year,No,Credit card,No,No,No internet service,0,Yes,No,63.49,1640.37,3,1,0,0
CUS-103452,7,Month-to-month,Fiber optic,Bank transfer,No,No,No internet service,0,Yes,No,102.09,592.83,4,0,0,1
CUS-103695,29,One year,Fiber optic,Electronic check,No,No internet service,No,1,No,Yes,80.15,2206.51,2,1,0,0
CUS-104242,24,Month-to-month,Fiber optic,Mailed check,No,No,Yes,0,Yes,Yes,113.96,3060.55,2,2,0,1
CUS-103156,32,Two year,Fiber optic,Bank transfer,No,No,No,0,Yes,No,100.02,2985.26,3,3,0,0
CUS-102198,28,One year,Fiber optic,Credit card,Yes,No,No internet service,0,No,Yes,71.93,2283.02,0,5,0,0
CUS-100774,22,Month-to-month,No,Electronic check,No,No,Yes,0,No,Yes,59.08,1060.19,1,0,0,1
CUS-104425,40,Two year,Fiber optic,Credit card,Yes,No,No,0,No,Yes,108.61,4707.21,4,0,0,0
CUS-100943,10,Month-to-month,Fiber optic,Electronic check,Yes,No,No,0,Yes,Yes,107.85,1302.6,2,3,0,1
CUS-100822,21,Month-to-month,DSL,Credit card,Yes,No,No internet service,0,Yes,No,77.66,2009.51,2,1,0,0
CUS-105005,11,Month-to-month,DSL,Electronic check,Yes,No,No,0,No,Yes,64.87,923.69,3,0,0,1
CUS-104277,25,Month-to-month,Fiber optic,Bank transfer,No,No,Yes,0,Yes,No,93.01,2118.71,2,1,0,0
CUS-100164,42,Two year,Fiber optic,Bank transfer,Yes,No internet service,No,1,Yes,Yes,81.02,3232.16,0,0,0,0
CUS-105619,5,Month-to-month,No,Electronic check,No,No,No internet service,0,No,Yes,55.98,336.77,3,0,0,0
CUS-104547,4,Month-to-month,DSL,Credit card,Yes,No internet service,Yes,0,No,Yes,67.75,445.31,3,2,0,0
CUS-103983,5,Two year,No,Electronic check,No,No,No internet service,0,Yes,No,64.17,70.53,4,1,0,0
CUS-102538,11,Two year,Fiber optic,Mailed check,Yes,No,Yes,1,Yes,No,99.18,1622.49,0,1,1,0
CUS-106670,19,Month-to-month,Fiber optic,Electronic check,Yes,No internet service,No,0,No,Yes,105.41,1676.18,5,2,0,1
CUS-101311,16,Two year,Fiber optic,Mailed check,Yes,No internet service,No,1,No,No,113.73,1559.78,3,2,1,0
CUS-105207,16,Month-to-month,DSL,Credit card,No,No,No internet service,0,Yes,Yes,98.84,1701.97,4,3,0,1
CUS-106357,34,Two year,No,Bank transfer,No,No internet service,Yes,0,Yes,No,59.07,2144.89,3,1,0,0
CUS-105383,40,Month-to-month,Fiber optic,Bank transfer,Yes,No,No,1,Yes,No,75.58,2859.16,2,2,0,0
CUS-105834,16,Two year,Fiber optic,Credit card,Yes,No,No internet service,0,No,Yes,94.58,1107.09,5,3,0,0
CUS-106691,32,Month-to-month,DSL,Bank transfer,No,Yes,No,0,Yes,No,59.68,1853.04,1,3,0,1
CUS-103300,16,Month-to-month,DSL,Mailed check,Yes,No,No,0,No,No,75.01,1025.85,3,3,0,0
CUS-103310,11,Month-to-month,No,Bank transfer,Yes,Yes,Yes,0,No,No,56.53,559.21,5,3,0,1
CUS-100327,8,One year,DSL,Mailed check,Yes,No,No,0,No,No,70.94,284.14,2,0,0,0
CUS-102490,14,Two year,No,Electronic check,Yes,No,No internet service,1,No,No,76.33,1116.89,3,4,0,0
CUS-106551,43,Month-to-month,DSL,Electronic check,No,Yes,No,0,No,No,90.54,4111.65,2,2,1,0
CUS-104408,9,One year,Fiber optic,Mailed check,No,No,Yes,0,Yes,No,85.11,621.53,3,1,1,0
CUS-100832,21,One year,Fiber optic,Mailed check,Yes,No,No,0,No,No,98.55,1965.41,1,2,0,1
CUS-103079,3,Month-to-month,DSL,Credit card,No,No,No,0,Yes,No,48.55,24.28,2,3,1,1
CUS-103462,72,One year,DSL,Bank transfer,Yes,No,No internet service,0,No,No,63.86,4719.49,5,1,0,0
CUS-105297,18,Month-to-month,Fiber optic,Credit card,No,No,Yes,0,No,Yes,86.22,1460.36,1,2,0,0
CUS-106126,72,Month-to-month,Fiber optic,Electronic check,Yes,No,No internet service,0,No,No,114.49,8097.82,5,2,0,1
CUS-100054,34,One year,DSL,Mailed check,No,No internet service,No,0,Yes,No,47.22,1591.81,3,2,0,0
CUS-104064,19,Month-to-month,No,Credit card,Yes,No,No,0,No,Yes,56.11,1135.95,4,1,0,0
CUS-103451,13,One year,Fiber optic,Mailed check,Yes,Yes,No,0,No,No,101.86,1167.46,4,4,1,0
CUS-101901,22,Month-to-month,Fiber optic,Credit card,Yes,No internet service,No,0,Yes,No,101.62,2316.5,3,6,0,1
CUS-101481,68,Month-to-month,DSL,Mailed check,Yes,No,No internet service,0,Yes,Yes,60.59,4048.98,1,1,1,0
CUS-104873,6,One year,DSL,Bank transfer,No,No,Yes,0,Yes,No,66.56,211.15,3,2,0,0
CUS-104895,19,Two year,DSL,Electronic check,Yes,No internet service,No,0,No,No,78.47,1936.59,5,5,0,0
CUS-104150,15,One year,Fiber optic,Mailed check,No,No internet service,No internet service,0,No,Yes,99.85,1469.02,5,4,0,1
CUS-103335,19,One year,DSL,Credit card,No,Yes,No internet service,0,No,No,44.79,891.9,3,0,0,0
CUS-104926,30,One year,Fiber optic,Mailed check,Yes,No internet service,No internet service,1,Yes,No,98.51,2968.44,1,5,1,1
CUS-100946,9,Two year,DSL,Bank transfer,Yes,No,Yes,0,No,Yes,65.64,749.14,4,2,0,0
CUS-103293,71,Month-to-month,Fiber optic,Electronic check,Yes,Yes,No internet service,0,Yes,Yes,92.68,6405.13,1,2,0,0
CUS-102161,26,Month-to-month,Fiber optic,Credit card,Yes,No,Yes,1,No,Yes,137.97,3822.7,2,2,0,1
CUS-106774,47,One year,Fiber optic,Electronic check,No,Yes,No,0,No,No,83.89,3825.77,3,5,0,0
CUS-105083,34,Two year,DSL,Bank transfer,No,Yes,No,0,Yes,No,103.01,4086.28,5,4,0,0
CUS-105923,51,Two year,Fiber optic,Credit card,No,Yes,Yes,0,Yes,No,121.1,6154.98,5,3,0,0
CUS-103057,10,Month-to-month,DSL,Electronic check,No,No internet service,No,1,No,No,64.88,441.41,5,0,0,0
CUS-105490,8,One year,Fiber optic,Electronic check,No,No,No,0,Yes,Yes,95.39,732.57,2,1,0,0
CUS-100768,13,Month-to-month,DSL,Credit card,No,No,No,1,Yes,Yes,64.11,679.44,5,2,1,1
CUS-106573,37,Two year,No,Bank transfer,Yes,No,No,0,No,Yes,46.72,1735.33,2,1,0,0
CUS-103495,13,Month-to-month,DSL,Mailed check,Yes,No internet service,No,0,No,No,65.21,650.63,2,4,0,0
CUS-100285,46,Month-to-month,Fiber optic,Electronic check,Yes,Yes,No,0,No,Yes,121.01,5766.49,4,3,1,1
CUS-106917,57,Month-to-month,Fiber optic,Mailed check,No,No,No internet service,0,No,Yes,80.68,4492.85,5,1,0,1
CUS-104524,16,Two year,DSL,Bank transfer,No,Yes,No,0,No,Yes,48.81,773.85,4,0,0,0
CUS-106219,23,Month-to-month,No,Mailed check,No,No,No internet service,0,Yes,Yes,63.25,1497.53,2,1,1,0
CUS-102332,15,Two year,DSL,Electronic check,Yes,No,Yes,0,No,Yes,50.23,687.24,1,1,0,0
CUS-102717,72,Two year,No,Electronic check,No,No internet service,No,0,Yes,No,43.38,3031.52,3,3,1,0
CUS-102079,43,Two year,Fiber optic,Electronic check,Yes,No,Yes,0,No,Yes,71.25,2707.62,0,3,0,0
CUS-103389,51,Month-to-month,Fiber optic,Credit card,No,No,No internet service,0,Yes,No,88.91,4920.99,4,0,0,0
CUS-100722,65,Month-to-month,Fiber optic,Credit card,Yes,No internet service,No,0,Yes,No,113.09,7217.08,3,2,0,0
CUS-100951,6,Month-to-month,DSL,Bank transfer,Yes,Yes,Yes,0,No,Yes,75.36,487.75,5,1,0,0
CUS-106095,12,Month-to-month,DSL,Credit card,Yes,Yes,Yes,0,Yes,No,53.4,512.99,2,0,0,0
CUS-102262,48,Month-to-month,Fiber optic,Electronic check,No,No,No,0,No,No,89.94,4463.02,0,3,1,1
CUS-100989,33,Two year,DSL,Credit card,No,No,Yes,0,No,No,82.51,1927.13,4,1,0,0
CUS-103212,17,Two year,DSL,Electronic check,Yes,No,No internet service,0,No,No,80.06,1028.33,5,1,0,0
CUS-101759,68,Month-to-month,DSL,Electronic check,Yes,No,No,0,No,No,54.64,3664.81,2,1,1,0
CUS-105744,12,Month-to-month,Fiber optic,Electronic check,No,Yes,No,0,Yes,No,82.92,658.0,1,0,0,1
CUS-104422,16,One year,No,Mailed check,No,No internet service,No,0,No,No,69.54,1118.56,5,0,0,0
CUS-105479,22,Month-to-month,No,Credit card,No,Yes,No,0,No,No,62.48,1756.83,4,3,0,0
CUS-101724,2,Month-to-month,No,Bank transfer,No,No internet service,Yes,0,Yes,No,56.07,28.04,3,0,0,0
CUS-105182,9,Month-to-month,DSL,Credit card,Yes,No,No,0,No,No,63.9,517.5,1,2,0,0
CUS-100341,44,Month-to-month,No,Mailed check,No,Yes,No,0,No,Yes,84.62,3829.57,4,3,1,1
CUS-103701,2,Month-to-month,No,Bank transfer,No,No,No,0,Yes,No,56.99,55.9,5,0,0,0
CUS-104243,21,Month-to-month,Fiber optic,Mailed check,Yes,No,No internet service,1,Yes,No,107.71,2203.92,1,2,0,1
CUS-100688,32,One year,No,Credit card,No,No internet service,No,0,No,No,65.53,2129.76,2,2,0,0
CUS-103432,18,Month-to-month,Fiber optic,Mailed check,No,No,No internet service,0,Yes,No,67.46,1037.08,0,2,0,0
CUS-105203,23,Month-to-month,DSL,Electronic check,Yes,Yes,No internet service,0,Yes,No,42.52,851.13,0,2,0,1
CUS-104944,53,Month-to-month,DSL,Electronic check,No,No internet service,No,0,Yes,No,66.22,3281.21,4,0,0,1
CUS-100966,72,Two year,Fiber optic,Bank transfer,Yes,No,No,0,Yes,Yes,92.69,7041.1,2,2,0,0
CUS-106602,58,One year,Fiber optic,Bank transfer,No,No,No,0,No,No,95.84,5545.75,4,3,0,0
CUS-106337,26,Month-to-month,No,Bank transfer,Yes,No,No internet service,0,Yes,No,65.13,1771.75,3,3,1,0
CUS-102203,44,Two year,Fiber optic,Electronic check,Yes,No,No,0,Yes,No,83.35,3887.82,0,0,0,0
CUS-102713,53,One year,No,Bank transfer,Yes,Yes,No internet service,0,Yes,Yes,61.58,3342.97,2,0,0,0
CUS-104757,3,Month-to-month,No,Electronic check,No,No,Yes,0,Yes,No,45.23,143.51,3,0,0,1
CUS-105098,33,Two year,Fiber optic,Credit card,Yes,Yes,No internet service,0,Yes,No,87.09,3013.64,0,2,0,0
CUS-106158,41,Two year,Fiber optic,Electronic check,Yes,No,Yes,0,No,No,82.39,3356.24,5,2,0,0
CUS-106684,56,Two year,No,Electronic check,Yes,Yes,No,0,No,Yes,56.34,3198.22,0,0,0,0
CUS-105280,15,Month-to-month,Fiber optic,Bank transfer,Yes,No,Yes,0,Yes,No,83.51,1288.69,1,1,0,0
CUS-103572,17,Two year,Fiber optic,Mailed check,No,No,No,0,No,No,86.03,1326.1,3,4,1,1
CUS-104805,30,Month-to-month,DSL,Bank transfer,Yes,No internet service,No,0,Yes,No,58.56,1703.9,1,1,1,0
CUS-105299,36,One year,No,Electronic check,Yes,No,No,1,Yes,No,111.62,3502.26,5,2,0,1
CUS-101990,28,Month-to-month,Fiber optic,Electronic check,Yes,Yes,No,0,No,No,98.54,2670.59,0,2,0,1
CUS-104120,18,Month-to-month,No,Electronic check,No,No,Yes,0,Yes,No,71.09,1077.78,5,4,0,1
CUS-104759,39,Month-to-month,No,Electronic check,Yes,Yes,No internet service,0,No,No,40.22,1335.13,0,2,0,0
CUS-105738,56,Month-to-month,No,Credit card,Yes,Yes,No internet service,0,Yes,No,29.14,1768.66,1,1,1,0
CUS-105298,44,Month-to-month,Fiber optic,Bank transfer,No,No,No internet service,0,No,No,98.01,4906.31,3,0,0,0
CUS-106110,57,Month-to-month,Fiber optic,Credit card,Yes,Yes,No,0,No,Yes,110.34,5852.28,5,3,0,0
CUS-104971,10,Two year,Fiber optic,Bank transfer,Yes,No,Yes,0,Yes,Yes,59.16,535.88,0,2,0,0
CUS-106626,10,Month-to-month,Fiber optic,Bank transfer,No,Yes,No internet service,0,No,No,117.36,1158.67,4,1,0,1
CUS-105034,40,Month-to-month,DSL,Bank transfer,No,No internet service,No,1,Yes,Yes,30.58,1305.95,0,0,0,0
CUS-103600,46,Two year,DSL,Credit card,Yes,No,Yes,0,No,No,55.18,2390.96,4,4,0,0
CUS-106382,16,Two year,Fiber optic,Electronic check,Yes,No,Yes,0,No,No,67.86,1220.97,0,4,1,0
CUS-106966,57,Two year,Fiber optic,Bank transfer,Yes,No internet service,No internet service,0,No,No,102.38,5635.13,5,4,1,0
CUS-105766,34,One year,No,Electronic check,Yes,Yes,Yes,0,No,No,62.72,2279.95,3,2,0,0
CUS-100385,41,One year,Fiber optic,Credit card,No,No,Yes,0,No,Yes,112.41,4117.22,2,2,0,0
CUS-106101,23,Month-to-month,Fiber optic,Mailed check,No,Yes,No internet service,0,No,No,74.6,1831.7,1,2,0,0
CUS-106384,43,One year,No,Electronic check,No,No internet service,No,0,Yes,No,39.06,1682.74,0,1,0,0
CUS-100536,21,One year,Fiber optic,Electronic check,Yes,No,No internet service,1,Yes,No,93.29,1879.09,1,2,0,0
CUS-106523,17,Month-to-month,Fiber optic,Mailed check,Yes,No,No,0,Yes,No,117.54,1664.5,3,1,0,1
CUS-105032,43,Month-to-month,No,Bank transfer,No,No,Yes,0,Yes,No,68.28,2799.36,4,3,0,0
CUS-104212,13,Month-to-month,Fiber optic,Bank transfer,Yes,No,No,0,No,Yes,126.3,1308.14,2,5,0,0
CUS-103507,53,Two year,Fiber optic,Bank transfer,No,No,Yes,0,No,No,69.67,3916.1,0,1,0,0
CUS-100201,29,Month-to-month,No,Bank transfer,Yes,Yes,No internet service,0,Yes,Yes,58.03,1542.27,4,3,0,1
CUS-101332,3,Month-to-month,DSL,Mailed check,Yes,No,Yes,1,No,No,45.75,85.36,1,0,0,0
CUS-103502,71,One year,DSL,Electronic check,Yes,No internet service,No,0,Yes,No,57.09,4287.36,0,1,0,0
CUS-102708,11,Month-to-month,DSL,Credit card,No,No internet service,No internet service,0,Yes,Yes,67.2,640.67,1,0,0,0
CUS-105031,19,One year,Fiber optic,Electronic check,Yes,Yes,No,1,Yes,Yes,86.38,1502.51,2,3,1,0
CUS-104662,30,Two year,DSL,Bank transfer,Yes,No,Yes,0,Yes,Yes,37.24,1108.08,0,0,0,0
CUS-104021,38,Two year,Fiber optic,Electronic check,Yes,Yes,Yes,0,Yes,No,92.06,3383.52,4,0,1,0
CUS-101854,66,Month-to-month,No,Mailed check,Yes,Yes,No,0,Yes,No,51.39,3373.48,4,1,0,0
CUS-106250,72,One year,Fiber optic,Mailed check,No,Yes,No internet service,0,No,No,94.6,6840.02,1,3,1,0
CUS-102872,15,Month-to-month,No,Credit card,Yes,No,Yes,0,No,No,53.93,799.71,1,0,1,0
CUS-103030,32,Month-to-month,Fiber optic,Mailed check,No,No internet service,Yes,0,No,No,116.65,3697.43,4,4,0,1
CUS-101205,48,Month-to-month,DSL,Electronic check,No,No internet service,No,0,No,Yes,50.06,2382.13,0,2,0,0
CUS-101645,14,Month-to-month,No,Credit card,Yes,No,No,0,Yes,No,77.2,1207.92,2,3,1,0
CUS-103417,66,Two year,DSL,Mailed check,No,No,No internet service,0,Yes,No,43.11,2817.3,3,1,0,0
CUS-103476,68,Month-to-month,Fiber optic,Bank transfer,Yes,No,Yes,0,Yes,No,94.89,6221.11,3,1,1,0
CUS-105887,8,Month-to-month,Fiber optic,Electronic check,Yes,No internet service,No,0,Yes,No,121.0,821.49,3,2,0,1
CUS-102861,42,Month-to-month,Fiber optic,Credit card,No,Yes,No,0,Yes,No,113.67,4504.39,4,5,0,0
CUS-101792,27,Month-to-month,No,Mailed check,Yes,Yes,Yes,1,No,Yes,39.33,1111.8,0,0,0,0
CUS-105526,24,Month-to-month,No,Bank transfer,Yes,No,Yes,0,Yes,No,51.36,1441.11,1,0,0,0
CUS-103797,20,Month-to-month,Fiber optic,Electronic check,Yes,No,No,0,No,Yes,80.42,1346.13,4,2,0,1
CUS-103368,19,Two year,No,Electronic check,Yes,No internet service,No,0,Yes,No,73.41,920.19,5,1,1,0
CUS-103367,20,Month-to-month,DSL,Mailed check,No,No,No,0,No,No,56.52,1024.53,1,0,0,1
CUS-103533,56,One year,Fiber optic,Credit card,Yes,No,No,1,No,No,95.3,4568.92,2,2,0,0
CUS-106133,54,Month-to-month,DSL,Electronic check,Yes,Yes,Yes,1,Yes,Yes,33.77,1935.61,3,0,0,1
CUS-105109,13,Month-to-month,DSL,Mailed check,Yes,No internet service,No,0,No,No,91.84,929.4,3,0,0,0
CUS-103449,24,Month-to-month,No,Electronic check,No,No,No,0,No,Yes,52.57,1416.47,1,2,0,1
CUS-100603,14,Month-to-month,No,Mailed check,Yes,No,Yes,0,No,Yes,60.83,1060.46,5,1,0,1
CUS-103056,41,Two year,Fiber optic,Bank transfer,Yes,No internet service,No,1,Yes,No,81.91,3412.89,4,0,0,0
CUS-106085,15,One year,DSL,Mailed check,Yes,No internet service,No internet service,0,No,No,44.27,644.07,1,1,0,0
CUS-100126,18,One year,Fiber optic,Electronic check,Yes,No internet service,Yes,1,No,Yes,66.11,1259.77,0,1,0,0
CUS-103876,18,Two year,DSL,Mailed check,No,No,Yes,0,No,No,71.1,1676.72,5,1,0,0
CUS-102935,32,Month-to-month,DSL,Bank transfer,Yes,No,No,0,Yes,No,56.42,1640.48,2,3,0,0
CUS-105443,32,One year,Fiber optic,Electronic check,Yes,Yes,No internet service,0,No,No,101.86,3337.89,4,4,1,0
CUS-104451,18,Two year,DSL,Credit card,No,No,Yes,0,No,No,39.59,731.73,0,5,0,0
CUS-103531,5,One year,No,Credit card,Yes,No,Yes,0,No,No,61.01,676.15,0,1,0,1
CUS-102730,45,One year,DSL,Electronic check,No,No,No internet service,1,No,Yes,42.55,1939.04,0,1,0,0
CUS-100827,54,Month-to-month,Fiber optic,Electronic check,No,Yes,No,0,Yes,No,118.08,6075.93,4,3,0,1
CUS-101639,36,One year,No,Credit card,Yes,No,Yes,0,No,No,38.2,1252.23,1,0,0,0
CUS-100984,20,Month-to-month,DSL,Bank transfer,No,No internet service,No,0,Yes,Yes,51.89,889.88,1,0,0,1
CUS-103281,15,Month-to-month,DSL,Credit card,No,No,No,0,No,Yes,42.29,606.1,0,0,1,0
CUS-106957,18,One year,DSL,Bank transfer,No,No,No,0,No,Yes,55.88,1077.89,4,0,0,0
CUS-102188,16,Month-to-month,No,Bank transfer,Yes,No,No,0,Yes,No,83.82,1231.46,4,2,0,0
CUS-106441,37,One year,Fiber optic,Bank transfer,No,No internet service,No,1,No,No,123.51,5044.53,3,1,0,0
CUS-102443,16,Month-to-month,DSL,Bank transfer,Yes,No,No internet service,0,Yes,No,49.91,919.16,0,0,0,0
CUS-100362,6,Month-to-month,No,Bank transfer,Yes,No,No,0,No,No,66.41,327.31,1,3,0,1
CUS-102349,30,Month-to-month,No,Electronic check,Yes,Yes,No internet service,0,No,No,47.03,1390.96,0,0,0,0
CUS-100345,56,Month-to-month,Fiber optic,Bank transfer,No,No,No,0,Yes,No,105.68,5837.38,0,1,0,1
CUS-100814,21,Month-to-month,DSL,Electronic check,Yes,Yes,No internet service,0,Yes,Yes,57.66,1428.97,0,1,0,0
CUS-104807,51,Month-to-month,Fiber optic,Mailed check,Yes,No internet service,Yes,1,No,Yes,99.98,5030.37,5,2,0,0
CUS-103205,32,Month-to-month,Fiber optic,Bank transfer,No,Yes,No,0,No,Yes,104.28,3628.9,5,2,0,0
CUS-105810,20,Two year,Fiber optic,Credit card,No,No,No,0,No,Yes,80.89,1563.37,2,4,0,0
CUS-106704,15,Month-to-month,DSL,Bank transfer,Yes,No internet service,No,0,Yes,Yes,74.05,1316.66,4,1,0,1
CUS-103325,36,Month-to-month,No,Credit card,Yes,No internet service,No,0,No,No,55.5,1918.52,0,0,0,0
CUS-104106,21,Two year,Fiber optic,Electronic check,Yes,No internet service,Yes,1,Yes,No,63.68,1403.84,4,3,0,0
CUS-106256,20,Month-to-month,No,Mailed check,Yes,No,No internet service,0,Yes,Yes,62.29,1077.25,3,5,1,1
CUS-102116,17,Two year,DSL,Bank transfer,No,Yes,No,0,No,No,54.45,875.88,1,1,0,0
CUS-101834,22,Month-to-month,No,Electronic check,Yes,No,No,0,Yes,No,90.25,2294.48,3,2,0,0
CUS-100793,29,One year,No,Credit card,No,Yes,No internet service,0,No,No,70.28,1624.11,5,2,1,0
CUS-106926,26,Two year,No,Electronic check,Yes,No,No,0,No,No,59.85,1678.07,5,0,0,0
CUS-102674,72,Two year,Fiber optic,Bank transfer,No,Yes,No,0,No,No,82.56,6065.65,1,2,0,0
CUS-100094,72,Month-to-month,DSL,Electronic check,Yes,Yes,Yes,0,Yes,No,34.29,2408.14,0,1,0,1
CUS-104225,34,One year,No,Bank transfer,No,Yes,Yes,0,Yes,No,69.54,2463.08,3,1,0,0
CUS-103756,21,Two year,No,Mailed check,No,No internet service,No,1,Yes,No,61.2,1620.55,4,1,0,0
CUS-102891,17,Month-to-month,No,Bank transfer,Yes,No,No,1,Yes,Yes,38.91,455.6,0,0,0,0
CUS-102371,31,Month-to-month,Fiber optic,Credit card,No,No,No,0,No,Yes,91.68,2691.0,2,2,0,1
CUS-106875,17,Month-to-month,DSL,Electronic check,Yes,No,No,0,No,No,27.6,423.18,0,0,0,0
CUS-106196,40,Month-to-month,Fiber optic,Electronic check,Yes,No,Yes,0,Yes,Yes,95.01,4217.09,4,4,0,0
CUS-103228,21,Two year,Fiber optic,Mailed check,Yes,No internet service,No,0,No,Yes,90.28,1875.33,3,3,0,0
CUS-106234,22,Two year,Fiber optic,Mailed check,Yes,Yes,No,0,No,No,82.59,1896.11,2,3,0,0
CUS-102853,28,One year,DSL,Mailed check,Yes,No internet service,No,0,No,No,61.54,1889.96,2,0,0,0
CUS-106472,43,One year,Fiber optic,Mailed check,No,No,No internet service,0,No,No,76.64,3852.14,0,3,0,0
CUS-102912,25,Month-to-month,Fiber optic,Mailed check,Yes,No internet service,Yes,0,Yes,No,121.0,3150.2,4,5,0,1
CUS-101865,33,Two year,No,Credit card,Yes,No,Yes,0,No,No,46.01,1318.78,1,0,0,0
CUS-105754,18,Month-to-month,DSL,Mailed check,No,Yes,No,0,Yes,Yes,42.95,828.84,1,0,0,1
CUS-104612,51,Month-to-month,Fiber optic,Mailed check,No,No internet service,No internet service,0,Yes,No,113.68,6127.89,5,2,0,1
CUS-101857,38,Month-to-month,Fiber optic,Electronic check,No,No internet service,No,0,No,No,130.17,4851.72,5,4,0,1
CUS-102645,11,Month-to-month,No,Bank transfer,Yes,No,Yes,0,Yes,No,74.47,787.9,4,3,0,0
CUS-102243,47,Two year,DSL,Mailed check,No,No,Yes,0,Yes,No,62.63,3147.63,3,1,0,0
CUS-105373,16,Month-to-month,DSL,Bank transfer,Yes,No internet service,Yes,0,No,No,37.39,651.6,1,0,0,1
CUS-102336,30,Two year,Fiber optic,Credit card,Yes,No,No,0,Yes,No,108.24,3578.71,4,2,0,0
CUS-100950,49,Month-to-month,Fiber optic,Credit card,No,Yes,Yes,0,Yes,No,90.0,4375.14,3,2,0,0
CUS-103068,10,Month-to-month,Fiber optic,Electronic check,Yes,No internet service,No,0,No,No,73.96,556.52,0,1,0,0
CUS-101120,27,Month-to-month,Fiber optic,Credit card,Yes,No internet service,No,1,No,No,99.43,3026.85,3,1,0,0
CUS-102597,14,Two year,DSL,Bank transfer,Yes,No,No internet service,1,Yes,No,72.32,1130.86,3,3,0,0
CUS-102204,43,Month-to-month,No,Mailed check,Yes,No,No,0,Yes,No,53.73,2523.37,3,2,0,0
CUS-100419,33,One year,DSL,Bank transfer,Yes,Yes,No internet service,0,Yes,No,68.66,2401.37,5,0,0,0
CUS-100922,50,One year,Fiber optic,Electronic check,Yes,Yes,No,0,Yes,No,73.2,3697.49,3,0,0,0
CUS-101254,22,Two year,Fiber optic,Electronic check,Yes,No,Yes,0,Yes,No,63.16,1218.7,2,0,0,0
CUS-100477,5,Month-to-month,No,Credit card,No,No,No,1,No,No,63.87,444.25,2,0,0,1
CUS-102035,19,Two year,DSL,Mailed check,Yes,Yes,No,0,No,No,72.14,1581.65,3,3,0,0
CUS-106437,54,One year,No,Mailed check,No,No,No,0,No,Yes,49.58,2494.75,3,0,0,0
CUS-105788,56,Month-to-month,DSL,Electronic check,Yes,Yes,No,0,Yes,No,67.99,3677.61,2,1,0,0
CUS-105742,12,Month-to-month,No,Electronic check,Yes,No internet service,Yes,0,Yes,No,62.04,685.88,2,1,0,1
CUS-105567,9,One year,Fiber optic,Bank transfer,Yes,No,Yes,0,Yes,No,85.83,563.16,0,3,0,1
CUS-101202,10,Month-to-month,Fiber optic,Credit card,Yes,No,No,1,Yes,No,94.35,939.77,4,1,0,1
CUS-102626,15,One year,Fiber optic,Credit card,Yes,Yes,Yes,0,No,No,139.03,1747.43,4,4,0,1
CUS-105765,25,Two year,DSL,Credit card,No,No,No,0,No,No,49.72,1048.2,3,2,1,0
CUS-106733,17,Two year,No,Bank transfer,Yes,Yes,Yes,0,No,No,56.59,1143.56,2,1,0,0
CUS-101970,14,Month-to-month,No,Bank transfer,Yes,No,No,0,No,Yes,83.25,1364.6,5,1,0,0
CUS-103110,17,One year,No,Mailed check,Yes,No,No,0,No,No,77.23,1107.05,2,1,0,0
CUS-104018,11,One year,DSL,Electronic check,Yes,No,No internet service,0,Yes,No,51.43,922.7,3,2,0,1
CUS-102151,65,Month-to-month,DSL,Mailed check,No,Yes,No,0,No,No,60.86,3720.22,1,0,0,0
CUS-103687,20,Month-to-month,DSL,Electronic check,Yes,No internet service,No,1,No,No,40.14,709.83,0,0,0,1
CUS-104916,26,One year,Fiber optic,Mailed check,No,No,No,0,No,No,118.15,3463.58,2,0,0,0
CUS-101997,22,One year,No,Bank transfer,No,No internet service,No,0,Yes,No,58.48,1135.21,5,0,0,0
CUS-104033,41,Month-to-month,Fiber optic,Bank transfer,Yes,No,No internet service,0,Yes,Yes,84.34,3247.19,3,2,0,0
CUS-106861,20,Month-to-month,DSL,Bank transfer,No,Yes,No,0,Yes,Yes,38.92,700.38,0,0,0,0
CUS-103054,22,Two year,Fiber optic,Mailed check,No,No internet service,No,0,No,No,92.53,2091.37,1,0,0,0
CUS-101248,21,Month-to-month,No,Credit card,Yes,No,No internet service,0,No,No,76.12,1740.79,3,2,0,0
CUS-102192,22,Two year,No,Bank transfer,No,No,Yes,0,Yes,Yes,57.46,1330.61,1,2,0,0
CUS-102712,41,Two year,Fiber optic,Mailed check,Yes,No,No,0,No,No,133.59,5648.53,2,2,0,0
CUS-100992,14,Two year,Fiber optic,Credit card,No,No,Yes,0,No,No,96.41,1281.64,0,4,0,0
CUS-102190,62,Month-to-month,Fiber optic,Mailed check,Yes,No,No,1,No,No,87.97,5827.54,3,5,0,0
CUS-104670,27,Month-to-month,DSL,Credit card,Yes,No,No internet service,0,Yes,No,42.04,1301.95,0,2,0,0
CUS-105142,68,One year,Fiber optic,Electronic check,Yes,No,No,0,Yes,Yes,65.64,4621.46,0,2,0,0
CUS-103762,33,Two year,Fiber optic,Bank transfer,Yes,Yes,Yes,0,No,Yes,114.46,3773.09,5,4,1,0
CUS-103597,21,Month-to-month,Fiber optic,Credit card,No,Yes,No internet service,0,No,No,108.23,2527.32,3,0,0,0
CUS-104711,20,Month-to-month,DSL,Bank transfer,Yes,No,Yes,0,Yes,Yes,71.5,962.34,3,0,0,0
CUS-101318,14,Two year,No,Mailed check,No,No,Yes,1,Yes,No,76.27,1414.26,1,3,1,0
CUS-101863,17,Two year,No,Bank transfer,Yes,No,No,0,No,No,81.55,1216.84,5,0,0,0
CUS-102343,33,One year,Fiber optic,Mailed check,Yes,Yes,No,0,No,No,101.33,2685.15,3,1,0,0
CUS-102449,19,Month-to-month,Fiber optic,Credit card,Yes,No,Yes,1,No,Yes,109.64,2438.54,1,4,0,1
CUS-102136,14,Month-to-month,No,Credit card,Yes,No internet service,Yes,0,Yes,No,65.24,826.9,5,1,1,1
CUS-101065,19,Month-to-month,DSL,Electronic check,No,Yes,No internet service,0,Yes,No,64.93,1434.97,2,3,0,1
CUS-106943,23,Month-to-month,Fiber optic,Electronic check,Yes,No,No,0,Yes,No,100.64,2243.2,0,2,0,1
CUS-104227,48,Month-to-month,No,Bank transfer,No,No,No internet service,0,No,No,50.07,2205.59,0,3,0,0
CUS-102621,35,Month-to-month,Fiber optic,Mailed check,No,No,No,1,Yes,No,137.97,4821.02,5,5,0,0
CUS-100077,27,Month-to-month,DSL,Electronic check,Yes,Yes,Yes,0,Yes,No,63.13,1554.2,4,0,1,0
CUS-102898,42,Two year,DSL,Credit card,Yes,No internet service,No,0,No,Yes,53.16,2322.82,1,1,1,0
CUS-104820,72,Month-to-month,No,Credit card,Yes,Yes,No,0,No,Yes,43.7,3092.54,1,2,0,0
CUS-101314,12,Two year,Fiber optic,Bank transfer,Yes,No,No,0,No,No,87.43,1435.67,3,1,0,0
CUS-106104,25,Month-to-month,No,Credit card,No,No,Yes,0,No,Yes,59.97,1540.49,1,1,0,1
CUS-100872,16,Two year,DSL,Mailed check,No,Yes,Yes,0,No,Yes,81.64,1028.25,3,2,0,0
CUS-103850,37,Month-to-month,DSL,Electronic check,Yes,No,No internet service,0,Yes,Yes,52.6,2232.15,3,1,0,1
CUS-105468,34,Month-to-month,Fiber optic,Mailed check,Yes,No,No,0,Yes,Yes,91.25,3442.11,3,2,0,1
CUS-106688,15,One year,Fiber optic,Bank transfer,Yes,No internet service,No,0,Yes,No,100.62,1070.35,3,0,0,0
CUS-102965,50,Month-to-month,DSL,Bank transfer,No,Yes,No,0,No,Yes,49.18,2468.22,2,1,0,1
CUS-103391,32,Month-to-month,Fiber optic,Electronic check,No,No internet service,No internet service,1,No,No,64.84,1877.86,1,0,0,1
CUS-105415,5,Month-to-month,Fiber optic,Credit card,Yes,Yes,No internet service,0,Yes,Yes,85.62,443.12,2,3,0,0
CUS-102560,17,Month-to-month,Fiber optic,Electronic check,No,No,No internet service,1,Yes,No,87.9,1691.56,1,0,0,1
CUS-106852,20,Month-to-month,DSL,Mailed check,Yes,No,No,0,Yes,No,69.58,1437.16,2,1,0,0
CUS-102635,35,Two year,Fiber optic,Credit card,Yes,Yes,Yes,0,Yes,Yes,113.42,3851.38,4,1,0,0
CUS-105256,18,Month-to-month,DSL,Bank transfer,Yes,Yes,Yes,0,No,No,72.05,1282.07,4,3,1,1
CUS-103530,24,Month-to-month,Fiber optic,Bank transfer,Yes,No,No,0,Yes,No,138.08,3370.08,5,3,0,1
CUS-100375,10,One year,Fiber optic,Electronic check,No,No,Yes,0,No,No,113.69,848.38,5,7,0,1
CUS-101908,23,Month-to-month,No,Electronic check,No,No,Yes,0,No,No,52.41,1398.16,0,0,0,1
CUS-104429,6,One year,Fiber optic,Credit card,No,No internet service,No internet service,1,Yes,Yes,87.07,360.15,0,3,0,0
CUS-106720,42,One year,Fiber optic,Mailed check,Yes,No,Yes,0,Yes,No,132.39,6112.04,5,1,0,0
CUS-106113,72,One year,No,Electronic check,Yes,Yes,No internet service,0,No,No,67.16,4694.19,5,2,0,0
CUS-104027,72,One year,Fiber optic,Mailed check,Yes,Yes,Yes,0,No,No,104.53,8057.01,4,0,0,0
CUS-101604,45,Month-to-month,DSL,Bank transfer,No,Yes,No,0,No,No,37.9,1618.3,1,2,0,0
CUS-101118,51,One year,Fiber optic,Bank transfer,Yes,No,No,0,No,No,98.52,5149.13,5,5,0,1
CUS-103677,22,One year,No,Credit card,No,No,No internet service,0,Yes,No,57.25,1303.77,3,2,1,0
CUS-103490,19,Two year,DSL,Mailed check,Yes,Yes,No,0,No,No,81.04,1267.08,3,5,0,0
CUS-106803,18,Month-to-month,No,Electronic check,Yes,No,No,0,Yes,No,57.14,1230.3,0,1,0,0
CUS-102958,5,One year,Fiber optic,Credit card,No,No internet service,No,0,No,No,107.75,488.6,5,5,0,0
CUS-101994,7,Two year,Fiber optic,Electronic check,No,Yes,Yes,0,No,No,93.06,574.22,2,5,1,0
CUS-106938,45,Two year,DSL,Mailed check,No,No,No,0,Yes,No,64.21,2639.0,1,0,1,0
CUS-106078,11,Two year,DSL,Electronic check,No,Yes,No,0,No,No,69.53,715.76,0,1,0,0
CUS-102376,72,Month-to-month,DSL,Bank transfer,Yes,No,No,1,Yes,No,38.63,2805.18,0,1,0,0
CUS-106403,13,Month-to-month,Fiber optic,Electronic check,Yes,No,No internet service,0,Yes,No,84.57,743.25,2,1,0,0
CUS-101342,23,Month-to-month,Fiber optic,Credit card,No,Yes,No,0,No,No,119.46,2726.72,5,5,0,0
CUS-100320,19,Month-to-month,No,Electronic check,Yes,No internet service,Yes,0,No,No,43.38,916.05,0,1,0,0
CUS-101619,68,Two year,DSL,Credit card,Yes,No,No,0,Yes,Yes,52.78,3445.25,3,1,0,0
CUS-103713,24,One year,DSL,Credit card,No,No,No,0,No,No,65.47,1561.46,4,2,0,1
CUS-106400,33,One year,Fiber optic,Credit card,Yes,Yes,No internet service,0,No,No,77.02,2698.58,4,0,0,0
CUS-102060,12,One year,Fiber optic,Bank transfer,Yes,No internet service,No,0,Yes,No,59.89,732.16,0,0,0,0
CUS-102219,19,One year,No,Bank transfer,No,No,No,0,Yes,Yes,52.23,1109.21,3,1,0,0
CUS-101673,6,Month-to-month,DSL,Electronic check,Yes,No,No internet service,0,Yes,No,49.98,404.09,1,2,0,0
CUS-100260,39,Month-to-month,Fiber optic,Mailed check,No,Yes,Yes,0,Yes,No,103.28,4064.37,2,3,0,1
CUS-106290,72,Month-to-month,DSL,Bank transfer,Yes,Yes,No,0,Yes,Yes,54.23,3855.18,1,0,0,0
CUS-102039,15,One year,Fiber optic,Credit card,Yes,Yes,Yes,0,No,Yes,78.2,1433.19,0,4,0,0
CUS-104785,28,Month-to-month,No,Electronic check,No,No,No,0,Yes,No,68.8,1938.54,2,1,0,0
CUS-100901,25,Two year,No,Electronic check,Yes,No internet service,No,1,Yes,Yes,55.4,1430.16,0,1,0,0
CUS-103744,35,One year,DSL,Bank transfer,Yes,No,No internet service,0,Yes,No,71.53,2337.52,2,3,0,1
CUS-102026,12,Two year,No,Bank transfer,No,No,Yes,0,No,Yes,54.17,623.6,1,1,0,0
CUS-104234,9,Month-to-month,Fiber optic,Electronic check,No,No,No,0,No,No,111.95,1449.51,5,4,0,1
CUS-101917,33,One year,Fiber optic,Electronic check,No,No internet service,No,0,Yes,No,63.43,2161.53,0,1,0,0
CUS-101828,30,Two year,Fiber optic,Credit card,No,No,No internet service,1,No,No,64.72,1765.36,1,0,0,0
CUS-101573,25,Two year,DSL,Electronic check,No,Yes,No,0,No,No,54.94,1677.32,1,0,0,0
CUS-104415,36,One year,Fiber optic,Electronic check,No,No internet service,Yes,0,Yes,No,93.98,3273.28,3,3,0,0
CUS-104749,37,Two year,Fiber optic,Electronic check,No,No,No,0,Yes,Yes,94.14,3424.52,4,3,0,0
CUS-106134,62,Month-to-month,No,Electronic check,Yes,Yes,No internet service,0,Yes,Yes,47.19,3066.54,1,1,0,0
CUS-104654,14,Month-to-month,Fiber optic,Electronic check,No,Yes,No,0,No,No,115.06,1751.73,3,8,0,1
CUS-104208,9,One year,No,Electronic check,No,No,Yes,0,No,No,72.4,797.62,3,2,0,0
CUS-104627,22,Two year,Fiber optic,Credit card,Yes,No internet service,No,1,Yes,No,113.55,2612.54,5,0,0,0
CUS-100224,19,Month-to-month,DSL,Electronic check,Yes,Yes,No internet service,1,Yes,No,52.84,819.39,0,1,0,0
CUS-100723,15,Month-to-month,No,Electronic check,Yes,No,No,0,No,No,46.22,639.93,0,0,0,0
CUS-106272,12,One year,DSL,Electronic check,No,Yes,No,0,Yes,No,44.32,535.45,1,2,0,1
CUS-101141,57,Month-to-month,DSL,Bank transfer,No,No,No,0,Yes,No,64.84,3445.01,1,0,0,0
CUS-105529,7,Two year,Fiber optic,Electronic check,Yes,No,No,1,No,No,75.1,528.62,1,3,0,0
CUS-105764,18,One year,Fiber optic,Mailed check,No,No internet service,No,0,Yes,Yes,96.31,1632.28,0,1,1,0
CUS-105554,7,One year,Fiber optic,Electronic check,No,No,Yes,0,Yes,Yes,84.19,141.85,1,1,0,1
CUS-106634,19,Month-to-month,DSL,Mailed check,No,Yes,Yes,0,Yes,No,48.15,984.12,1,1,0,0
CUS-102762,38,One year,DSL,Credit card,Yes,Yes,No internet service,0,Yes,Yes,59.05,2141.29,3,4,0,0
CUS-100846,17,Two year,Fiber optic,Bank transfer,No,No internet service,Yes,0,No,Yes,92.18,1724.36,5,3,0,0
CUS-104289,21,Two year,DSL,Bank transfer,Yes,No internet service,No,0,Yes,No,33.02,638.84,3,2,0,0
CUS-105560,62,One year,Fiber optic,Electronic check,Yes,No,No,0,Yes,No,93.0,5736.88,1,2,0,0
CUS-105042,17,Two year,Fiber optic,Electronic check,No,No,No,0,No,Yes,115.37,2104.63,5,4,0,1
CUS-102551,16,Month-to-month,Fiber optic,Bank transfer,Yes,No,No,1,No,No,83.66,1213.08,3,3,0,0
CUS-105725,26,One year,DSL,Bank transfer,No,No,No,0,No,Yes,52.43,1524.02,1,2,0,0
CUS-102928,28,Month-to-month,Fiber optic,Bank transfer,No,No,No,1,No,No,97.08,2146.87,1,1,0,0
CUS-100117,13,Two year,No,Mailed check,Yes,Yes,Yes,0,No,No,58.37,703.09,4,2,0,0
CUS-100645,43,Two year,DSL,Electronic check,No,No,Yes,0,Yes,Yes,67.59,2671.91,5,1,0,0
CUS-100003,24,One year,Fiber optic,Credit card,Yes,No,No internet service,1,Yes,No,102.66,2146.0,3,7,0,1
CUS-104170,13,One year,Fiber optic,Electronic check,Yes,No internet service,No,0,Yes,No,97.71,1379.48,2,6,0,1
CUS-105851,11,Month-to-month,Fiber optic,Electronic check,Yes,No,No,0,No,No,81.0,323.4,3,2,0,1
CUS-100467,25,One year,No,Mailed check,No,Yes,No,0,No,No,45.12,1230.05,0,1,0,0
CUS-100005,26,Month-to-month,Fiber optic,Mailed check,Yes,Yes,No,0,No,No,72.95,1807.53,1,2,0,0
CUS-105342,21,Month-to-month,DSL,Bank transfer,Yes,Yes,No,0,Yes,No,67.54,1369.19,2,3,0,0
CUS-100919,29,Month-to-month,No,Mailed check,No,Yes,No,0,Yes,No,60.28,1494.8,3,2,0,0
CUS-102595,41,Month-to-month,Fiber optic,Bank transfer,No,No internet service,No,1,No,No,122.61,5299.16,4,5,0,0
CUS-104324,11,Two year,Fiber optic,Credit card,Yes,No,No internet service,1,Yes,Yes,110.88,1325.97,3,4,0,0
CUS-101063,14,Month-to-month,Fiber optic,Electronic check,Yes,No,Yes,1,No,Yes,91.06,1896.35,0,3,0,0
CUS-102590,17,Two year,Fiber optic,Electronic check,No,No internet service,No,0,No,No,81.34,1144.46,5,2,0,0
CUS-100242,29,Two year,Fiber optic,Mailed check,Yes,No internet service,No,1,No,No,114.35,3071.11,3,3,0,0
CUS-106086,3,Month-to-month,Fiber optic,Bank transfer,No,No,Yes,1,Yes,Yes,99.62,136.76,3,4,0,1
CUS-101160,22,One year,Fiber optic,Bank transfer,No,No,No,0,No,Yes,92.16,1857.79,4,2,0,1
CUS-102870,31,Two year,No,Bank transfer,No,No internet service,No,0,Yes,Yes,52.14,1592.24,1,1,0,0
CUS-103735,14,Month-to-month,Fiber optic,Mailed check,Yes,No,No,0,Yes,No,78.58,1111.02,4,1,0,0
CUS-106394,28,Month-to-month,DSL,Credit card,Yes,No,No,0,No,Yes,96.06,2479.89,5,3,0,1
CUS-102397,28,One year,Fiber optic,Mailed check,Yes,No,Yes,0,Yes,No,120.29,3681.48,4,4,1,1
CUS-103517,14,Month-to-month,DSL,Electronic check,No,No,No,0,No,No,50.97,887.94,2,2,0,0
CUS-103421,51,Month-to-month,DSL,Electronic check,No,Yes,No internet service,0,Yes,No,73.58,3641.07,5,2,0,0
CUS-102563,25,Month-to-month,DSL,Mailed check,Yes,No internet service,No,0,Yes,No,84.5,2305.19,5,2,0,1
CUS-105622,13,One year,Fiber optic,Credit card,Yes,No,No,0,No,Yes,93.42,1143.51,0,1,0,1
CUS-101605,36,Month-to-month,DSL,Mailed check,Yes,Yes,No internet service,0,Yes,No,65.6,2562.73,2,1,0,0
CUS-106746,15,Two year,No,Credit card,No,No,No,0,No,No,64.65,816.02,3,1,0,0
CUS-102324,13,Month-to-month,DSL,Mailed check,Yes,No,No,1,Yes,Yes,83.93,1328.12,4,0,0,0
CUS-102709,15,Two year,No,Mailed check,No,Yes,No,0,No,Yes,39.11,613.3,0,3,1,0
CUS-106141,7,Month-to-month,DSL,Credit card,Yes,Yes,No,0,No,No,70.46,405.32,5,3,1,1
CUS-101312,72,Month-to-month,DSL,Electronic check,No,No internet service,Yes,0,No,Yes,61.42,4184.86,3,2,0,0
CUS-103448,21,One year,No,Electronic check,No,Yes,No internet service,0,Yes,Yes,40.44,630.23,0,1,1,0
CUS-103812,29,Month-to-month,DSL,Bank transfer,Yes,No,No,0,No,Yes,63.6,2155.67,5,1,0,0
CUS-106502,21,Month-to-month,Fiber optic,Mailed check,Yes,Yes,Yes,0,No,Yes,83.49,1941.95,0,1,0,1
CUS-102362,21,Month-to-month,Fiber optic,Electronic check,No,No,No,0,Yes,Yes,111.05,2260.2,2,2,0,1
CUS-101975,13,Month-to-month,No,Credit card,No,No internet service,No,0,No,No,43.16,460.36,2,1,0,0
CUS-103514,4,Month-to-month,DSL,Bank transfer,Yes,Yes,No,0,Yes,Yes,68.89,545.26,2,0,0,0
CUS-101761,13,Two year,Fiber optic,Electronic check,Yes,No,No,0,Yes,No,102.07,1504.77,2,3,0,0
CUS-105401,32,One year,Fiber optic,Bank transfer,No,No internet service,No,0,No,Yes,75.38,2391.17,0,2,0,1
CUS-102739,15,Two year,Fiber optic,Mailed check,Yes,No,No internet service,0,Yes,Yes,85.46,2108.89,2,1,0,0
CUS-105637,16,Month-to-month,Fiber optic,Mailed check,No,Yes,Yes,0,Yes,No,78.73,1560.73,2,2,1,0
CUS-106511,10,Month-to-month,DSL,Mailed check,No,No internet service,Yes,0,Yes,No,58.24,575.84,5,1,0,1
CUS-102472,18,Month-to-month,Fiber optic,Mailed check,No,Yes,Yes,0,Yes,Yes,94.35,2488.3,2,2,0,1
CUS-104007,56,Month-to-month,Fiber optic,Bank transfer,Yes,Yes,No,1,Yes,No,72.62,4070.53,2,3,0,0
CUS-104718,9,Month-to-month,Fiber optic,Mailed check,No,No,No internet service,0,No,No,104.15,1369.53,3,2,0,1
CUS-101493,19,Month-to-month,Fiber optic,Credit card,No,No internet service,No,1,No,No,96.93,1797.55,2,5,0,0
CUS-104206,20,Month-to-month,No,Electronic check,No,Yes,Yes,0,No,No,94.76,1764.0,5,3,0,0
CUS-102158,12,Two year,No,Mailed check,Yes,No internet service,No,0,No,Yes,39.89,572.29,1,1,1,0
CUS-101169,72,Month-to-month,Fiber optic,Credit card,No,No,No,0,Yes,No,81.07,5763.79,2,1,1,0
CUS-106314,9,Month-to-month,Fiber optic,Electronic check,Yes,No,No,0,No,No,62.03,681.03,1,4,0,0
CUS-100232,31,Month-to-month,No,Electronic check,No,Yes,Yes,0,No,Yes,64.52,1716.32,0,2,0,1
CUS-100066,6,Month-to-month,No,Credit card,Yes,Yes,No,0,Yes,No,67.86,126.29,2,1,0,0
CUS-101603,65,One year,No,Credit card,Yes,No,No internet service,0,No,Yes,79.24,5369.22,5,3,1,0
CUS-103283,42,Month-to-month,Fiber optic,Bank transfer,Yes,No,No,0,Yes,No,115.24,4860.68,3,2,0,1
CUS-103596,24,Two year,No,Electronic check,No,Yes,Yes,0,Yes,No,61.36,1676.07,5,0,0,0
CUS-104632,16,One year,DSL,Mailed check,Yes,No internet service,No internet service,0,No,No,74.91,1443.72,5,0,0,0
CUS-100125,72,Month-to-month,DSL,Mailed check,Yes,Yes,No,0,No,No,61.42,4563.32,3,0,1,0
CUS-105350,51,Month-to-month,DSL,Credit card,No,No,Yes,0,No,No,53.03,2694.28,3,0,0,1
CUS-101296,46,Month-to-month,DSL,Mailed check,No,No,No,1,No,No,94.21,4344.69,3,1,0,1
CUS-101976,9,Two year,DSL,Credit card,Yes,No,Yes,0,Yes,Yes,66.17,646.28,4,1,0,0
CUS-106315,59,Month-to-month,Fiber optic,Bank transfer,Yes,No,No,0,No,No,74.2,4207.5,1,1,0,1
CUS-106267,59,Month-to-month,Fiber optic,Bank transfer,Yes,Yes,No internet service,0,No,Yes,105.25,6300.51,3,0,0,0
CUS-102075,72,Two year,No,Electronic check,No,No,Yes,0,Yes,Yes,55.48,4073.46,3,0,0,0
CUS-104580,53,Month-to-month,Fiber optic,Credit card,No,No,No internet service,0,Yes,No,116.31,6798.53,2,2,1,1
CUS-105750,63,Month-to-month,Fiber optic,Credit card,Yes,Yes,No,0,No,No,80.39,4971.06,0,0,0,0
CUS-106603,9,One year,Fiber optic,Electronic check,Yes,No,No internet service,0,No,Yes,77.35,612.54,2,2,0,0
CUS-103086,17,One year,Fiber optic,Credit card,Yes,Yes,Yes,0,No,Yes,88.16,2025.53,0,4,0,0
CUS-106066,38,Month-to-month,Fiber optic,Electronic check,Yes,Yes,Yes,0,No,No,109.43,4635.97,0,2,0,1
CUS-103345,3,Month-to-month,DSL,Electronic check,Yes,No internet service,No,1,Yes,No,62.59,91.76,4,1,0,1
CUS-106245,45,Month-to-month,No,Electronic check,No,Yes,No internet service,0,No,No,38.19,1619.52,0,0,0,0
CUS-105870,5,Month-to-month,DSL,Bank transfer,Yes,No,Yes,0,Yes,No,57.29,307.53,4,1,0,0
CUS-102797,14,Month-to-month,DSL,Credit card,No,No,No internet service,0,Yes,No,23.42,373.63,0,0,0,0
CUS-100918,39,Two year,Fiber optic,Credit card,Yes,Yes,No internet service,0,No,Yes,94.09,3633.13,3,3,0,0
CUS-101646,42,Two year,Fiber optic,Bank transfer,No,No,No,0,Yes,No,91.92,3747.7,2,1,0,0
CUS-105122,7,One year,Fiber optic,Credit card,No,No,No internet service,1,No,No,67.39,385.13,1,1,0,0
CUS-105126,22,One year,Fiber optic,Electronic check,No,No,No,1,Yes,No,88.99,2310.0,2,2,1,1
CUS-104978,12,Month-to-month,Fiber optic,Bank transfer,Yes,No internet service,No,0,Yes,Yes,53.15,972.58,0,1,0,1
CUS-105431,47,Month-to-month,No,Electronic check,Yes,No,Yes,1,No,No,89.57,4351.89,5,1,0,1
CUS-104621,32,Month-to-month,DSL,Credit card,Yes,Yes,Yes,0,Yes,Yes,27.69,905.18,0,2,0,0
CUS-100364,23,Month-to-month,No,Mailed check,Yes,No,Yes,0,Yes,No,75.67,1647.89,2,0,0,0
CUS-103287,45,One year,DSL,Electronic check,No,No,Yes,0,Yes,No,46.4,1941.44,2,1,0,0
CUS-102125,61,Month-to-month,No,Credit card,No,Yes,Yes,0,No,No,56.9,3247.48,1,0,0,0
CUS-104123,14,Month-to-month,DSL,Electronic check,No,No,No,0,Yes,Yes,42.84,793.15,4,5,0,0
CUS-104569,12,Month-to-month,Fiber optic,Mailed check,Yes,Yes,Yes,0,Yes,Yes,136.16,2205.31,5,3,0,1
CUS-100525,11,Month-to-month,Fiber optic,Credit card,Yes,No internet service,No,0,Yes,No,130.94,1525.35,4,6,0,1
CUS-104821,61,Month-to-month,DSL,Credit card,Yes,No,No internet service,1,Yes,No,78.18,4748.92,4,4,0,1
CUS-100055,15,One year,No,Electronic check,No,Yes,Yes,0,No,Yes,62.38,768.03,2,3,0,0
CUS-100638,25,One year,No,Electronic check,No,No,No,0,No,No,49.26,1104.09,0,0,1,0
CUS-100302,30,Month-to-month,DSL,Electronic check,Yes,Yes,Yes,0,No,No,83.02,2683.3,5,3,1,0
CUS-102766,41,Month-to-month,Fiber optic,Electronic check,No,No internet service,No,0,Yes,Yes,81.43,3349.0,3,2,0,0
CUS-105811,19,One year,Fiber optic,Electronic check,No,No,Yes,0,Yes,No,85.27,1106.76,3,5,0,0
CUS-101276,11,Month-to-month,Fiber optic,Mailed check,No,No internet service,Yes,0,Yes,No,118.84,1026.52,4,5,0,1
CUS-106549,21,Two year,Fiber optic,Mailed check,No,No,No,1,Yes,No,99.93,1801.88,2,3,0,0
CUS-104720,27,Month-to-month,Fiber optic,Credit card,Yes,Yes,No internet service,0,Yes,No,63.33,1819.67,0,2,0,0
CUS-102055,18,Two year,No,Credit card,No,No,No,0,No,No,61.75,1258.59,3,1,0,0
CUS-105376,28,Month-to-month,Fiber optic,Electronic check,Yes,No,No,0,No,No,109.57,2510.77,3,5,0,1
CUS-105145,72,Month-to-month,Fiber optic,Bank transfer,No,No,Yes,0,Yes,No,75.99,5536.78,2,2,0,0
CUS-104432,3,Month-to-month,Fiber optic,Mailed check,No,No internet service,No,0,No,No,84.4,42.2,2,3,0,1
CUS-103644,20,Two year,DSL,Credit card,Yes,Yes,No,0,No,No,72.79,1588.72,4,1,0,0
CUS-104143,45,One year,Fiber optic,Credit card,Yes,No internet service,Yes,0,No,No,98.19,4131.0,3,4,0,0
CUS-102878,72,Two year,DSL,Credit card,Yes,Yes,Yes,1,No,No,27.29,2032.33,0,0,0,0
CUS-104202,61,Two year,No,Mailed check,No,No internet service,No internet service,0,No,No,36.99,2419.55,0,2,1,0
CUS-105175,16,Month-to-month,Fiber optic,Electronic check,Yes,No,No internet service,0,No,No,106.84,2230.82,2,1,0,0
CUS-102286,32,One year,Fiber optic,Electronic check,Yes,Yes,No internet service,0,Yes,Yes,107.76,3360.3,0,3,1,1
CUS-102261,27,One year,Fiber optic,Electronic check,Yes,No,Yes,0,No,Yes,101.09,3061.3,2,0,0,0
CUS-105240,23,Two year,DSL,Mailed check,No,No internet service,Yes,0,No,No,61.02,1336.03,1,1,0,0
CUS-102296,14,Month-to-month,Fiber optic,Electronic check,Yes,No,No,0,Yes,No,76.97,1105.54,1,0,0,0
CUS-105932,13,One year,Fiber optic,Bank transfer,No,No,Yes,0,No,No,99.01,1288.84,1,5,0,1
CUS-101753,35,Two year,DSL,Credit card,Yes,Yes,No,1,Yes,No,40.38,1385.21,4,4,0,0
CUS-105197,46,One year,DSL,Electronic check,Yes,No,No,0,No,No,56.73,2587.9,5,0,0,0
CUS-101968,6,One year,Fiber optic,Electronic check,Yes,No,No,1,Yes,No,77.34,487.03,0,0,0,1
CUS-106073,6,One year,Fiber optic,Electronic check,Yes,No,Yes,0,Yes,No,116.32,223.37,4,2,0,1
CUS-103117,9,Month-to-month,No,Mailed check,No,Yes,Yes,0,No,Yes,51.46,367.63,5,0,0,0
CUS-102393,72,Month-to-month,DSL,Credit card,No,No,Yes,0,No,No,25.02,1716.05,1,1,0,0
CUS-100523,13,Month-to-month,Fiber optic,Electronic check,Yes,Yes,No,1,No,Yes,101.14,661.09,4,4,0,0
CUS-105524,23,Two year,Fiber optic,Credit card,Yes,No,No,0,No,No,95.47,2158.62,3,3,0,1
CUS-103900,13,One year,No,Credit card,Yes,Yes,No internet service,0,Yes,Yes,46.19,720.39,0,1,0,0
CUS-106516,6,One year,No,Mailed check,Yes,No internet service,No,0,Yes,No,62.07,452.38,2,1,1,0
CUS-104699,20,Month-to-month,No,Credit card,No,No internet service,No,0,No,No,70.96,1544.21,1,5,1,0
CUS-105585,34,Month-to-month,Fiber optic,Mailed check,Yes,No,No,0,Yes,Yes,95.92,3724.58,3,1,0,1
CUS-106168,14,Month-to-month,Fiber optic,Bank transfer,Yes,No,Yes,0,No,Yes,88.49,1139.4,4,2,0,1
CUS-103122,34,Month-to-month,Fiber optic,Electronic check,No,No,No,0,Yes,No,88.63,2527.94,2,1,0,1
CUS-104156,2,Month-to-month,DSL,Credit card,Yes,No,No,0,Yes,No,86.61,672.58,3,3,0,1
CUS-101969,29,Two year,Fiber optic,Electronic check,Yes,Yes,Yes,0,Yes,Yes,100.79,2567.0,4,2,0,1
CUS-100671,34,One year,Fiber optic,Credit card,No,No,No,0,Yes,No,116.89,4010.25,4,2,0,1
CUS-104188,49,Month-to-month,DSL,Credit card,Yes,No,Yes,0,No,No,51.19,2188.36,1,0,0,0
CUS-100666,10,Month-to-month,Fiber optic,Credit card,No,No,No,1,Yes,No,60.41,666.53,0,1,0,1
CUS-106057,29,Month-to-month,Fiber optic,Credit card,No,No,No,0,Yes,Yes,88.72,2115.84,3,2,0,0
CUS-101887,1,One year,Fiber optic,Mailed check,No,No,No,0,Yes,No,93.62,46.81,5,1,0,0
CUS-103266,17,Month-to-month,Fiber optic,Electronic check,Yes,No,No internet service,1,Yes,Yes,90.1,1342.98,0,5,0,0
CUS-100280,13,Month-to-month,Fiber optic,Mailed check,No,No internet service,Yes,0,No,No,121.4,1767.31,2,3,1,1
CUS-101719,60,Two year,DSL,Electronic check,Yes,Yes,No internet service,1,Yes,No,46.5,3016.77,0,2,0,0
CUS-102947,37,Month-to-month,Fiber optic,Bank transfer,Yes,Yes,No,1,Yes,No,123.32,4056.27,5,2,0,1
CUS-104455,5,Month-to-month,Fiber optic,Mailed check,No,No,No internet service,0,No,Yes,85.44,738.08,3,0,0,0
CUS-100899,25,One year,DSL,Credit card,Yes,No internet service,No,0,Yes,No,60.71,1437.19,1,3,0,0
CUS-106031,13,One year,Fiber optic,Mailed check,Yes,Yes,No,0,Yes,No,111.16,1370.55,1,1,0,1
CUS-106780,17,One year,Fiber optic,Bank transfer,No,No internet service,No,0,No,No,102.07,2299.93,2,1,0,0
CUS-100760,38,Month-to-month,Fiber optic,Electronic check,Yes,No,No internet service,1,Yes,Yes,142.23,5304.63,5,3,0,1
CUS-101906,31,Two year,DSL,Mailed check,No,Yes,No,1,No,Yes,42.27,1145.69,0,1,0,0
CUS-104042,14,Month-to-month,DSL,Bank transfer,Yes,Yes,No,0,No,No,35.79,614.26,1,0,1,0
CUS-103823,36,One year,DSL,Electronic check,Yes,No,No,0,No,No,65.32,2422.23,1,4,0,0
CUS-104138,40,Two year,DSL,Bank transfer,Yes,Yes,No,0,No,Yes,50.85,2397.58,4,0,0,0
CUS-103818,56,Month-to-month,No,Electronic check,Yes,No,No,0,Yes,Yes,76.51,3841.68,3,2,0,0
CUS-104300,35,Month-to-month,DSL,Electronic check,No,No,Yes,0,No,No,72.14,1964.49,4,1,1,1
CUS-105569,24,Month-to-month,Fiber optic,Credit card,Yes,Yes,No internet service,0,No,No,115.7,2824.35,5,3,0,1
CUS-102593,10,One year,Fiber optic,Credit card,No,No internet service,Yes,1,Yes,No,91.14,986.74,2,1,0,0
CUS-104164,17,One year,No,Mailed check,No,Yes,Yes,0,No,No,64.35,1089.04,2,2,1,0
CUS-103031,10,Month-to-month,DSL,Electronic check,Yes,Yes,No,1,Yes,No,42.98,42.52,0,1,1,1
CUS-105971,22,One year,Fiber optic,Electronic check,Yes,No,No,0,Yes,No,55.91,1194.54,2,2,0,0
CUS-103579,40,Month-to-month,Fiber optic,Electronic check,No,No,No internet service,0,Yes,No,84.45,4058.38,0,2,1,0
CUS-102832,18,Month-to-month,Fiber optic,Bank transfer,Yes,Yes,No,0,Yes,No,114.45,2172.9,4,1,0,1
CUS-105449,68,Month-to-month,DSL,Electronic check,Yes,No,No internet service,0,No,Yes,64.94,4792.8,2,2,0,0
CUS-103472,29,Month-to-month,No,Credit card,No,No internet service,No,0,No,Yes,43.49,1051.85,0,0,0,0
CUS-100137,23,Two year,DSL,Credit card,No,No internet service,No,0,Yes,No,47.48,1163.58,0,2,0,0
CUS-104892,41,Month-to-month,DSL,Bank transfer,Yes,No,Yes,0,No,No,62.71,2454.47,4,4,0,1
CUS-102180,28,One year,DSL,Bank transfer,No,No internet service,No internet service,0,No,No,54.22,1615.51,4,1,0,0
CUS-102128,14,Month-to-month,No,Credit card,Yes,No,No,0,No,No,60.84,834.23,2,0,0,0
CUS-103177,24,Month-to-month,Fiber optic,Bank transfer,Yes,No internet service,No,0,No,No,80.12,2005.58,4,3,1,1
CUS-104854,1,Month-to-month,Fiber optic,Credit card,Yes,No,No internet service,0,Yes,Yes,99.67,101.43,5,1,0,1
CUS-104637,28,Month-to-month,No,Credit card,No,Yes,No internet service,0,No,No,46.56,1516.13,1,0,0,0
CUS-105115,19,Two year,Fiber optic,Electronic check,No,No,Yes,0,No,No,63.9,1203.08,1,1,0,0
CUS-106096,55,Month-to-month,Fiber optic,Electronic check,Yes,No,Yes,0,No,No,67.36,3645.99,0,2,0,0
CUS-104261,8,Two year,Fiber optic,Mailed check,Yes,Yes,No,0,No,No,107.67,985.51,3,2,1,0
CUS-104344,39,Month-to-month,DSL,Mailed check,No,No,No,1,Yes,No,62.58,2557.58,2,1,0,0
CUS-101331,21,Two year,DSL,Electronic check,Yes,Yes,No,0,No,Yes,63.59,1074.35,4,1,0,0
CUS-102017,23,Month-to-month,Fiber optic,Electronic check,No,No,No,1,No,No,88.09,2043.07,1,2,0,1
CUS-104542,47,Month-to-month,DSL,Credit card,No,No internet service,No,0,Yes,Yes,23.46,1109.31,0,1,0,0
CUS-102482,33,Month-to-month,Fiber optic,Credit card,No,No,No,1,No,No,94.66,2534.96,2,1,1,0
CUS-101358,39,Month-to-month,Fiber optic,Bank transfer,Yes,Yes,Yes,0,No,No,77.52,3495.32,0,1,1,0
CUS-101329,14,Two year,Fiber optic,Electronic check,Yes,No internet service,No internet service,0,No,No,84.6,1113.6,3,1,0,1
CUS-106893,43,Month-to-month,Fiber optic,Credit card,Yes,No,No,0,Yes,No,63.78,2276.27,1,2,0,0
CUS-102150,72,Month-to-month,Fiber optic,Electronic check,Yes,No,No,0,Yes,Yes,113.92,8324.92,4,1,0,1
CUS-104530,36,Month-to-month,Fiber optic,Electronic check,No,No,No internet service,0,No,No,71.87,3172.28,0,2,0,1
CUS-102122,33,Month-to-month,Fiber optic,Credit card,No,Yes,No,0,No,No,97.92,3486.94,3,2,0,0
CUS-104673,45,Month-to-month,DSL,Electronic check,Yes,Yes,Yes,0,No,No,83.9,3919.36,1,2,0,0
CUS-103981,4,Month-to-month,No,Bank transfer,Yes,No internet service,No,0,No,Yes,88.18,548.08,3,2,1,1
CUS-101252,53,One year,Fiber optic,Mailed check,Yes,No,Yes,0,No,No,87.99,4707.55,0,6,0,0
CUS-103278,28,One year,Fiber optic,Mailed check,Yes,No,No,0,No,No,109.05,2992.91,5,1,0,0
CUS-103374,13,Month-to-month,Fiber optic,Credit card,No,No,No,0,No,No,91.01,984.96,5,0,0,1
CUS-102814,6,One year,DSL,Mailed check,No,Yes,No,1,Yes,Yes,81.69,638.49,5,4,0,0
CUS-104719,24,Two year,DSL,Mailed check,Yes,Yes,No internet service,1,No,No,71.22,1356.72,3,2,0,0
CUS-101848,61,Month-to-month,DSL,Electronic check,Yes,No internet service,No,0,Yes,Yes,74.64,4248.79,4,4,0,0
CUS-104858,30,Month-to-month,Fiber optic,Electronic check,No,No,No internet service,1,Yes,No,132.35,4313.17,5,7,1,1
CUS-103037,48,One year,Fiber optic,Electronic check,No,No,No internet service,0,No,Yes,111.96,5136.65,5,2,0,0
CUS-100388,8,Month-to-month,Fiber optic,Mailed check,Yes,No,No,0,Yes,No,115.2,573.64,5,4,1,1
CUS-100235,20,One year,DSL,Electronic check,Yes,No internet service,No,1,Yes,No,79.8,1971.23,5,2,0,0
CUS-101077,32,Month-to-month,No,Credit card,No,No,No,0,Yes,Yes,54.2,1629.97,0,2,0,0
CUS-101984,30,Two year,Fiber optic,Electronic check,Yes,No,No,0,Yes,Yes,100.41,2947.56,2,3,0,0
CUS-104363,27,Two year,DSL,Electronic check,Yes,Yes,Yes,0,No,No,62.93,1623.36,4,4,0,0
CUS-103962,68,Month-to-month,Fiber optic,Credit card,No,No,No,0,Yes,No,77.1,5123.82,4,0,1,0
CUS-100770,14,Month-to-month,No,Electronic check,Yes,No internet service,No,0,Yes,Yes,79.84,1396.56,5,4,0,1
CUS-102165,32,One year,No,Credit card,No,No,No internet service,0,No,No,69.7,2262.27,5,0,0,0
CUS-104533,35,Two year,Fiber optic,Credit card,No,No,No internet service,0,Yes,No,136.41,4780.91,5,1,0,0
CUS-100673,72,Month-to-month,No,Credit card,No,No,No internet service,0,No,Yes,54.4,3903.57,1,2,0,0
CUS-100249,20,Month-to-month,DSL,Electronic check,Yes,No internet service,No,1,No,Yes,45.33,1048.14,1,1,0,0
CUS-101574,4,Month-to-month,No,Mailed check,Yes,Yes,No,0,No,Yes,51.3,229.94,1,0,0,0
CUS-103419,15,Two year,Fiber optic,Mailed check,No,No internet service,No internet service,0,Yes,No,113.92,1592.16,4,1,0,0
CUS-102081,12,Two year,Fiber optic,Credit card,No,No,No internet service,1,Yes,No,54.99,524.71,2,0,0,0
CUS-101823,72,Two year,DSL,Mailed check,No,Yes,Yes,0,No,No,59.85,4232.77,4,1,0,0
CUS-106469,38,Month-to-month,Fiber optic,Electronic check,No,No internet service,No,0,No,Yes,122.77,4394.34,2,2,0,0
CUS-106687,72,One year,Fiber optic,Bank transfer,No,Yes,No internet service,1,No,No,82.66,5886.88,4,2,0,0
CUS-104544,39,Two year,Fiber optic,Electronic check,Yes,No,No,0,No,No,73.43,3036.93,0,0,0,0
CUS-105565,13,Two year,Fiber optic,Mailed check,Yes,No internet service,No,0,Yes,Yes,90.24,1139.24,1,1,0,0
CUS-100716,5,Month-to-month,No,Credit card,Yes,No internet service,No,1,Yes,No,89.47,44.74,4,0,0,1
CUS-106236,20,One year,Fiber optic,Electronic check,Yes,No,No internet service,0,Yes,No,118.43,2522.5,2,3,0,0
CUS-106526,21,Two year,DSL,Electronic check,No,No internet service,Yes,0,No,Yes,51.9,1258.66,3,1,0,0
CUS-102048,49,Month-to-month,DSL,Credit card,Yes,Yes,Yes,0,Yes,Yes,60.9,3341.72,1,1,0,0
CUS-105997,35,Month-to-month,Fiber optic,Credit card,Yes,Yes,No,0,Yes,No,91.47,3147.87,2,2,0,0
CUS-105264,19,Month-to-month,Fiber optic,Bank transfer,Yes,No internet service,No,0,Yes,Yes,134.33,2158.78,4,5,0,1
CUS-104178,42,Month-to-month,Fiber optic,Electronic check,Yes,Yes,No,0,Yes,No,89.17,3457.23,2,2,0,1
CUS-104809,72,Two year,DSL,Bank transfer,Yes,No,No,0,No,No,53.75,3879.32,5,1,0,0
CUS-102724,43,Two year,No,Electronic check,Yes,No,No,0,No,No,73.51,3135.17,3,1,0,1
CUS-106319,46,One year,Fiber optic,Electronic check,Yes,Yes,Yes,0,Yes,No,70.29,3274.09,3,1,0,0
CUS-101460,33,Month-to-month,Fiber optic,Mailed check,Yes,Yes,No,0,No,No,93.34,2709.74,4,4,0,0
CUS-105989,42,Two year,DSL,Credit card,Yes,No,No,1,No,No,77.04,3239.46,4,5,0,0
CUS-101668,29,One year,DSL,Mailed check,Yes,No,No,0,No,Yes,60.25,1708.46,0,3,1,0
CUS-102756,14,Month-to-month,DSL,Credit card,No,Yes,No,0,Yes,No,46.37,636.48,0,1,0,0
CUS-102000,14,Month-to-month,Fiber optic,Electronic check,No,No,No,0,No,No,76.86,811.3,0,1,0,1
CUS-104571,45,Two year,Fiber optic,Electronic check,No,Yes,No,0,No,No,89.79,3943.42,1,1,1,1
CUS-104613,11,Month-to-month,DSL,Bank transfer,No,No internet service,No,0,No,No,36.91,298.16,2,0,0,0
CUS-100404,12,Two year,No,Electronic check,Yes,Yes,Yes,0,Yes,No,55.72,450.94,5,1,0,0
CUS-100384,56,One year,Fiber optic,Credit card,Yes,No,No,0,Yes,Yes,66.7,3332.32,0,2,0,0
CUS-106279,14,Month-to-month,Fiber optic,Electronic check,Yes,No internet service,No,0,Yes,No,94.38,655.7,2,5,0,1
CUS-102152,37,Month-to-month,DSL,Electronic check,Yes,No,Yes,0,No,No,84.77,2582.43,4,2,1,1
CUS-101633,30,Month-to-month,Fiber optic,Credit card,No,Yes,No,1,No,No,85.45,2340.26,1,1,0,1
CUS-106510,15,Two year,No,Electronic check,No,No,No,0,No,No,55.83,819.23,3,2,0,0
CUS-105580,72,One year,DSL,Credit card,No,No,Yes,0,Yes,No,40.75,2869.44,0,1,0,0
CUS-104784,47,Two year,Fiber optic,Bank transfer,Yes,No internet service,No,0,No,No,73.45,3264.8,0,5,0,0
CUS-103925,15,One year,Fiber optic,Bank transfer,No,No internet service,Yes,0,No,No,78.83,1547.14,1,4,0,1
CUS-105336,9,Month-to-month,DSL,Electronic check,No,Yes,Yes,0,No,No,77.88,416.21,5,1,0,0
CUS-104158,26,One year,Fiber optic,Credit card,Yes,No,No internet service,0,Yes,Yes,61.09,1913.29,1,2,0,0
CUS-104948,39,Two year,Fiber optic,Bank transfer,No,No,No,0,Yes,No,96.55,3871.03,1,3,1,0
CUS-105898,9,One year,DSL,Bank transfer,Yes,Yes,Yes,0,No,Yes,45.76,426.18,0,1,0,0
CUS-105358,24,Month-to-month,DSL,Credit card,Yes,No,No,0,No,Yes,62.32,1398.37,0,0,0,1
CUS-100223,32,Month-to-month,DSL,Bank transfer,No,No internet service,Yes,1,No,No,47.17,1520.24,1,2,0,0
CUS-102193,56,One year,Fiber optic,Credit card,No,No,No,0,Yes,No,75.03,4084.79,1,5,1,0
CUS-103136,9,Month-to-month,Fiber optic,Bank transfer,Yes,No,No,0,Yes,Yes,86.89,335.64,1,3,1,1
CUS-104469,2,Month-to-month,DSL,Electronic check,Yes,No,Yes,0,No,No,44.75,251.0,1,1,0,1
CUS-101824,38,Month-to-month,DSL,Credit card,Yes,No,No,1,No,Yes,44.72,1534.38,0,2,0,0
CUS-106425,67,Month-to-month,Fiber optic,Electronic check,No,No,No,0,No,No,115.83,7726.2,5,1,0,0
CUS-105124,16,Month-to-month,No,Electronic check,Yes,No internet service,No,0,No,No,65.01,1107.64,1,0,1,1
CUS-104972,6,One year,Fiber optic,Electronic check,Yes,Yes,Yes,0,Yes,Yes,68.54,343.42,2,1,0,0
CUS-100797,60,One year,Fiber optic,Electronic check,No,No,No internet service,0,No,Yes,106.39,6747.18,3,4,0,0
CUS-102871,72,Month-to-month,Fiber optic,Credit card,Yes,Yes,No,0,Yes,Yes,64.69,4578.25,3,3,0,0
CUS-100009,21,One year,Fiber optic,Electronic check,Yes,Yes,No,0,Yes,No,120.18,2208.91,4,6,0,1
CUS-101944,39,Month-to-month,Fiber optic,Electronic check,Yes,Yes,No internet service,0,Yes,Yes,67.52,3058.38,1,3,0,1
CUS-101838,21,Month-to-month,DSL,Credit card,Yes,Yes,Yes,0,Yes,Yes,56.57,959.92,5,1,1,0
CUS-104804,16,One year,Fiber optic,Electronic check,Yes,Yes,No internet service,0,Yes,No,93.91,1634.88,0,3,0,1
CUS-100255,72,Month-to-month,No,Bank transfer,Yes,No,No,1,Yes,No,56.29,4185.56,0,0,0,0
CUS-105713,33,Month-to-month,Fiber optic,Mailed check,No,No,Yes,0,No,No,118.97,3824.35,5,3,0,1
CUS-104485,18,One year,DSL,Credit card,Yes,No internet service,No,1,Yes,No,54.37,874.04,1,2,0,0
CUS-106301,21,Month-to-month,Fiber optic,Mailed check,Yes,Yes,No,1,Yes,No,103.87,2441.11,4,3,1,1
CUS-101581,7,One year,DSL,Mailed check,No,No internet service,No,1,Yes,No,60.64,183.21,5,2,0,0
CUS-102956,36,Month-to-month,No,Electronic check,No,No,No,0,No,No,74.64,2927.8,4,0,0,1
CUS-100924,10,Two year,Fiber optic,Mailed check,Yes,No,No,0,No,Yes,57.73,734.54,1,0,0,0
CUS-106193,16,Month-to-month,No,Electronic check,No,Yes,No internet service,0,Yes,Yes,48.37,774.17,3,1,0,1
CUS-102508,9,One year,DSL,Credit card,No,No,Yes,0,Yes,No,52.39,541.15,3,3,1,0
CUS-106132,21,Month-to-month,Fiber optic,Bank transfer,Yes,No,No,1,No,No,99.79,1999.71,4,2,0,0
CUS-105024,7,Month-to-month,Fiber optic,Electronic check,No,Yes,No,0,No,Yes,70.97,639.78,4,2,1,1
CUS-105320,36,One year,Fiber optic,Credit card,Yes,No,Yes,0,Yes,No,101.25,3949.98,2,1,0,0
CUS-106042,37,Two year,DSL,Bank transfer,Yes,No,Yes,0,Yes,Yes,74.34,2720.24,5,2,0,0
CUS-103775,17,Month-to-month,DSL,Mailed check,No,No,No,0,Yes,No,59.2,935.62,0,2,0,0
CUS-104835,72,Two year,No,Bank transfer,Yes,No,Yes,0,No,No,36.54,2915.25,0,1,1,0
CUS-104136,15,One year,DSL,Electronic check,Yes,Yes,No,1,No,Yes,39.09,523.55,3,0,0,1
CUS-104964,41,One year,Fiber optic,Bank transfer,No,Yes,Yes,0,Yes,No,79.94,3497.08,0,1,0,0
CUS-102779,33,Month-to-month,DSL,Bank transfer,Yes,Yes,No,0,Yes,No,69.86,2188.62,3,1,0,0
CUS-100539,58,Month-to-month,No,Electronic check,Yes,No,Yes,0,Yes,Yes,55.96,3111.64,3,1,0,0
CUS-102745,28,Month-to-month,DSL,Electronic check,Yes,No,Yes,0,No,No,64.62,2164.68,3,4,0,0
CUS-106286,26,Month-to-month,DSL,Electronic check,Yes,No internet service,No,0,No,Yes,40.41,1086.91,1,0,0,0
CUS-106386,4,Two year,DSL,Credit card,No,No,No internet service,0,No,No,61.19,386.98,4,0,0,0
CUS-105467,72,Month-to-month,Fiber optic,Electronic check,No,No internet service,No,0,No,No,79.89,6117.45,1,2,0,1
CUS-101145,20,Month-to-month,Fiber optic,Electronic check,No,No internet service,No,1,Yes,No,109.2,2590.19,1,6,0,1
CUS-105127,20,One year,Fiber optic,Credit card,No,No,No internet service,0,No,No,75.51,2032.33,0,4,0,0
CUS-104468,34,Month-to-month,Fiber optic,Electronic check,Yes,Yes,Yes,0,Yes,Yes,98.88,3444.67,0,4,1,1
CUS-100667,30,One year,Fiber optic,Electronic check,No,No,No internet service,0,Yes,No,106.72,2789.99,2,3,0,1
CUS-103019,28,Two year,Fiber optic,Electronic check,No,No,Yes,0,No,No,79.2,1946.07,2,3,0,0
CUS-100357,11,Month-to-month,DSL,Credit card,No,No,No internet service,0,No,Yes,84.13,933.9,5,2,0,0
CUS-105063,17,Month-to-month,Fiber optic,Credit card,Yes,No,No internet service,1,No,No,69.72,1165.94,1,1,0,0
CUS-102831,16,Month-to-month,No,Electronic check,No,Yes,No internet service,0,No,No,58.96,1078.05,2,3,1,0
CUS-102783,16,Month-to-month,DSL,Bank transfer,No,Yes,No,1,Yes,No,35.01,569.13,1,2,0,0
CUS-101353,8,Month-to-month,Fiber optic,Credit card,Yes,Yes,Yes,0,Yes,No,83.84,695.74,2,4,0,1
CUS-105131,24,Month-to-month,Fiber optic,Mailed check,Yes,Yes,Yes,0,No,No,98.48,2396.08,4,4,1,0
CUS-100470,9,Two year,Fiber optic,Bank transfer,No,Yes,No internet service,0,No,No,118.25,1212.05,3,1,0,1
CUS-102703,41,One year,DSL,Electronic check,Yes,No,No,0,Yes,No,18.1,741.52,0,0,0,0
CUS-103330,64,Month-to-month,Fiber optic,Mailed check,Yes,Yes,No,0,Yes,Yes,118.18,7566.84,3,3,0,1
CUS-103637,17,Month-to-month,Fiber optic,Credit card,No,No,No,0,Yes,No,59.58,1221.5,0,0,0,1
CUS-101396,42,Month-to-month,Fiber optic,Bank transfer,No,No internet service,No,0,No,No,72.24,3219.86,0,2,0,0
CUS-103584,21,Month-to-month,No,Credit card,Yes,No,No internet service,0,No,Yes,78.18,1999.56,5,3,0,0
CUS-106273,72,Month-to-month,DSL,Bank transfer,No,No internet service,No,0,No,No,84.58,6296.64,5,1,0,1
CUS-105262,58,One year,DSL,Bank transfer,Yes,No,No internet service,0,No,No,60.11,3277.3,3,0,0,0
CUS-105645,27,One year,No,Credit card,Yes,No,No,0,No,Yes,79.78,2184.46,5,1,1,1
CUS-103376,53,Month-to-month,Fiber optic,Mailed check,Yes,No,Yes,1,No,Yes,97.39,5090.21,1,4,1,0
CUS-101256,5,Two year,No,Electronic check,Yes,No,Yes,0,Yes,No,76.04,443.96,4,3,0,0
CUS-106190,8,Two year,Fiber optic,Bank transfer,Yes,Yes,No,0,Yes,Yes,86.13,450.29,3,3,0,0
CUS-103512,72,One year,Fiber optic,Mailed check,Yes,Yes,No,0,No,No,82.74,5957.0,0,2,0,0
CUS-105651,39,Two year,DSL,Mailed check,No,No,No,0,Yes,No,51.5,1952.95,0,5,0,0
CUS-105778,7,Month-to-month,DSL,Bank transfer,No,No internet service,No,0,No,No,75.97,616.7,4,2,0,1
CUS-101250,23,Month-to-month,DSL,Bank transfer,No,No,No,0,Yes,No,55.83,1540.96,2,1,0,0
CUS-105795,4,Month-to-month,Fiber optic,Bank transfer,Yes,No internet service,No internet service,0,No,Yes,108.69,54.34,5,3,0,1
CUS-105348,8,Month-to-month,DSL,Credit card,Yes,No,Yes,0,Yes,Yes,52.84,253.1,1,0,0,0
CUS-106721,19,Month-to-month,Fiber optic,Electronic check,Yes,No,Yes,0,Yes,Yes,99.28,2457.95,3,3,0,1
CUS-104298,45,Month-to-month,DSL,Bank transfer,No,No,No,0,Yes,No,57.56,2433.81,4,3,0,0
CUS-103284,15,Month-to-month,Fiber optic,Electronic check,Yes,No internet service,No,0,No,No,94.21,1337.4,4,4,0,1
CUS-102933,24,Month-to-month,Fiber optic,Bank transfer,Yes,No,No,0,Yes,No,86.66,1829.3,3,0,0,1
CUS-104175,9,One year,DSL,Mailed check,Yes,No,Yes,1,No,No,37.32,353.66,0,0,0,0
CUS-105268,31,One year,No,Electronic check,Yes,No,No internet service,0,Yes,No,52.73,1963.96,1,0,0,0
CUS-104910,29,Month-to-month,No,Credit card,Yes,No internet service,Yes,0,Yes,No,58.37,1975.16,2,2,1,0
CUS-101852,18,Two year,No,Bank transfer,Yes,No,No,1,No,No,31.43,688.33,0,1,0,0
CUS-106541,6,One year,Fiber optic,Electronic check,No,No,No,0,No,No,88.31,184.67,0,2,0,1
CUS-106809,27,One year,Fiber optic,Electronic check,No,No,No internet service,0,No,Yes,62.59,1396.11,1,0,0,0
CUS-102105,9,Month-to-month,Fiber optic,Mailed check,No,No,Yes,0,Yes,Yes,108.89,1826.14,4,2,1,1
CUS-100133,35,One year,DSL,Electronic check,No,No,Yes,0,Yes,Yes,84.39,3264.45,4,2,0,0
CUS-105236,53,Month-to-month,DSL,Credit card,No,Yes,No internet service,0,No,Yes,53.88,2750.97,2,1,0,0
CUS-105029,17,One year,DSL,Bank transfer,Yes,Yes,No,1,Yes,No,43.48,848.32,1,0,0,0
CUS-100928,29,Month-to-month,Fiber optic,Bank transfer,Yes,No internet service,Yes,1,No,Yes,117.77,3840.92,2,4,1,1
CUS-100823,33,One year,No,Bank transfer,Yes,No,No,0,Yes,Yes,52.64,1712.85,4,1,0,0
CUS-106353,41,Month-to-month,No,Mailed check,Yes,No,Yes,0,No,No,79.03,3119.06,3,3,1,1
CUS-101531,48,One year,DSL,Bank transfer,Yes,No,No,1,No,No,22.12,1118.49,0,0,0,0
CUS-101214,48,Two year,Fiber optic,Electronic check,Yes,No,Yes,1,Yes,No,102.9,4792.4,3,1,0,0
CUS-100504,25,Month-to-month,Fiber optic,Electronic check,Yes,No internet service,Yes,0,No,No,115.73,2641.92,4,4,0,1
CUS-104285,27,Month-to-month,Fiber optic,Credit card,Yes,No internet service,No,0,No,Yes,92.45,2660.94,1,3,0,0
CUS-101996,15,Two year,DSL,Mailed check,Yes,No internet service,No,0,No,No,54.97,786.77,0,2,0,0
CUS-103072,39,One year,No,Credit card,No,No,No internet service,1,No,No,53.19,2022.89,3,1,0,0
CUS-101958,14,Month-to-month,Fiber optic,Credit card,Yes,No,Yes,0,No,Yes,86.64,1303.19,3,1,0,1
CUS-101384,16,One year,Fiber optic,Mailed check,Yes,Yes,No,0,Yes,No,71.55,995.88,2,0,0,0
CUS-100894,19,Month-to-month,No,Electronic check,Yes,No,No internet service,0,Yes,Yes,64.5,1343.58,4,2,0,0
CUS-104924,8,One year,No,Mailed check,Yes,No,No,0,No,No,83.04,853.18,5,0,0,0
CUS-100455,21,One year,No,Bank transfer,No,No,No,0,Yes,No,29.13,660.45,1,1,1,0
CUS-105779,10,Two year,No,Bank transfer,No,No,No internet service,0,Yes,No,76.63,720.32,4,2,1,0
CUS-106477,29,Month-to-month,DSL,Electronic check,No,No internet service,No,0,Yes,No,71.72,1898.99,5,1,1,1
CUS-103709,9,Month-to-month,DSL,Credit card,Yes,Yes,No,1,No,No,49.85,563.66,1,2,0,1
CUS-106452,22,Month-to-month,DSL,Mailed check,Yes,Yes,No,0,No,Yes,47.63,1325.02,1,0,0,1
CUS-104849,72,Month-to-month,DSL,Credit card,No,No internet service,Yes,0,No,No,39.0,2831.79,1,2,0,0
CUS-104748,17,Two year,Fiber optic,Electronic check,No,Yes,No internet service,0,Yes,No,74.15,1447.31,3,5,0,0
CUS-104268,70,Two year,DSL,Electronic check,Yes,Yes,No internet service,1,No,No,54.85,3825.85,1,2,0,0
CUS-103522,26,One year,DSL,Electronic check,Yes,No,No,0,No,No,86.41,1976.25,5,2,0,0
CUS-104134,8,One year,DSL,Bank transfer,No,No internet service,Yes,0,Yes,No,43.6,650.31,0,1,0,0
CUS-103602,14,Month-to-month,Fiber optic,Electronic check,No,No internet service,Yes,0,Yes,Yes,95.87,588.45,2,1,0,1
CUS-106839,15,One year,Fiber optic,Electronic check,No,No,No,1,No,No,79.6,1250.36,0,1,0,1
CUS-100713,46,Month-to-month,Fiber optic,Credit card,Yes,No internet service,Yes,1,Yes,No,121.88,6169.45,4,2,0,0
CUS-104186,39,Month-to-month,Fiber optic,Bank transfer,No,No,No internet service,0,No,No,83.06,2769.53,0,3,0,0
CUS-102214,20,One year,DSL,Electronic check,No,No,Yes,1,Yes,No,75.5,1567.79,5,3,0,0
CUS-105301,29,Two year,Fiber optic,Mailed check,No,No internet service,No,0,Yes,No,86.11,2579.63,1,2,0,1
CUS-102923,17,Month-to-month,Fiber optic,Mailed check,Yes,No,No,0,No,No,69.76,1571.3,2,1,0,0
CUS-101810,26,One year,DSL,Mailed check,No,No,No,0,Yes,No,60.18,1465.4,0,1,0,0
CUS-103486,6,Two year,Fiber optic,Electronic check,Yes,No,No,1,No,No,83.91,527.52,3,0,0,0
CUS-103141,48,One year,DSL,Mailed check,No,No,No,1,No,Yes,38.03,2002.36,0,2,0,0
CUS-101827,17,Month-to-month,Fiber optic,Bank transfer,No,No,No,0,No,Yes,98.53,2131.57,1,2,1,0
CUS-101155,72,Two year,Fiber optic,Bank transfer,No,Yes,No,0,Yes,No,89.76,6176.75,1,1,0,0
CUS-101324,35,Month-to-month,DSL,Bank transfer,Yes,No,No,0,Yes,No,70.27,2644.99,4,0,0,0
CUS-104312,36,Month-to-month,DSL,Mailed check,Yes,No internet service,No internet service,0,No,No,43.13,1472.82,0,1,0,0
CUS-100510,26,One year,Fiber optic,Electronic check,Yes,No internet service,No,0,Yes,Yes,78.53,1645.64,0,2,0,0
CUS-101680,24,Month-to-month,No,Electronic check,Yes,Yes,No internet service,0,No,Yes,49.47,1206.46,2,1,1,1
CUS-100499,23,One year,Fiber optic,Credit card,Yes,Yes,No,0,Yes,No,102.83,2188.14,4,2,1,0
CUS-106340,20,Month-to-month,DSL,Mailed check,No,No internet service,No,0,Yes,No,53.14,974.73,3,0,0,0
CUS-101856,13,Two year,Fiber optic,Credit card,No,Yes,No internet service,0,No,No,105.26,1680.86,3,7,0,0
CUS-101388,48,Month-to-month,DSL,Mailed check,No,No internet service,No,1,No,No,79.26,3750.69,3,0,0,0
CUS-105615,11,Two year,No,Credit card,No,No,No internet service,0,Yes,Yes,74.09,816.04,5,1,0,0
CUS-103719,29,Month-to-month,DSL,Credit card,Yes,No internet service,No internet service,0,No,No,50.12,1432.02,4,1,0,0
CUS-102386,23,Month-to-month,Fiber optic,Bank transfer,Yes,Yes,No,0,No,No,81.9,1842.25,0,2,0,0
CUS-105541,22,Month-to-month,Fiber optic,Electronic check,No,Yes,Yes,1,Yes,No,86.89,2237.25,2,3,0,1
CUS-103236,24,Month-to-month,DSL,Credit card,Yes,No internet service,No,0,No,No,51.39,1248.87,5,1,0,0
CUS-106172,17,Month-to-month,Fiber optic,Electronic check,Yes,No,Yes,0,Yes,No,94.54,1870.37,4,2,0,1
CUS-101540,27,Month-to-month,Fiber optic,Credit card,Yes,Yes,No,0,No,Yes,76.61,1819.86,0,1,0,1
CUS-101217,22,One year,DSL,Bank transfer,Yes,No,Yes,1,No,Yes,77.37,1741.65,4,1,0,0
CUS-102681,32,Month-to-month,Fiber optic,Bank transfer,Yes,No internet service,No internet service,0,No,No,112.75,3241.33,2,0,0,0
CUS-102993,5,Month-to-month,Fiber optic,Mailed check,Yes,Yes,No,0,Yes,Yes,105.9,1094.3,4,3,0,0
CUS-105512,8,Month-to-month,Fiber optic,Credit card,Yes,Yes,Yes,0,Yes,No,107.83,1108.14,2,5,0,1
CUS-101191,2,Month-to-month,No,Credit card,Yes,No internet service,No,1,No,Yes,51.83,129.66,2,0,0,1
CUS-105772,12,Month-to-month,Fiber optic,Credit card,No,Yes,Yes,0,Yes,Yes,84.95,1097.19,2,3,0,0
CUS-105293,30,One year,No,Bank transfer,No,No internet service,No internet service,0,No,No,72.47,2529.65,3,2,1,0
CUS-101542,55,Month-to-month,Fiber optic,Electronic check,No,Yes,Yes,0,No,No,67.88,3884.33,1,2,0,0
CUS-103301,32,Month-to-month,Fiber optic,Mailed check,Yes,No,No internet service,0,No,Yes,58.7,1764.88,1,2,0,1
CUS-103324,22,Month-to-month,No,Bank transfer,No,No,No,0,Yes,No,53.38,1052.79,0,2,0,1
CUS-102539,12,Two year,DSL,Electronic check,No,No internet service,No,0,Yes,No,51.92,597.48,0,2,1,0
CUS-100953,52,Month-to-month,Fiber optic,Credit card,Yes,Yes,Yes,0,Yes,No,64.24,3491.76,0,2,0,1
CUS-104846,65,One year,DSL,Electronic check,No,Yes,No internet service,1,No,Yes,63.96,4182.79,5,0,1,0
CUS-104330,25,Month-to-month,Fiber optic,Credit card,Yes,No internet service,No internet service,1,Yes,No,112.54,3251.57,5,4,1,1
CUS-100732,7,One year,Fiber optic,Electronic check,No,No internet service,Yes,1,No,No,99.01,721.2,3,3,0,0
CUS-106990,14,Month-to-month,DSL,Credit card,Yes,Yes,Yes,0,No,No,29.76,437.79,0,2,0,0
CUS-101156,50,One year,Fiber optic,Credit card,Yes,Yes,Yes,0,No,No,96.45,4874.25,0,3,0,0
CUS-106476,41,Two year,DSL,Bank transfer,Yes,Yes,No,0,No,No,67.97,2644.09,4,0,0,0
CUS-103294,26,One year,DSL,Electronic check,Yes,Yes,Yes,0,No,No,34.58,839.57,3,0,0,0
CUS-102982,1,One year,DSL,Mailed check,Yes,Yes,Yes,0,No,No,44.93,114.18,0,1,0,0
CUS-105305,72,Month-to-month,No,Credit card,Yes,Yes,No,0,No,Yes,48.59,3405.09,1,1,0,0
CUS-105161,72,Month-to-month,No,Electronic check,No,No internet service,No,1,No,Yes,56.83,4089.51,2,0,0,1
CUS-102156,23,Month-to-month,Fiber optic,Bank transfer,No,No internet service,Yes,0,No,No,93.25,2096.18,4,2,0,1
CUS-101062,72,Month-to-month,DSL,Credit card,Yes,No,Yes,0,No,No,46.91,3133.08,4,0,0,0
CUS-102616,72,Month-to-month,Fiber optic,Credit card,No,No,Yes,0,Yes,No,108.49,7396.1,5,7,0,1
CUS-101167,67,One year,Fiber optic,Mailed check,No,No,No internet service,0,Yes,Yes,73.12,4922.26,0,5,0,0
CUS-103222,72,Two year,Fiber optic,Electronic check,Yes,No internet service,No,0,Yes,Yes,66.43,4757.79,1,2,0,0
CUS-103636,23,One year,Fiber optic,Credit card,Yes,Yes,No,0,No,No,67.3,1854.78,2,1,0,0
CUS-105588,2,Two year,DSL,Electronic check,Yes,No internet service,Yes,0,No,No,69.11,186.98,4,1,0,0
CUS-102938,25,Month-to-month,DSL,Electronic check,Yes,No internet service,Yes,1,No,No,40.42,819.1,4,0,0,0
CUS-104491,33,Two year,No,Mailed check,No,No,No,1,Yes,No,41.74,1395.76,0,1,0,0
CUS-103140,21,Month-to-month,DSL,Electronic check,Yes,No,No,0,Yes,Yes,41.09,848.74,2,0,0,0
CUS-104980,9,One year,Fiber optic,Electronic check,Yes,Yes,No,0,No,No,105.67,862.6,1,4,0,1
CUS-100143,46,Month-to-month,Fiber optic,Credit card,No,No internet service,Yes,0,No,Yes,106.95,4987.42,5,3,0,1
CUS-106934,22,Two year,Fiber optic,Bank transfer,Yes,Yes,No,0,No,Yes,117.37,2129.48,5,3,0,0
CUS-103577,30,One year,Fiber optic,Bank transfer,No,Yes,No,1,No,No,110.77,2905.56,4,1,0,0
CUS-104946,43,One year,DSL,Electronic check,Yes,No,No,0,Yes,No,69.82,3285.35,5,3,1,0
CUS-102782,65,Month-to-month,No,Bank transfer,No,Yes,No internet service,0,No,No,85.48,5371.75,5,2,1,1
CUS-100717,23,Two year,DSL,Electronic check,Yes,No internet service,No,0,Yes,No,53.87,1239.48,2,3,0,0
CUS-101819,9,Month-to-month,DSL,Bank transfer,Yes,No,No,0,No,No,43.18,488.3,0,0,0,1
CUS-102502,22,Month-to-month,Fiber optic,Mailed check,Yes,Yes,No internet service,0,No,No,89.63,2260.31,3,2,0,1
CUS-104360,26,Month-to-month,No,Electronic check,Yes,No internet service,No,0,No,No,65.69,1791.74,2,0,0,0
CUS-104171,31,Month-to-month,Fiber optic,Electronic check,Yes,No internet service,No,0,Yes,No,92.61,3108.84,2,2,0,1
CUS-100395,72,One year,Fiber optic,Electronic check,No,No internet service,No,0,Yes,Yes,73.92,5720.05,0,0,0,0
CUS-105731,16,Month-to-month,DSL,Electronic check,Yes,No,Yes,0,Yes,Yes,70.82,805.05,4,3,0,0
CUS-106320,25,Month-to-month,No,Mailed check,Yes,No,Yes,0,No,No,44.89,1413.67,3,0,0,0
CUS-106762,9,One year,DSL,Electronic check,Yes,No,Yes,0,Yes,No,51.57,456.77,1,2,0,0
CUS-104492,26,Two year,DSL,Credit card,Yes,Yes,No,0,No,No,62.1,1731.87,4,1,0,0
CUS-101365,8,Month-to-month,DSL,Electronic check,Yes,Yes,No internet service,0,No,No,67.73,737.09,4,2,0,1
CUS-106372,6,Month-to-month,DSL,Mailed check,Yes,No,No,0,No,No,50.47,195.57,1,1,0,0
CUS-105999,27,Two year,Fiber optic,Bank transfer,Yes,Yes,No internet service,0,Yes,No,84.79,2646.4,1,2,1,0
CUS-100595,22,Month-to-month,DSL,Credit card,No,Yes,No,0,No,No,59.02,1410.52,2,3,0,1
CUS-106205,13,Two year,DSL,Bank transfer,No,Yes,No,0,Yes,No,50.21,765.02,1,0,0,0
CUS-103952,57,Month-to-month,Fiber optic,Electronic check,No,No,No,0,Yes,Yes,133.77,7222.5,3,1,0,1
CUS-105392,64,One year,DSL,Electronic check,Yes,No internet service,No,0,Yes,Yes,33.38,2217.13,1,1,0,0
CUS-105917,26,Month-to-month,No,Bank transfer,Yes,No,No,1,Yes,No,30.22,791.51,0,4,0,0
CUS-104968,24,Month-to-month,Fiber optic,Electronic check,Yes,No,Yes,0,Yes,No,70.47,1764.49,1,1,0,0
CUS-102914,47,Month-to-month,DSL,Bank transfer,No,Yes,No,0,No,Yes,48.06,2205.55,2,3,1,0
CUS-102326,37,One year,No,Electronic check,Yes,No,No internet service,0,No,No,70.23,2700.73,3,1,1,0
CUS-105644,24,Month-to-month,Fiber optic,Credit card,Yes,No,No,0,Yes,No,49.83,1188.02,0,0,1,1
CUS-103766,30,Two year,Fiber optic,Electronic check,No,No,Yes,0,Yes,Yes,135.18,3713.72,5,3,0,0
CUS-103440,10,Two year,No,Mailed check,Yes,No,No,1,No,No,57.84,769.11,0,0,0,0
CUS-103851,37,Month-to-month,DSL,Bank transfer,Yes,No,No,1,No,No,24.21,894.1,1,1,0,0
CUS-104132,7,One year,Fiber optic,Bank transfer,No,No,Yes,0,Yes,No,89.83,382.8,3,1,0,1
CUS-106412,69,One year,Fiber optic,Electronic check,Yes,Yes,No,0,No,No,84.89,6360.9,0,2,0,1
CUS-102143,38,Month-to-month,DSL,Mailed check,Yes,No,No,0,No,No,54.44,2134.35,1,2,0,0
CUS-106449,13,Month-to-month,Fiber optic,Credit card,No,No,No,0,Yes,No,96.38,1433.28,0,3,0,0
CUS-105073,13,Month-to-month,No,Bank transfer,Yes,No,No internet service,0,Yes,No,73.26,1078.52,4,4,0,0
CUS-101571,9,Two year,Fiber optic,Bank transfer,No,Yes,No internet service,0,No,No,96.31,1021.12,0,3,0,0
CUS-104079,35,Month-to-month,DSL,Bank transfer,No,No,No internet service,0,Yes,Yes,48.3,1598.34,0,1,0,1
CUS-101122,38,Month-to-month,DSL,Credit card,No,No,Yes,0,No,No,56.07,2060.62,2,1,0,0
CUS-102786,26,Month-to-month,Fiber optic,Mailed check,Yes,No,No,0,Yes,No,101.39,2112.52,2,0,0,1
CUS-106335,4,Two year,Fiber optic,Mailed check,Yes,No internet service,No,0,Yes,No,92.51,869.7,2,1,0,0
CUS-102967,21,Month-to-month,DSL,Electronic check,Yes,Yes,Yes,0,Yes,Yes,51.69,1133.69,3,1,0,0
CUS-102504,43,Month-to-month,No,Mailed check,No,No,Yes,1,Yes,No,53.04,2134.42,4,1,0,0
CUS-105988,16,Two year,DSL,Credit card,Yes,No,No,0,Yes,No,71.26,948.77,2,4,1,0
CUS-103465,19,Two year,Fiber optic,Mailed check,Yes,Yes,No internet service,0,Yes,No,123.69,2479.18,5,3,0,0
CUS-100675,23,Month-to-month,DSL,Mailed check,No,Yes,No,0,Yes,No,71.33,1846.5,3,1,0,0
CUS-102808,25,Month-to-month,Fiber optic,Bank transfer,Yes,No internet service,Yes,0,No,No,60.05,1621.84,1,1,1,1
CUS-103348,34,Month-to-month,DSL,Electronic check,Yes,Yes,No,0,No,No,82.56,2810.61,5,0,0,0
CUS-100728,32,One year,DSL,Bank transfer,No,Yes,No internet service,0,No,No,46.51,1564.9,2,0,0,0
CUS-100412,18,Month-to-month,DSL,Credit card,Yes,No,No internet service,0,No,No,64.01,1138.44,0,1,0,0
CUS-103146,24,Month-to-month,No,Credit card,No,No,No,0,Yes,Yes,52.43,975.31,3,2,1,0
CUS-101516,19,Month-to-month,No,Bank transfer,Yes,No,No,0,Yes,No,78.56,1542.41,3,2,0,0
CUS-105745,72,Month-to-month,No,Electronic check,Yes,Yes,No internet service,0,Yes,No,63.43,4491.98,2,2,0,0
CUS-100825,72,Two year,Fiber optic,Bank transfer,No,No,No,1,No,Yes,110.23,7919.92,0,6,0,0
CUS-103267,25,Month-to-month,No,Bank transfer,No,No internet service,No,1,No,No,58.67,1361.24,1,1,0,0
CUS-103974,31,Month-to-month,No,Electronic check,No,Yes,Yes,0,No,No,63.34,1798.48,3,2,1,1
CUS-100616,9,One year,No,Bank transfer,No,No internet service,Yes,0,No,No,36.12,495.6,0,1,0,0
CUS-100114,12,Month-to-month,No,Credit card,Yes,No,Yes,0,No,Yes,96.17,1245.94,5,1,0,1
CUS-100417,25,Two year,Fiber optic,Credit card,Yes,No,No,0,Yes,No,95.2,2880.73,0,3,0,0
CUS-103069,30,One year,Fiber optic,Electronic check,Yes,Yes,Yes,0,No,Yes,80.84,2577.79,0,3,0,0
CUS-101625,9,Two year,No,Bank transfer,No,No,No internet service,1,No,No,51.82,481.92,3,1,0,1
CUS-106931,32,Month-to-month,Fiber optic,Electronic check,No,Yes,No internet service,0,Yes,No,63.77,1833.15,3,0,0,1
CUS-104185,13,Month-to-month,Fiber optic,Bank transfer,No,No,No,0,Yes,No,112.17,2026.76,2,1,0,0
CUS-102896,72,Month-to-month,Fiber optic,Electronic check,Yes,No,No,0,Yes,Yes,99.87,7211.59,3,4,0,1
CUS-106529,12,One year,DSL,Credit card,Yes,Yes,No internet service,0,Yes,No,59.04,574.2,4,1,1,0
CUS-102082,5,Month-to-month,Fiber optic,Mailed check,No,No,Yes,1,Yes,Yes,111.39,689.01,3,2,1,1
CUS-100753,36,Month-to-month,Fiber optic,Credit card,Yes,No,No,0,Yes,Yes,83.3,2392.73,2,2,0,0
CUS-102546,70,Two year,Fiber optic,Credit card,Yes,No,No,1,Yes,No,110.33,7559.06,2,2,0,0
CUS-103969,12,Month-to-month,Fiber optic,Electronic check,Yes,No,No,0,No,No,117.71,1501.83,5,3,0,1
CUS-103373,9,Month-to-month,DSL,Credit card,Yes,Yes,No,1,Yes,No,52.96,496.53,5,1,0,0
CUS-105726,23,Two year,Fiber optic,Mailed check,No,Yes,No,1,Yes,No,79.62,1629.04,1,1,0,0
CUS-104107,37,Month-to-month,DSL,Credit card,No,Yes,Yes,0,Yes,No,27.99,1074.43,0,1,0,0
CUS-102444,13,One year,DSL,Bank transfer,Yes,No,No internet service,0,No,No,70.68,763.11,4,2,0,0
CUS-104380,19,One year,No,Mailed check,No,Yes,Yes,0,Yes,Yes,64.01,1407.9,3,2,0,0
CUS-101066,24,One year,Fiber optic,Electronic check,Yes,No,Yes,0,Yes,No,93.91,1778.25,0,2,0,1
CUS-103913,24,Month-to-month,DSL,Mailed check,Yes,No,No internet service,0,No,Yes,40.42,711.72,4,0,0,0
CUS-105287,21,Month-to-month,Fiber optic,Bank transfer,Yes,Yes,Yes,0,Yes,Yes,117.41,3330.6,5,1,0,1
CUS-105536,6,Month-to-month,DSL,Bank transfer,Yes,No,No,0,Yes,No,50.83,171.49,1,1,0,0
CUS-105387,18,Month-to-month,Fiber optic,Electronic check,Yes,No,No,1,Yes,Yes,78.44,1619.46,2,1,0,1
CUS-105732,23,One year,DSL,Mailed check,Yes,No internet service,No,0,No,No,86.71,1755.27,4,4,0,1
CUS-103498,6,One year,DSL,Bank transfer,Yes,No internet service,No,0,No,No,99.72,672.19,5,1,0,0
CUS-102738,42,One year,Fiber optic,Bank transfer,No,Yes,No,0,No,No,89.83,3549.79,5,2,0,0
CUS-105052,4,One year,DSL,Electronic check,No,Yes,No,0,Yes,No,39.68,19.84,0,2,0,0
CUS-104000,3,Month-to-month,No,Credit card,No,No,No internet service,0,Yes,Yes,56.15,379.66,3,1,0,1
CUS-101568,40,Month-to-month,No,Electronic check,No,No,Yes,0,No,Yes,61.39,2491.52,5,1,0,1
CUS-102427,10,Two year,DSL,Bank transfer,Yes,No,No,0,No,No,61.22,423.85,1,1,0,0
CUS-103746,33,Month-to-month,Fiber optic,Bank transfer,Yes,Yes,No,0,No,No,94.47,3089.57,2,2,0,0
CUS-106480,25,Month-to-month,Fiber optic,Electronic check,Yes,Yes,No,0,Yes,No,98.73,2648.26,3,2,1,0
CUS-101687,14,Month-to-month,Fiber optic,Mailed check,Yes,No,No internet service,0,Yes,Yes,122.09,1622.53,5,3,0,1
CUS-100851,2,Month-to-month,DSL,Credit card,Yes,Yes,No internet service,1,Yes,No,32.13,22.44,0,3,0,1
CUS-103546,28,Month-to-month,Fiber optic,Electronic check,No,No,No,0,Yes,Yes,128.8,3613.43,1,5,0,1
CUS-106303,20,One year,No,Credit card,Yes,No,No internet service,0,Yes,No,54.16,1152.81,4,0,0,0
CUS-100895,22,Month-to-month,DSL,Electronic check,Yes,No internet service,No,0,No,No,82.74,1815.95,5,0,0,1
CUS-104592,27,One year,Fiber optic,Electronic check,No,Yes,No,0,Yes,No,97.33,2357.41,5,2,0,0
CUS-106401,41,Two year,Fiber optic,Mailed check,Yes,No,Yes,0,No,Yes,119.67,5675.24,2,0,0,0
CUS-105878,6,One year,DSL,Bank transfer,Yes,No internet service,No internet service,1,No,No,73.95,568.62,2,1,0,0
CUS-100335,11,Month-to-month,Fiber optic,Electronic check,Yes,No,No,0,Yes,No,86.17,650.61,3,5,0,1
CUS-102839,30,Month-to-month,Fiber optic,Credit card,No,Yes,No,0,No,No,89.26,2604.82,0,4,1,1
CUS-103087,44,Month-to-month,Fiber optic,Mailed check,No,Yes,No,0,No,Yes,105.95,4758.27,3,0,0,1
CUS-104611,34,Month-to-month,Fiber optic,Bank transfer,No,No,No,0,No,No,110.63,3504.63,5,4,0,0
CUS-101348,57,Month-to-month,DSL,Electronic check,Yes,No,No,0,Yes,No,28.93,1489.38,0,1,0,1
CUS-101015,35,Month-to-month,Fiber optic,Mailed check,No,No internet service,Yes,1,Yes,No,89.87,2575.65,2,3,0,0
CUS-102816,33,Month-to-month,No,Mailed check,Yes,No,Yes,0,No,No,46.46,1381.68,4,1,0,0
CUS-101631,51,Month-to-month,Fiber optic,Mailed check,Yes,No,Yes,0,No,No,100.56,4705.11,5,0,0,0
CUS-102489,20,One year,Fiber optic,Electronic check,Yes,No,Yes,0,No,Yes,99.21,2482.6,5,3,0,0
CUS-103730,20,Month-to-month,Fiber optic,Bank transfer,No,No internet service,Yes,0,Yes,No,71.29,1112.59,0,2,0,0
CUS-103251,46,Month-to-month,No,Credit card,Yes,No,No internet service,0,No,No,79.1,3271.0,5,0,0,1
CUS-106474,45,Month-to-month,No,Bank transfer,No,Yes,No,1,No,No,87.57,4169.18,5,0,1,0
CUS-105877,25,Month-to-month,DSL,Bank transfer,Yes,No,Yes,0,Yes,No,50.83,1418.93,0,0,0,0
CUS-105881,72,Two year,Fiber optic,Mailed check,Yes,No internet service,No internet service,0,Yes,No,106.71,7971.99,3,1,0,0
CUS-102070,13,Two year,DSL,Mailed check,Yes,No,Yes,1,Yes,Yes,70.28,809.31,2,2,0,0
CUS-104452,53,Month-to-month,DSL,Electronic check,Yes,No,Yes,0,Yes,No,73.69,4052.06,3,1,0,1
CUS-106831,56,Month-to-month,No,Credit card,Yes,No,No internet service,1,No,No,55.84,3086.07,4,3,1,0
CUS-105408,44,One year,No,Credit card,Yes,Yes,No internet service,0,No,No,83.73,4034.21,2,1,0,0
CUS-101635,38,Month-to-month,Fiber optic,Bank transfer,No,No,No,0,Yes,Yes,92.83,3506.06,0,1,0,0
CUS-104646,25,One year,Fiber optic,Electronic check,No,No internet service,No,0,Yes,No,98.85,2468.43,3,6,0,1
CUS-102479,37,Month-to-month,Fiber optic,Bank transfer,Yes,No,No internet service,0,No,Yes,115.2,4154.28,5,3,1,1
CUS-102265,32,Two year,DSL,Electronic check,No,Yes,Yes,0,Yes,No,61.51,1977.73,3,0,0,0
CUS-102959,9,Month-to-month,DSL,Credit card,Yes,No internet service,Yes,0,Yes,Yes,79.43,686.94,3,2,0,0
CUS-105323,10,One year,DSL,Credit card,No,No,Yes,0,No,No,70.12,662.33,4,1,0,0
CUS-106608,30,Two year,No,Bank transfer,No,No,No,1,No,Yes,74.33,2285.5,2,1,0,0
CUS-103059,71,Month-to-month,Fiber optic,Credit card,Yes,No internet service,Yes,0,No,No,86.91,6319.99,2,1,0,0
CUS-105053,11,Month-to-month,Fiber optic,Credit card,Yes,No,Yes,0,No,No,76.12,718.19,2,2,0,0
CUS-105869,12,Month-to-month,DSL,Mailed check,Yes,No internet service,No,0,No,No,55.62,543.22,2,4,1,0
CUS-102141,26,Month-to-month,Fiber optic,Bank transfer,No,No,Yes,1,No,No,60.51,1611.53,3,0,0,0
CUS-105104,34,Month-to-month,Fiber optic,Credit card,Yes,Yes,Yes,0,Yes,No,87.94,2925.5,2,3,1,0
CUS-103118,9,Two year,Fiber optic,Credit card,Yes,No,Yes,1,Yes,No,114.65,800.23,3,3,0,1
CUS-105188,13,One year,Fiber optic,Bank transfer,Yes,No,No,0,No,Yes,81.16,894.28,1,1,0,0
CUS-106600,32,Month-to-month,Fiber optic,Credit card,Yes,Yes,No,1,No,No,101.82,2803.41,3,3,0,1
CUS-104045,39,Two year,DSL,Bank transfer,Yes,No internet service,No internet service,0,No,No,56.86,2355.51,4,3,0,0
CUS-103356,7,Two year,DSL,Mailed check,No,No,No,0,Yes,No,69.74,425.13,0,2,0,0
CUS-102744,16,Two year,Fiber optic,Electronic check,Yes,No,No,0,Yes,No,74.16,1169.29,2,1,0,0
CUS-105092,24,Month-to-month,Fiber optic,Bank transfer,No,Yes,Yes,0,Yes,Yes,111.25,2773.07,3,2,0,0
CUS-103506,8,Month-to-month,Fiber optic,Bank transfer,Yes,No,No,1,No,No,86.85,508.53,1,2,0,1
CUS-101679,23,Month-to-month,Fiber optic,Electronic check,Yes,Yes,No,0,No,No,95.83,2262.2,4,3,0,0
CUS-104249,44,One year,Fiber optic,Electronic check,No,No,Yes,0,Yes,No,97.12,4202.94,3,1,0,0
CUS-103147,11,Month-to-month,DSL,Credit card,Yes,No,No internet service,0,No,No,66.38,772.37,2,2,0,1
CUS-102294,18,Month-to-month,DSL,Bank transfer,No,No,No internet service,0,No,No,48.07,938.58,1,1,0,0
CUS-100580,7,Two year,DSL,Bank transfer,Yes,No,No,0,No,No,75.52,459.55,2,4,0,0
CUS-101470,61,Two year,DSL,Bank transfer,Yes,No,No,0,No,Yes,44.8,2732.03,1,2,0,0
CUS-104799,30,One year,DSL,Electronic check,Yes,No,No,0,Yes,No,60.47,1762.46,1,1,0,0
CUS-104070,22,Two year,DSL,Electronic check,Yes,No,Yes,0,No,Yes,55.64,1440.02,1,0,0,0
CUS-105308,20,Month-to-month,Fiber optic,Bank transfer,No,No,Yes,0,No,No,69.2,1466.23,0,4,0,1
CUS-103343,10,Month-to-month,DSL,Mailed check,No,No,No internet service,1,Yes,No,36.55,211.1,1,2,0,1
CUS-104992,35,Two year,Fiber optic,Electronic check,Yes,Yes,Yes,1,Yes,No,97.12,2666.88,1,2,0,0
CUS-104583,55,Month-to-month,DSL,Mailed check,No,No,Yes,0,No,No,55.48,2959.0,0,1,0,1
CUS-103672,14,Month-to-month,No,Bank transfer,No,Yes,No,1,Yes,Yes,48.97,810.09,0,1,0,0
CUS-100559,19,One year,DSL,Credit card,No,No,No,0,Yes,No,77.25,1426.09,3,2,0,0
CUS-105237,12,Month-to-month,Fiber optic,Electronic check,Yes,Yes,No internet service,1,Yes,Yes,84.48,996.64,0,1,0,0
CUS-105215,37,One year,No,Bank transfer,No,No,No,0,No,No,35.73,1311.23,1,0,1,0
CUS-102849,25,Month-to-month,Fiber optic,Electronic check,Yes,No,Yes,0,Yes,No,103.4,2717.16,3,3,0,0
CUS-100512,32,Two year,DSL,Credit card,No,No,No internet service,0,Yes,No,65.5,1974.87,5,1,0,0
CUS-104729,20,Two year,DSL,Electronic check,No,No internet service,No,0,No,No,81.6,1242.57,3,2,0,0
CUS-101081,4,One year,Fiber optic,Credit card,Yes,No internet service,No,0,Yes,No,94.37,47.18,4,1,0,0
CUS-101664,1,Month-to-month,Fiber optic,Electronic check,Yes,No,No internet service,0,No,Yes,93.87,362.44,1,1,0,1
CUS-101012,39,Month-to-month,DSL,Electronic check,Yes,No,No,1,Yes,No,67.75,2546.92,4,3,1,0
CUS-101931,10,Two year,DSL,Credit card,Yes,No,Yes,0,Yes,Yes,80.55,1032.12,5,3,0,0
CUS-101150,2,Two year,Fiber optic,Credit card,Yes,No,Yes,0,No,No,99.6,49.8,4,3,0,0
CUS-102838,39,Two year,Fiber optic,Electronic check,Yes,No internet service,No,0,No,Yes,103.66,4133.51,2,2,0,0
CUS-105949,33,Month-to-month,Fiber optic,Electronic check,Yes,Yes,Yes,0,No,No,102.41,2980.31,3,1,0,0
CUS-100116,31,Month-to-month,Fiber optic,Electronic check,Yes,No,Yes,1,No,Yes,80.74,2891.09,0,5,1,1
CUS-100740,13,Two year,No,Mailed check,Yes,Yes,Yes,0,Yes,No,52.78,777.87,2,0,0,0
CUS-106718,19,Two year,DSL,Electronic check,No,No,No internet service,0,Yes,No,57.57,1037.87,1,2,0,0
CUS-106070,43,Two year,DSL,Credit card,No,Yes,No internet service,0,No,Yes,101.4,4709.55,5,1,0,0
CUS-105177,22,Month-to-month,DSL,Electronic check,Yes,No,Yes,0,No,No,53.0,1011.38,3,0,0,1
CUS-103675,13,One year,DSL,Credit card,Yes,Yes,Yes,0,Yes,No,63.92,1051.56,5,1,0,0
CUS-105906,28,Month-to-month,No,Bank transfer,Yes,No,Yes,0,No,No,56.81,1736.07,3,4,0,1
CUS-100830,23,One year,Fiber optic,Electronic check,Yes,No internet service,No internet service,0,No,No,85.35,1796.82,3,0,0,0
CUS-100119,10,One year,Fiber optic,Credit card,Yes,No,No internet service,0,No,No,97.7,891.2,1,1,0,0
CUS-104752,21,Month-to-month,DSL,Electronic check,Yes,No internet service,No,0,Yes,Yes,54.27,1169.54,2,0,1,0
CUS-106676,20,Month-to-month,No,Bank transfer,Yes,No,No,1,Yes,No,36.37,643.8,0,0,0,1
CUS-106622,15,Two year,Fiber optic,Electronic check,No,No,No,0,Yes,Yes,85.73,1427.95,1,5,0,1
CUS-106919,12,Two year,DSL,Mailed check,No,No,No internet service,0,Yes,No,51.83,707.38,3,1,0,0
CUS-100635,38,Two year,DSL,Bank transfer,Yes,No internet service,Yes,0,Yes,No,45.86,1629.46,4,0,0,0
CUS-104465,9,Month-to-month,DSL,Mailed check,No,No,Yes,0,No,Yes,73.9,616.82,5,1,0,0
CUS-104364,25,Month-to-month,Fiber optic,Mailed check,Yes,No,Yes,0,No,No,129.67,2843.82,4,7,0,1
CUS-104142,29,Month-to-month,DSL,Mailed check,Yes,No,No,0,Yes,Yes,50.13,1576.98,1,0,0,0
CUS-100991,72,Month-to-month,No,Credit card,No,No,No,0,Yes,No,71.55,5018.48,2,0,0,0
CUS-100876,13,Two year,Fiber optic,Mailed check,Yes,Yes,No,0,No,No,77.25,1039.76,1,3,0,0
CUS-104869,25,Month-to-month,No,Bank transfer,Yes,No internet service,No,1,No,No,47.83,1291.1,0,3,1,0
CUS-105315,6,Two year,DSL,Mailed check,Yes,Yes,No,0,Yes,Yes,76.6,353.75,4,2,1,0
CUS-105222,57,Month-to-month,DSL,Mailed check,No,No internet service,Yes,0,Yes,No,61.12,3390.59,3,3,0,0
CUS-100004,45,Month-to-month,No,Bank transfer,No,No,No,0,No,Yes,58.23,2893.69,3,1,0,0
CUS-103051,20,One year,Fiber optic,Credit card,No,No,No,0,Yes,Yes,104.77,1781.42,3,4,1,1
CUS-105691,24,Month-to-month,Fiber optic,Credit card,Yes,Yes,Yes,0,Yes,No,106.82,2573.67,3,3,0,1
CUS-103124,32,One year,Fiber optic,Bank transfer,Yes,No,Yes,0,Yes,Yes,66.01,1856.92,1,0,0,0
CUS-106407,24,Month-to-month,Fiber optic,Electronic check,No,No internet service,No,0,No,Yes,123.88,3379.28,4,2,0,0
CUS-102660,28,Month-to-month,Fiber optic,Credit card,No,Yes,No internet service,0,Yes,Yes,129.26,3934.05,4,4,0,0
CUS-102491,29,Two year,No,Electronic check,No,No internet service,Yes,0,Yes,No,67.53,1724.03,3,1,0,0
CUS-105173,58,Month-to-month,No,Electronic check,No,Yes,No,0,Yes,Yes,36.46,2044.52,0,0,0,0
CUS-103854,38,One year,DSL,Mailed check,Yes,Yes,No,0,Yes,No,50.66,1704.76,2,2,1,0
CUS-104933,19,One year,Fiber optic,Credit card,No,No,No,0,Yes,No,74.38,1047.5,1,2,0,0
CUS-104777,39,Month-to-month,DSL,Bank transfer,Yes,No,No,0,No,No,49.83,1747.24,3,3,0,0
CUS-101715,21,Two year,Fiber optic,Credit card,Yes,No,No internet service,0,No,No,65.66,1270.34,5,2,0,0
CUS-106448,17,One year,Fiber optic,Credit card,Yes,No,No internet service,0,No,Yes,112.84,1482.32,4,4,1,0
CUS-106457,33,Month-to-month,Fiber optic,Electronic check,No,No,No internet service,0,No,Yes,91.86,3332.32,0,2,0,1
CUS-106293,18,One year,No,Electronic check,Yes,No,Yes,0,Yes,No,42.81,657.01,1,0,0,0
CUS-101148,53,One year,DSL,Credit card,Yes,No,No internet service,0,Yes,Yes,63.14,3498.69,5,4,1,1
CUS-103261,24,Month-to-month,Fiber optic,Credit card,No,No,No,1,Yes,No,102.89,2071.57,1,4,0,0
CUS-100574,18,Month-to-month,Fiber optic,Mailed check,Yes,No,No,0,No,No,100.91,1933.34,0,0,0,1
CUS-103769,34,Month-to-month,Fiber optic,Credit card,Yes,Yes,Yes,0,Yes,No,76.08,2849.92,0,3,0,1
CUS-103736,13,Two year,No,Electronic check,No,No internet service,Yes,0,Yes,No,83.22,1187.91,4,1,0,0
CUS-104146,23,Month-to-month,Fiber optic,Mailed check,Yes,No,No internet service,0,Yes,Yes,84.7,1854.89,1,5,1,1
CUS-100853,27,Month-to-month,DSL,Electronic check,Yes,No,No,0,Yes,No,70.85,2083.01,4,4,0,0
CUS-101982,15,One year,Fiber optic,Mailed check,No,Yes,Yes,0,No,No,127.01,1904.39,4,2,0,0
CUS-102774,59,One year,No,Bank transfer,Yes,Yes,No,0,No,No,44.3,2430.0,1,1,0,0
CUS-105919,52,Two year,Fiber optic,Credit card,Yes,Yes,No,0,Yes,No,121.42,6240.91,5,3,0,0
CUS-104929,16,Month-to-month,Fiber optic,Electronic check,Yes,No,No,0,No,No,141.14,2335.43,4,4,0,1
CUS-105211,27,Month-to-month,No,Electronic check,Yes,No internet service,No internet service,0,No,No,61.57,1676.2,2,5,1,0
CUS-101166,55,Month-to-month,DSL,Electronic check,Yes,No,Yes,0,No,No,39.21,2405.91,1,0,0,0
CUS-106002,26,One year,DSL,Credit card,No,No internet service,No,0,No,No,82.32,1725.86,1,2,0,0
CUS-100971,15,Month-to-month,No,Bank transfer,Yes,Yes,No internet service,1,No,No,64.91,1027.06,2,2,0,1
CUS-102701,47,Month-to-month,Fiber optic,Electronic check,No,No internet service,No,0,Yes,Yes,92.03,4804.64,1,9,0,0
CUS-104495,6,Month-to-month,DSL,Bank transfer,Yes,No,No,1,Yes,No,82.63,459.3,3,7,0,1
CUS-103847,11,Month-to-month,Fiber optic,Bank transfer,Yes,Yes,Yes,1,No,No,120.94,738.35,5,1,0,1
CUS-102368,28,Month-to-month,DSL,Electronic check,Yes,No internet service,Yes,1,No,No,64.77,1813.12,1,0,0,0
CUS-104115,72,Month-to-month,Fiber optic,Credit card,No,Yes,Yes,0,Yes,Yes,131.52,9513.69,5,6,1,1
CUS-104780,29,Two year,Fiber optic,Electronic check,No,No,No,1,No,Yes,117.01,3060.85,4,4,0,0
CUS-104131,7,Two year,DSL,Bank transfer,Yes,No,No,0,Yes,No,58.13,368.66,5,0,0,0
CUS-102950,34,One year,No,Bank transfer,Yes,Yes,No,0,No,No,27.26,917.18,1,2,0,0
CUS-105625,1,Month-to-month,Fiber optic,Electronic check,No,Yes,No,1,Yes,Yes,118.73,59.36,5,2,0,0
CUS-100524,16,Month-to-month,Fiber optic,Electronic check,Yes,Yes,No,0,Yes,No,99.96,1277.6,2,0,0,1
CUS-102455,72,Two year,Fiber optic,Mailed check,No,Yes,No,0,No,No,119.74,8509.66,5,5,0,0
CUS-105016,22,Two year,Fiber optic,Mailed check,Yes,No,No internet service,0,Yes,No,102.47,2113.88,5,2,1,0
CUS-101841,39,Month-to-month,No,Mailed check,Yes,No,No,0,Yes,No,77.56,2937.7,4,4,1,1
CUS-105986,44,Month-to-month,DSL,Credit card,Yes,No internet service,No,0,No,No,62.35,2590.59,4,1,0,0
CUS-100537,21,Month-to-month,Fiber optic,Mailed check,Yes,Yes,No,0,No,No,104.76,2622.9,4,1,0,0
CUS-102806,40,Month-to-month,DSL,Credit card,Yes,Yes,No,0,Yes,Yes,70.41,3027.01,4,1,0,0
CUS-105801,36,One year,Fiber optic,Mailed check,No,No internet service,No,1,Yes,No,80.57,2897.24,3,0,0,0
CUS-105596,8,Month-to-month,Fiber optic,Electronic check,No,No,No,0,Yes,No,92.66,600.91,0,2,0,0
CUS-104341,47,Month-to-month,No,Bank transfer,Yes,No internet service,No,1,Yes,No,32.78,1550.49,4,0,0,0
CUS-103175,27,Two year,DSL,Mailed check,Yes,No,No,0,Yes,No,60.93,1538.32,4,0,0,0
CUS-100784,32,Month-to-month,Fiber optic,Electronic check,No,No,No internet service,0,Yes,No,116.38,3451.29,4,2,0,1
CUS-104057,35,Month-to-month,No,Mailed check,No,No,No internet service,1,Yes,No,74.64,2885.24,3,4,0,1
CUS-101409,41,One year,Fiber optic,Credit card,Yes,Yes,Yes,0,No,No,75.65,3005.23,2,2,0,0
CUS-102537,51,Two year,DSL,Electronic check,Yes,Yes,Yes,0,Yes,Yes,59.08,2991.09,3,0,0,0
CUS-100154,24,Month-to-month,DSL,Mailed check,No,Yes,No,0,No,Yes,40.62,868.44,2,1,1,0
CUS-103009,7,Month-to-month,Fiber optic,Electronic check,No,No,Yes,0,No,Yes,108.84,790.61,4,3,1,1
CUS-101686,33,Month-to-month,DSL,Electronic check,Yes,Yes,Yes,0,Yes,No,33.18,1129.12,0,1,0,0
CUS-102901,18,Two year,No,Electronic check,Yes,No,No internet service,0,No,No,31.13,724.0,0,1,0,0
CUS-106930,12,Month-to-month,Fiber optic,Credit card,No,No internet service,Yes,1,No,No,92.78,826.86,5,2,0,0
CUS-104721,40,Month-to-month,DSL,Mailed check,No,No,No,1,Yes,Yes,78.56,3268.56,4,3,0,0
CUS-103863,6,One year,Fiber optic,Electronic check,Yes,No internet service,No internet service,0,Yes,No,84.1,701.14,1,3,0,1
CUS-102733,43,Month-to-month,No,Bank transfer,Yes,Yes,No,0,No,Yes,18.0,751.02,0,0,0,0
CUS-101895,47,One year,No,Bank transfer,Yes,No,No,0,Yes,No,25.77,1166.86,0,1,0,0
CUS-105442,72,One year,DSL,Electronic check,No,Yes,No,0,Yes,No,68.41,4742.55,1,2,1,0
CUS-100569,25,One year,Fiber optic,Bank transfer,No,No internet service,No,0,No,No,102.69,2357.04,3,2,0,0
CUS-105854,51,One year,Fiber optic,Credit card,No,No,Yes,0,Yes,No,93.46,4946.84,1,1,0,0
CUS-101816,33,Month-to-month,DSL,Credit card,Yes,No,No internet service,0,Yes,No,60.45,1903.72,2,3,0,0
CUS-102065,7,One year,DSL,Credit card,No,No internet service,No,0,No,No,60.78,424.69,2,0,0,0
CUS-100127,72,Month-to-month,DSL,Bank transfer,No,No internet service,No,0,Yes,Yes,92.26,6835.45,5,2,0,0
CUS-103394,16,One year,DSL,Electronic check,Yes,Yes,Yes,0,Yes,No,81.52,1229.2,5,5,0,0
CUS-103327,7,Month-to-month,Fiber optic,Bank transfer,Yes,Yes,Yes,0,Yes,No,76.76,513.08,0,2,0,0
CUS-106973,30,Two year,Fiber optic,Electronic check,Yes,No internet service,No,0,Yes,Yes,101.93,3090.08,2,5,0,0
CUS-106102,32,Two year,Fiber optic,Electronic check,Yes,No,No,0,Yes,Yes,52.87,1538.09,1,1,0,1
CUS-102975,34,Month-to-month,DSL,Credit card,Yes,No internet service,No,0,No,No,59.4,2015.02,5,2,1,0
CUS-100980,29,Month-to-month,Fiber optic,Mailed check,No,No internet service,No,0,Yes,No,87.46,2822.29,0,5,1,0
CUS-102300,24,Month-to-month,DSL,Mailed check,Yes,No internet service,No,0,Yes,Yes,42.41,1149.45,1,1,0,0
CUS-100190,3,Month-to-month,Fiber optic,Mailed check,No,No internet service,Yes,0,Yes,Yes,106.9,1055.32,2,2,0,1
CUS-101139,32,Month-to-month,Fiber optic,Bank transfer,Yes,Yes,No,0,No,No,139.07,4611.85,4,5,0,0
CUS-105088,12,Two year,No,Mailed check,Yes,No,No,0,Yes,No,86.57,1111.75,4,2,0,0
CUS-100699,7,One year,No,Bank transfer,No,No,No internet service,0,Yes,No,54.81,410.9,2,2,0,1
CUS-106677,14,Two year,Fiber optic,Electronic check,Yes,No,Yes,0,Yes,No,95.33,1456.04,4,1,0,0
CUS-100606,17,Two year,Fiber optic,Credit card,Yes,Yes,No,0,No,Yes,135.44,2553.54,3,3,0,0
CUS-104276,22,Month-to-month,Fiber optic,Electronic check,Yes,No,Yes,0,Yes,No,72.97,1884.34,0,2,0,1
CUS-100301,16,Month-to-month,No,Mailed check,Yes,Yes,Yes,0,No,No,35.76,782.9,1,1,0,0
CUS-103420,39,Month-to-month,DSL,Electronic check,No,No,No internet service,0,No,No,43.33,1755.12,0,2,1,1
CUS-106735,36,Two year,DSL,Bank transfer,Yes,No,Yes,1,No,No,43.08,1657.1,1,1,0,0
CUS-101060,31,Two year,No,Bank transfer,Yes,No,No,0,No,No,67.03,1893.42,1,1,0,0
CUS-106792,22,One year,No,Credit card,No,Yes,No,0,No,No,74.42,1263.49,5,1,0,0
CUS-106856,48,Month-to-month,DSL,Electronic check,No,No,No,0,Yes,No,54.75,2585.24,3,2,0,1
CUS-102565,26,Two year,Fiber optic,Bank transfer,No,No,No internet service,0,Yes,No,103.6,2822.71,3,1,0,0
CUS-106986,19,Month-to-month,Fiber optic,Credit card,Yes,Yes,No internet service,0,Yes,No,100.77,2006.4,3,0,0,1
CUS-101069,31,Month-to-month,Fiber optic,Mailed check,Yes,Yes,Yes,0,No,Yes,85.23,3005.73,3,3,0,1
CUS-102524,17,Two year,No,Mailed check,No,No,No internet service,0,Yes,Yes,60.33,1198.2,3,0,0,0
CUS-102205,11,Month-to-month,DSL,Bank transfer,Yes,Yes,Yes,0,No,Yes,63.51,909.56,2,1,0,0
CUS-101243,29,Month-to-month,DSL,Credit card,No,Yes,No,0,Yes,No,50.86,1584.74,1,3,1,0
CUS-100016,23,Month-to-month,DSL,Electronic check,Yes,Yes,Yes,0,Yes,No,75.5,1696.69,4,1,0,1
CUS-103120,19,Two year,DSL,Mailed check,No,No,Yes,0,Yes,No,30.41,496.02,0,0,0,0
CUS-106976,25,Month-to-month,Fiber optic,Credit card,Yes,No,No,0,No,No,92.12,2485.87,4,2,0,1
CUS-104642,31,Month-to-month,Fiber optic,Mailed check,Yes,No,Yes,0,No,Yes,110.69,3265.28,1,3,0,0
CUS-104754,20,Month-to-month,Fiber optic,Bank transfer,No,No,No,1,Yes,Yes,61.79,1501.14,0,0,0,0
CUS-100815,35,One year,Fiber optic,Credit card,Yes,No internet service,No,0,No,No,81.97,2406.64,1,3,1,0
CUS-103067,5,One year,Fiber optic,Credit card,Yes,No internet service,No internet service,0,Yes,Yes,96.79,595.1,1,1,0,0
CUS-106682,72,Two year,Fiber optic,Bank transfer,No,Yes,No internet service,0,No,No,80.97,5834.01,0,1,0,0
CUS-105600,33,One year,DSL,Electronic check,Yes,No,No internet service,0,Yes,No,46.53,1394.67,1,1,0,0
CUS-100959,68,Two year,DSL,Electronic check,No,No,No,0,Yes,No,90.58,5816.5,5,1,1,0
CUS-106427,14,Month-to-month,Fiber optic,Electronic check,Yes,No,Yes,0,No,Yes,118.61,1568.27,3,4,0,0
CUS-104893,21,Two year,DSL,Electronic check,No,Yes,Yes,0,Yes,Yes,22.0,469.5,0,2,0,0
CUS-100225,50,Month-to-month,DSL,Bank transfer,No,No,No internet service,1,Yes,No,50.31,2405.26,2,2,0,1
CUS-106170,20,Month-to-month,Fiber optic,Mailed check,No,No,No internet service,0,No,No,80.6,1282.51,2,2,0,1
CUS-103354,72,One year,DSL,Bank transfer,No,Yes,Yes,0,No,No,66.11,4487.08,1,1,0,0
CUS-105895,43,One year,Fiber optic,Credit card,Yes,No internet service,No,0,No,No,99.63,4173.84,2,1,0,0
CUS-102485,16,Month-to-month,DSL,Mailed check,Yes,No,No,0,No,No,76.61,995.09,2,2,0,1
CUS-100562,21,Two year,Fiber optic,Credit card,Yes,No,No,0,No,Yes,116.44,2285.36,5,2,0,0
CUS-103436,10,One year,Fiber optic,Bank transfer,No,No internet service,Yes,0,Yes,Yes,131.35,1125.35,3,0,0,0
CUS-106373,64,One year,No,Electronic check,No,Yes,No,0,Yes,No,88.78,6036.96,5,1,0,0
CUS-106181,5,One year,Fiber optic,Electronic check,Yes,Yes,No internet service,0,No,No,86.74,238.68,2,0,0,0
CUS-101693,2,Two year,Fiber optic,Bank transfer,Yes,No,No,0,No,No,89.0,64.67,2,1,0,0
CUS-101045,13,One year,Fiber optic,Bank transfer,Yes,No,No,0,No,No,96.07,836.9,2,1,1,0
CUS-103446,19,Month-to-month,DSL,Bank transfer,Yes,Yes,Yes,0,Yes,Yes,26.95,476.92,2,1,0,0
CUS-104565,54,Month-to-month,DSL,Bank transfer,Yes,Yes,No,1,No,Yes,38.12,2009.18,2,2,0,0
CUS-100954,9,Two year,Fiber optic,Bank transfer,No,Yes,Yes,0,No,Yes,110.38,1274.41,3,2,0,0
CUS-106972,28,Month-to-month,DSL,Electronic check,Yes,No,Yes,0,No,No,49.23,1250.43,2,0,0,0
CUS-102735,11,Month-to-month,No,Electronic check,No,Yes,Yes,0,No,No,40.11,231.23,1,1,0,0
CUS-106862,19,Two year,DSL,Bank transfer,No,Yes,No,0,No,No,58.04,1037.18,3,2,0,0
CUS-104735,16,Two year,DSL,Bank transfer,Yes,Yes,No,0,No,No,47.85,863.63,3,1,1,0
CUS-106738,16,Two year,DSL,Mailed check,No,Yes,No,1,No,No,52.52,670.65,0,1,1,0
CUS-101218,14,Month-to-month,DSL,Mailed check,Yes,Yes,No,0,Yes,No,31.25,535.74,1,2,0,0
CUS-105254,9,Month-to-month,Fiber optic,Credit card,No,Yes,No,0,No,No,112.98,581.32,4,2,1,1
CUS-105511,41,Two year,DSL,Bank transfer,No,No internet service,Yes,1,No,Yes,75.45,3196.1,4,3,0,0
CUS-106652,21,One year,Fiber optic,Mailed check,No,Yes,No,0,Yes,No,85.64,1661.21,1,0,0,0
CUS-101527,9,Two year,Fiber optic,Credit card,Yes,No,No,1,Yes,Yes,80.73,646.87,0,1,0,0
CUS-103987,53,Two year,Fiber optic,Mailed check,No,Yes,No,0,Yes,No,96.3,5184.04,1,5,0,0
CUS-106907,26,Month-to-month,Fiber optic,Mailed check,No,No,No,0,Yes,Yes,83.43,2105.19,0,1,0,0
CUS-101300,22,One year,Fiber optic,Credit card,No,No,No internet service,0,Yes,Yes,101.59,1702.13,4,4,0,0
CUS-106844,24,Month-to-month,DSL,Electronic check,Yes,No,Yes,0,Yes,Yes,68.0,1604.71,5,2,0,0
CUS-105699,72,One year,Fiber optic,Credit card,Yes,No internet service,Yes,0,Yes,No,89.45,5958.67,2,1,0,0
CUS-100160,26,One year,Fiber optic,Credit card,Yes,No,No,0,No,No,125.79,3171.73,5,3,0,0
CUS-104067,21,Month-to-month,DSL,Credit card,Yes,Yes,No internet service,0,No,No,46.31,1149.38,2,4,0,0
CUS-105800,19,Two year,DSL,Mailed check,Yes,No internet service,No,0,No,No,67.68,1322.12,3,1,0,0
CUS-100956,41,One year,DSL,Mailed check,No,No,Yes,1,Yes,Yes,38.27,1417.24,1,1,0,0
CUS-103791,44,Month-to-month,No,Bank transfer,Yes,No,No internet service,0,No,Yes,59.95,2598.18,1,2,0,1
CUS-103234,9,One year,DSL,Electronic check,Yes,No internet service,No,0,No,Yes,68.24,396.75,5,2,0,0
CUS-102869,12,One year,Fiber optic,Bank transfer,Yes,No internet service,Yes,1,Yes,No,121.14,1157.69,4,2,0,0
CUS-103777,72,Two year,DSL,Mailed check,Yes,No internet service,No internet service,0,Yes,No,80.0,5632.08,5,1,0,0
CUS-104433,6,Month-to-month,Fiber optic,Bank transfer,No,Yes,No,0,No,No,82.85,801.06,3,4,0,0
CUS-104973,44,One year,No,Mailed check,No,No,No internet service,0,No,No,92.85,4338.4,3,0,0,0
CUS-106015,8,Month-to-month,Fiber optic,Electronic check,Yes,No,No,0,No,No,96.03,794.29,3,3,0,0
CUS-102961,4,Month-to-month,Fiber optic,Electronic check,No,Yes,Yes,1,No,No,128.64,64.32,3,5,0,0
CUS-105980,32,Two year,No,Electronic check,Yes,No,No internet service,1,No,No,46.01,1353.23,0,1,0,0
CUS-102200,24,Two year,Fiber optic,Bank transfer,No,No internet service,No,0,No,Yes,94.13,2437.94,0,1,0,0
CUS-100098,25,One year,Fiber optic,Electronic check,Yes,No,No,0,Yes,Yes,100.02,2391.79,3,3,0,0
CUS-106802,49,One year,No,Bank transfer,No,No internet service,No,1,Yes,No,49.08,2512.68,1,2,0,0
CUS-102557,33,Two year,No,Bank transfer,Yes,No,No,0,No,No,77.0,2484.11,5,2,0,0
CUS-103183,7,Month-to-month,DSL,Electronic check,Yes,No,No,0,No,No,66.33,460.22,5,3,0,0
CUS-100253,60,Month-to-month,No,Credit card,Yes,No,No,0,No,No,85.61,5068.61,5,3,0,0
CUS-103923,38,Month-to-month,Fiber optic,Electronic check,Yes,No,No,1,Yes,No,106.98,4608.54,3,6,0,1
CUS-104199,11,Month-to-month,Fiber optic,Electronic check,No,Yes,No,1,No,No,79.7,808.59,2,2,0,0
CUS-101445,72,Month-to-month,Fiber optic,Electronic check,No,Yes,Yes,0,Yes,Yes,124.12,9394.13,5,5,0,1
CUS-105539,20,One year,No,Credit card,Yes,No internet service,Yes,0,Yes,No,83.58,1340.53,4,2,0,0
CUS-101648,42,Month-to-month,Fiber optic,Bank transfer,No,Yes,Yes,0,Yes,No,95.96,4127.0,2,4,0,0
CUS-104682,50,Month-to-month,DSL,Credit card,No,Yes,No internet service,0,Yes,No,81.23,3756.21,5,3,0,0
CUS-104723,13,One year,Fiber optic,Bank transfer,Yes,No,No internet service,0,No,Yes,131.58,1691.7,5,5,0,1
CUS-103991,38,Month-to-month,Fiber optic,Electronic check,No,No,No,1,Yes,Yes,68.09,2315.06,0,0,0,0
CUS-101696,27,Month-to-month,Fiber optic,Bank transfer,No,Yes,No internet service,0,No,Yes,100.59,3580.88,2,3,1,1
CUS-103191,20,Two year,Fiber optic,Credit card,No,No,No internet service,0,No,No,99.08,1877.53,5,1,0,0
CUS-106197,8,Two year,Fiber optic,Electronic check,Yes,No internet service,No,0,Yes,No,88.96,967.4,5,4,1,1
CUS-106295,21,Two year,DSL,Credit card,Yes,No internet service,No,1,Yes,No,87.04,1649.04,4,3,0,0
CUS-104499,27,Two year,Fiber optic,Bank transfer,No,No,No internet service,0,Yes,No,97.66,2019.82,3,0,0,0
CUS-101154,17,Month-to-month,Fiber optic,Mailed check,No,No,No,0,No,No,117.67,2182.4,5,4,0,1
CUS-102255,31,Two year,Fiber optic,Electronic check,No,No,No,0,No,Yes,85.71,2734.79,1,3,0,0
CUS-101682,10,One year,Fiber optic,Electronic check,No,Yes,Yes,0,Yes,No,90.22,1035.24,2,5,0,0
CUS-103170,19,Two year,Fiber optic,Bank transfer,No,Yes,Yes,0,Yes,No,103.38,1773.77,3,1,0,0
CUS-102056,4,Month-to-month,DSL,Electronic check,No,No,No,0,No,No,50.88,44.65,3,0,0,0
CUS-104090,46,Month-to-month,DSL,Credit card,No,No,Yes,0,No,No,28.07,1246.55,0,0,0,0
CUS-106823,13,Month-to-month,DSL,Bank transfer,No,No,No,1,No,No,82.15,1294.35,2,0,0,0
CUS-103108,10,One year,No,Mailed check,No,No internet service,Yes,0,No,No,46.23,345.08,0,2,0,0
CUS-104548,47,One year,DSL,Bank transfer,No,No internet service,Yes,1,Yes,Yes,58.46,3234.89,3,2,0,1
CUS-103723,47,Month-to-month,Fiber optic,Mailed check,No,No,No internet service,0,Yes,No,77.18,3466.76,1,1,0,0
CUS-106397,31,One year,Fiber optic,Credit card,Yes,No,No,0,No,Yes,122.97,4332.91,5,3,0,0
CUS-105423,25,Two year,Fiber optic,Electronic check,Yes,No,No,0,No,Yes,122.63,2886.21,3,4,0,0
CUS-102049,32,One year,DSL,Electronic check,Yes,No internet service,No,0,Yes,No,71.38,2772.78,2,2,0,1
CUS-104976,45,Month-to-month,Fiber optic,Electronic check,Yes,No,Yes,0,Yes,No,108.23,4206.56,2,4,0,1
CUS-103643,22,Month-to-month,Fiber optic,Mailed check,Yes,No internet service,No internet service,0,Yes,Yes,109.08,2922.92,3,2,0,0
CUS-106902,26,Two year,DSL,Electronic check,Yes,No,No,0,Yes,No,73.87,2170.02,5,5,1,0
CUS-100623,26,One year,Fiber optic,Mailed check,Yes,No,Yes,0,Yes,No,78.31,2016.01,4,2,0,0
CUS-106489,39,One year,Fiber optic,Bank transfer,Yes,Yes,No internet service,1,Yes,No,87.03,3622.67,3,3,0,0
CUS-106730,44,Month-to-month,DSL,Bank transfer,No,Yes,No,0,Yes,Yes,51.91,1858.63,1,0,0,0
CUS-105883,65,Month-to-month,DSL,Credit card,Yes,No internet service,No,0,Yes,No,57.84,3920.27,2,1,1,0
CUS-100262,11,Month-to-month,DSL,Electronic check,No,Yes,No internet service,0,No,No,53.69,398.45,1,0,0,1
CUS-105730,31,Month-to-month,DSL,Bank transfer,Yes,No internet service,Yes,0,No,Yes,50.27,1353.01,1,2,0,1
CUS-103369,72,Month-to-month,DSL,Credit card,Yes,Yes,Yes,1,No,No,54.0,4255.71,3,2,0,0
CUS-104061,24,Month-to-month,Fiber optic,Electronic check,Yes,No,Yes,0,No,No,96.04,2275.17,3,2,0,1
CUS-105534,20,Two year,DSL,Electronic check,No,No,Yes,0,Yes,No,42.91,894.83,0,1,0,0
CUS-106294,10,Two year,No,Credit card,No,Yes,Yes,0,No,No,53.42,390.94,1,2,0,0
CUS-106065,20,Two year,DSL,Electronic check,Yes,Yes,No,0,No,No,66.76,1428.01,5,2,0,0
CUS-106616,23,Month-to-month,DSL,Bank transfer,Yes,No,No internet service,0,No,Yes,55.18,1349.12,3,2,0,1
CUS-101802,22,One year,No,Bank transfer,Yes,No,No,0,Yes,No,78.83,1573.52,5,4,1,0
CUS-104736,7,Month-to-month,DSL,Mailed check,Yes,Yes,No,0,Yes,Yes,30.07,117.35,0,0,0,0
CUS-106984,42,Month-to-month,No,Electronic check,Yes,No internet service,No internet service,0,Yes,No,42.52,1862.75,0,1,0,0
CUS-102385,37,One year,DSL,Mailed check,No,No internet service,No internet service,0,Yes,No,43.17,1632.95,3,0,0,0
CUS-106694,29,Month-to-month,Fiber optic,Credit card,Yes,No,No internet service,0,Yes,No,80.5,2585.38,1,0,0,0
CUS-105759,27,One year,DSL,Mailed check,No,Yes,No,0,Yes,No,28.65,887.02,1,1,0,0
CUS-101959,24,Month-to-month,No,Mailed check,No,No,No internet service,0,No,No,68.76,1785.66,5,0,0,1
CUS-102976,21,Two year,Fiber optic,Electronic check,No,No,Yes,0,Yes,No,89.87,1886.91,2,2,0,0
CUS-100488,29,Month-to-month,No,Bank transfer,No,Yes,Yes,1,No,Yes,77.55,2604.21,4,2,0,0
CUS-101843,12,Two year,No,Bank transfer,Yes,No,No internet service,0,Yes,No,75.52,663.85,3,1,0,0
CUS-101734,48,One year,Fiber optic,Mailed check,No,Yes,No internet service,0,Yes,No,83.48,4208.89,1,1,1,0
CUS-102911,15,Month-to-month,DSL,Mailed check,Yes,No,No,0,No,Yes,28.32,437.06,1,0,0,0
CUS-103219,20,One year,DSL,Bank transfer,No,No,Yes,0,Yes,No,73.24,1369.11,3,1,0,0
CUS-100146,20,Month-to-month,No,Credit card,Yes,No,No internet service,1,No,No,56.64,1259.13,5,1,1,0
CUS-105630,28,Month-to-month,Fiber optic,Bank transfer,Yes,No,No,0,No,No,104.32,3277.01,3,4,1,1
CUS-101986,19,Month-to-month,Fiber optic,Electronic check,Yes,Yes,No,0,No,Yes,101.83,1626.41,3,4,0,1
CUS-101369,45,Two year,Fiber optic,Mailed check,No,Yes,No,0,Yes,No,85.86,3438.72,5,4,0,0
CUS-106546,11,Two year,No,Mailed check,Yes,No,No,0,Yes,Yes,70.37,662.14,3,1,0,0
CUS-106051,57,One year,No,Electronic check,No,No,Yes,0,Yes,No,75.12,4500.31,5,3,0,0
CUS-102811,18,Two year,Fiber optic,Bank transfer,No,No,Yes,0,Yes,No,92.66,1669.73,1,1,0,0
CUS-100659,32,One year,Fiber optic,Mailed check,Yes,No,Yes,0,Yes,Yes,84.66,2352.39,3,3,0,0
CUS-101794,14,Month-to-month,Fiber optic,Credit card,No,Yes,Yes,0,Yes,No,82.96,1094.49,5,2,0,0
CUS-102511,60,Month-to-month,Fiber optic,Mailed check,Yes,No,Yes,0,Yes,No,107.11,6510.66,5,3,0,1
CUS-103397,72,One year,Fiber optic,Electronic check,Yes,No,No,1,No,No,101.13,7449.19,1,4,1,0
CUS-104282,19,Month-to-month,Fiber optic,Bank transfer,No,Yes,No,0,No,No,124.56,2301.65,5,3,0,0
CUS-101147,33,One year,Fiber optic,Bank transfer,No,Yes,No,0,Yes,Yes,90.94,2977.47,0,4,0,0
CUS-103272,14,One year,DSL,Electronic check,No,No,No internet service,0,No,Yes,52.18,596.16,2,1,0,0
CUS-100608,7,Month-to-month,DSL,Bank transfer,Yes,No,No,0,No,No,50.39,246.69,1,0,0,1
CUS-106287,59,Two year,No,Electronic check,No,No internet service,Yes,0,Yes,No,47.27,2571.28,0,0,0,0
CUS-103582,11,One year,DSL,Bank transfer,Yes,No,No internet service,0,No,No,47.34,648.34,1,0,0,0
CUS-101930,7,Month-to-month,No,Credit card,No,No,Yes,0,Yes,Yes,44.94,653.21,0,0,0,0
CUS-100197,34,Two year,Fiber optic,Electronic check,No,No internet service,No,0,Yes,No,126.76,4290.16,3,6,0,0
CUS-102931,57,One year,Fiber optic,Electronic check,Yes,No internet service,No,0,Yes,No,124.91,6671.39,4,3,1,0
CUS-102327,30,Month-to-month,Fiber optic,Electronic check,No,No,No,0,No,No,141.72,4307.9,5,4,0,1
CUS-104389,33,Two year,Fiber optic,Electronic check,No,No,No internet service,1,No,No,88.63,2473.66,2,4,0,0
CUS-100766,23,Month-to-month,No,Mailed check,No,No internet service,No,1,Yes,No,44.3,1151.23,1,1,0,0
CUS-104496,10,Month-to-month,Fiber optic,Bank transfer,Yes,Yes,No,0,Yes,Yes,105.1,924.36,1,0,0,1
CUS-104218,8,Month-to-month,Fiber optic,Credit card,No,No,No,1,No,Yes,102.76,537.5,5,5,0,1
CUS-103255,6,Month-to-month,Fiber optic,Credit card,Yes,No,No internet service,0,No,No,69.98,34.99,3,2,0,1
CUS-100202,18,One year,Fiber optic,Mailed check,Yes,No,No,0,Yes,No,119.05,2178.26,2,4,0,1
CUS-103510,41,Month-to-month,Fiber optic,Electronic check,No,No,No internet service,0,Yes,Yes,81.42,3464.77,1,1,0,1
CUS-104931,11,Two year,Fiber optic,Credit card,Yes,No,No,0,No,Yes,131.65,884.49,5,4,0,0
CUS-106390,14,One year,No,Bank transfer,Yes,No,No,0,No,Yes,94.96,879.62,5,5,0,0
CUS-105535,13,One year,DSL,Mailed check,Yes,No internet service,No,0,Yes,No,72.51,749.38,4,6,0,0
CUS-101733,62,Two year,DSL,Bank transfer,Yes,No,No,0,Yes,No,59.43,3750.27,4,0,0,0
CUS-105791,4,Month-to-month,Fiber optic,Electronic check,No,Yes,Yes,0,No,Yes,95.43,252.26,1,3,0,1
CUS-102777,6,Month-to-month,No,Credit card,No,No,Yes,0,Yes,No,62.04,636.45,0,1,0,0
CUS-101707,26,Two year,DSL,Bank transfer,No,No,Yes,0,Yes,No,81.6,1741.08,4,2,1,0
CUS-105172,18,Month-to-month,Fiber optic,Electronic check,Yes,No,Yes,0,Yes,Yes,67.36,1358.24,1,1,0,1
CUS-105249,28,One year,Fiber optic,Electronic check,Yes,No,Yes,0,No,No,84.31,2377.96,3,2,0,0
CUS-105757,9,One year,Fiber optic,Mailed check,Yes,Yes,Yes,1,Yes,No,90.97,889.25,0,5,0,0
CUS-103474,37,Month-to-month,Fiber optic,Bank transfer,Yes,No internet service,No internet service,0,No,No,86.9,3337.34,0,5,1,1
CUS-106528,28,Month-to-month,Fiber optic,Electronic check,Yes,No,No,0,Yes,Yes,52.89,1522.42,1,2,0,1
CUS-105855,13,Month-to-month,DSL,Credit card,No,No,No,0,No,No,71.55,782.72,5,2,0,0
CUS-100854,16,Month-to-month,Fiber optic,Electronic check,Yes,No,Yes,0,No,Yes,66.42,1312.75,0,0,0,1
CUS-105685,66,One year,Fiber optic,Bank transfer,No,No,No,0,No,No,46.18,2912.31,0,1,1,0
CUS-106363,45,Two year,DSL,Bank transfer,No,Yes,No,0,Yes,No,59.93,2325.78,4,0,0,0
CUS-104737,6,One year,Fiber optic,Bank transfer,Yes,No internet service,No,0,No,Yes,83.69,41.84,4,2,0,1
CUS-104097,33,Month-to-month,No,Credit card,Yes,No,Yes,0,Yes,No,33.38,989.13,0,2,0,0
CUS-102160,21,Month-to-month,DSL,Credit card,Yes,Yes,No,0,Yes,Yes,34.72,753.96,0,1,1,0
CUS-100698,21,Month-to-month,DSL,Credit card,No,No,No,0,No,Yes,44.4,1180.61,0,2,0,0
CUS-106927,11,Two year,No,Credit card,No,No,Yes,0,Yes,No,72.86,1119.33,4,0,0,0
CUS-102999,22,One year,DSL,Electronic check,Yes,No internet service,No,0,Yes,No,69.54,1553.08,5,3,0,0
CUS-103696,6,Month-to-month,DSL,Bank transfer,Yes,No,No internet service,0,No,No,59.46,424.43,4,3,0,0
CUS-101636,24,Month-to-month,DSL,Electronic check,No,Yes,No,0,No,No,96.48,2573.23,4,3,0,1
CUS-103457,12,Month-to-month,Fiber optic,Mailed check,No,No,No internet service,0,No,No,107.19,1024.04,1,1,0,0
CUS-103581,10,Month-to-month,No,Electronic check,No,No,No,1,Yes,Yes,68.6,948.39,5,2,1,1
CUS-101291,21,Month-to-month,DSL,Credit card,No,No,No internet service,0,No,No,44.52,820.03,0,1,0,1
CUS-104659,28,One year,DSL,Electronic check,Yes,Yes,No internet service,0,Yes,Yes,64.42,1407.61,3,0,0,1
CUS-106585,58,Two year,Fiber optic,Bank transfer,No,No internet service,Yes,0,Yes,Yes,79.7,4606.53,3,2,0,0
CUS-105616,9,Month-to-month,No,Bank transfer,No,No internet service,No,0,Yes,No,89.63,615.15,5,2,0,1
CUS-101853,17,Two year,Fiber optic,Credit card,Yes,Yes,No internet service,0,Yes,No,90.12,1345.51,1,3,0,0
CUS-105232,27,Month-to-month,Fiber optic,Electronic check,No,Yes,No,0,Yes,No,93.06,2611.14,0,4,0,1
CUS-103763,15,Two year,DSL,Mailed check,Yes,No,No internet service,0,No,No,60.98,586.89,4,2,0,0
CUS-103304,19,Two year,No,Electronic check,Yes,No internet service,No internet service,0,No,No,63.31,1028.4,4,5,0,0
CUS-106880,59,One year,Fiber optic,Electronic check,No,No internet service,No,0,No,No,98.57,5526.44,3,2,0,0
CUS-105727,32,Month-to-month,Fiber optic,Mailed check,No,No,No internet service,0,Yes,No,93.42,3154.69,4,2,0,1
CUS-103743,32,Two year,DSL,Credit card,No,No,Yes,0,No,No,49.28,1873.07,0,2,0,0
CUS-103445,21,One year,Fiber optic,Electronic check,No,No internet service,No,0,Yes,Yes,68.52,1423.41,0,2,0,1
CUS-101998,8,Month-to-month,Fiber optic,Bank transfer,No,No,No,0,Yes,No,94.56,309.42,1,3,0,1
CUS-100663,47,Month-to-month,DSL,Electronic check,No,No,No,0,No,Yes,45.17,2102.36,0,0,0,0
CUS-104779,72,One year,DSL,Electronic check,No,No,No,0,No,Yes,50.96,3763.68,2,4,0,0
CUS-105353,7,One year,DSL,Credit card,Yes,No,Yes,0,No,No,62.9,150.31,4,1,0,0
CUS-103748,14,Month-to-month,Fiber optic,Bank transfer,Yes,Yes,No,0,No,No,78.61,1231.88,4,1,0,1
CUS-104413,16,Two year,Fiber optic,Electronic check,Yes,No internet service,No,0,Yes,Yes,90.55,1858.41,2,2,1,0
CUS-104744,48,Month-to-month,DSL,Mailed check,Yes,No,No,0,Yes,Yes,94.63,4345.62,3,3,0,0
CUS-105530,30,Month-to-month,Fiber optic,Bank transfer,Yes,No,Yes,0,Yes,No,132.59,4073.14,4,2,0,0
CUS-105575,7,Month-to-month,DSL,Mailed check,No,No,No internet service,0,No,Yes,66.33,563.76,3,2,0,0
CUS-100709,25,Month-to-month,DSL,Credit card,Yes,No internet service,Yes,0,No,No,75.78,1424.7,5,5,0,0
CUS-101282,38,Month-to-month,DSL,Bank transfer,Yes,No,Yes,1,Yes,No,64.9,2415.61,0,1,0,1
CUS-105864,57,One year,DSL,Mailed check,No,Yes,No,0,No,Yes,49.33,2802.28,0,0,0,0
CUS-105068,36,Month-to-month,Fiber optic,Electronic check,No,Yes,Yes,0,Yes,Yes,102.82,3794.58,2,2,0,1
CUS-102675,31,Month-to-month,No,Bank transfer,Yes,No,No,0,No,No,74.43,2592.04,0,1,0,0
CUS-106776,23,One year,DSL,Bank transfer,Yes,Yes,Yes,0,No,Yes,83.11,2162.14,4,4,0,0
CUS-104029,59,One year,No,Credit card,No,No internet service,Yes,0,No,No,43.68,2574.97,0,1,0,0
CUS-101306,21,Month-to-month,DSL,Credit card,No,Yes,No,0,No,No,57.37,1140.23,0,1,0,0
CUS-105496,30,Two year,DSL,Bank transfer,No,Yes,Yes,0,No,No,93.89,2542.8,4,2,0,0
CUS-105504,33,Month-to-month,Fiber optic,Electronic check,No,Yes,No,0,Yes,No,85.76,2827.6,0,0,0,0
CUS-102237,43,One year,DSL,Credit card,No,Yes,No,0,Yes,No,82.67,3687.52,4,3,0,0
CUS-103302,17,Two year,Fiber optic,Electronic check,Yes,No,Yes,0,No,Yes,86.25,1250.28,2,2,0,0
CUS-105592,20,One year,DSL,Credit card,Yes,Yes,No,0,No,No,68.08,1319.98,3,1,0,0
CUS-102038,37,Month-to-month,DSL,Credit card,No,No internet service,No,0,Yes,No,76.47,2655.88,3,3,0,0
CUS-101529,41,Month-to-month,DSL,Bank transfer,No,Yes,No,0,Yes,No,39.35,1451.0,1,0,0,0
CUS-101663,13,Month-to-month,Fiber optic,Mailed check,Yes,Yes,No,0,No,Yes,98.02,1282.18,2,1,1,0
CUS-105450,26,One year,DSL,Mailed check,Yes,No,No,0,Yes,No,60.28,1639.82,1,1,0,0
CUS-106910,61,Month-to-month,Fiber optic,Bank transfer,No,Yes,No,0,No,No,96.74,6124.36,2,3,0,0
CUS-106936,48,Two year,Fiber optic,Bank transfer,No,No,No,0,No,Yes,102.32,4803.8,1,4,1,0
CUS-103627,36,Two year,Fiber optic,Electronic check,Yes,No,No,0,No,No,76.24,2718.13,0,2,0,0
CUS-105739,17,One year,Fiber optic,Bank transfer,No,No,No internet service,0,No,No,104.08,2173.59,5,4,1,0
CUS-105147,5,Month-to-month,Fiber optic,Electronic check,Yes,Yes,No,0,Yes,No,98.18,520.59,2,1,0,1
CUS-104891,36,Month-to-month,Fiber optic,Electronic check,Yes,No,Yes,0,No,No,70.63,2451.97,1,3,0,1
CUS-102693,29,Two year,No,Bank transfer,Yes,No,Yes,0,Yes,No,54.96,1669.03,1,2,0,0
CUS-103060,72,Month-to-month,DSL,Mailed check,Yes,No,No internet service,0,No,No,81.67,5690.22,5,4,0,1
CUS-101597,26,Month-to-month,DSL,Electronic check,Yes,No,No,0,Yes,No,80.4,1932.76,4,2,0,1
CUS-106700,26,Two year,Fiber optic,Bank transfer,Yes,No,Yes,1,Yes,Yes,114.87,3489.61,5,5,1,0
CUS-102729,12,Two year,Fiber optic,Electronic check,Yes,Yes,No internet service,0,Yes,No,100.92,1325.08,1,2,0,0
CUS-102625,45,Month-to-month,Fiber optic,Credit card,No,No internet service,Yes,0,Yes,Yes,94.01,4299.3,3,1,0,1
CUS-105915,53,Two year,Fiber optic,Credit card,No,Yes,No,0,Yes,No,109.87,6166.82,2,3,1,0
CUS-103157,56,One year,No,Mailed check,Yes,No,No internet service,0,No,No,39.1,2193.89,1,1,0,0
CUS-103314,18,One year,Fiber optic,Electronic check,Yes,No,No internet service,1,Yes,Yes,85.25,1572.34,1,2,0,0
CUS-101722,51,Month-to-month,DSL,Mailed check,No,No,No,1,No,No,44.14,2111.09,2,5,0,0
CUS-105279,66,Month-to-month,Fiber optic,Bank transfer,Yes,No,Yes,0,No,No,96.7,6126.39,4,1,0,0
CUS-106668,47,Month-to-month,Fiber optic,Bank transfer,No,Yes,No internet service,0,Yes,Yes,97.64,4655.87,2,3,1,0
CUS-101059,30,Month-to-month,No,Mailed check,Yes,No,No,0,Yes,No,49.33,1389.53,5,0,0,0
CUS-104636,32,One year,No,Electronic check,Yes,No,No internet service,0,No,Yes,91.01,2538.17,4,2,0,0
CUS-103242,15,Month-to-month,Fiber optic,Bank transfer,No,No,No,0,Yes,No,101.53,1580.66,4,1,0,1
CUS-101678,72,One year,DSL,Electronic check,No,No,No internet service,0,Yes,No,46.32,3182.36,0,1,1,0
CUS-106374,14,One year,DSL,Bank transfer,No,No,No,0,No,No,54.4,690.34,3,1,0,0
CUS-106628,44,One year,DSL,Credit card,Yes,Yes,No internet service,0,No,No,39.07,1731.42,1,2,0,0
CUS-101757,22,Month-to-month,Fiber optic,Mailed check,No,No,Yes,0,Yes,No,120.26,2992.43,3,5,1,0
CUS-106019,26,One year,Fiber optic,Bank transfer,Yes,Yes,No,1,Yes,No,123.77,3486.55,3,5,0,1
CUS-104191,24,Month-to-month,No,Bank transfer,Yes,No,No,1,Yes,Yes,75.04,1413.17,5,2,0,0
CUS-105116,37,Month-to-month,Fiber optic,Electronic check,No,No,No internet service,0,No,No,88.74,3654.75,4,7,0,1
CUS-100563,20,Two year,DSL,Electronic check,Yes,No internet service,No,1,Yes,No,49.48,1127.42,3,0,1,1
CUS-102790,31,One year,No,Bank transfer,Yes,No,No,0,Yes,No,41.35,1058.66,1,1,0,0
CUS-100863,46,Month-to-month,Fiber optic,Credit card,Yes,No,No,1,Yes,No,91.5,3957.54,0,2,1,1
CUS-101484,72,Month-to-month,Fiber optic,Bank transfer,Yes,No,No,0,Yes,Yes,119.31,9081.82,5,0,0,1
CUS-105977,15,Two year,No,Electronic check,Yes,Yes,No internet service,0,Yes,Yes,31.07,480.0,2,0,0,0
CUS-105134,58,Month-to-month,No,Credit card,No,Yes,No internet service,0,Yes,No,33.17,2018.74,1,1,0,1
CUS-100206,2,Month-to-month,Fiber optic,Mailed check,No,No internet service,No internet service,0,Yes,Yes,93.79,394.05,3,3,1,0
CUS-104488,72,Two year,Fiber optic,Bank transfer,Yes,No,No internet service,1,No,No,112.54,8621.64,4,2,0,0
CUS-100870,45,Month-to-month,Fiber optic,Mailed check,Yes,No internet service,Yes,0,Yes,No,97.0,4494.28,1,0,1,0
CUS-104493,62,One year,Fiber optic,Electronic check,Yes,Yes,No,0,Yes,Yes,69.29,4103.4,1,2,1,0
CUS-100502,24,Month-to-month,Fiber optic,Electronic check,Yes,Yes,No,1,Yes,No,65.55,1580.07,0,0,1,1
CUS-101028,3,Month-to-month,Fiber optic,Mailed check,Yes,Yes,Yes,1,Yes,No,107.73,226.99,5,3,0,0
CUS-103840,9,One year,Fiber optic,Electronic check,Yes,Yes,Yes,0,No,No,78.07,817.13,2,2,0,1
CUS-102690,4,Month-to-month,No,Electronic check,No,Yes,Yes,0,Yes,No,67.01,592.79,3,0,0,0
CUS-105581,11,One year,Fiber optic,Electronic check,No,Yes,No,0,No,Yes,86.94,1150.89,2,0,0,0
CUS-106756,28,Month-to-month,No,Bank transfer,No,No internet service,No,0,No,No,50.25,1395.72,1,0,0,0
CUS-105056,24,Month-to-month,DSL,Electronic check,No,Yes,No,0,Yes,No,54.99,1017.44,2,1,0,1
CUS-101570,15,Month-to-month,DSL,Electronic check,Yes,Yes,No,0,No,No,64.19,847.5,2,5,0,1
CUS-102773,13,Month-to-month,Fiber optic,Electronic check,No,No,No internet service,0,Yes,Yes,72.77,782.44,1,1,0,0
CUS-105991,68,Two year,Fiber optic,Electronic check,No,No,No,0,No,Yes,113.11,7691.96,2,1,0,1
CUS-102731,39,Month-to-month,No,Credit card,Yes,No internet service,Yes,1,Yes,Yes,71.88,2685.92,2,3,0,0
CUS-106242,34,Month-to-month,No,Credit card,Yes,No,No,0,Yes,No,41.48,1408.44,1,1,0,0
CUS-100804,13,One year,DSL,Electronic check,Yes,No,No,0,No,Yes,64.84,875.27,3,2,0,0
CUS-105847,31,Month-to-month,No,Electronic check,Yes,No,Yes,0,Yes,No,46.27,1210.01,0,0,0,1
CUS-103645,9,Month-to-month,No,Electronic check,Yes,No internet service,No,0,Yes,Yes,60.34,462.44,2,1,0,0
CUS-102454,40,Two year,DSL,Electronic check,No,No,No,0,No,No,60.94,2497.11,4,0,0,0
CUS-104598,17,One year,Fiber optic,Credit card,Yes,No internet service,Yes,1,No,No,95.83,794.1,4,1,0,0
CUS-103104,25,Two year,Fiber optic,Electronic check,Yes,No,No internet service,1,Yes,No,113.04,2847.57,2,3,0,0
CUS-104875,5,Month-to-month,DSL,Mailed check,Yes,No,No,0,Yes,Yes,87.62,973.19,1,1,1,1
CUS-105959,34,Two year,Fiber optic,Credit card,No,Yes,No,0,Yes,No,73.71,2479.83,3,3,0,0
CUS-100200,14,Month-to-month,Fiber optic,Mailed check,Yes,No,No,0,No,No,73.83,1021.16,1,1,0,0
CUS-106278,28,Month-to-month,DSL,Credit card,Yes,No,Yes,0,No,Yes,59.43,1525.39,4,1,0,0
CUS-103099,64,One year,No,Credit card,No,Yes,Yes,0,Yes,No,58.24,3811.44,4,3,0,0
CUS-106184,34,Month-to-month,Fiber optic,Mailed check,No,No internet service,No,1,No,No,97.52,3313.46,0,3,0,1
CUS-102278,19,Month-to-month,Fiber optic,Mailed check,No,No,Yes,0,Yes,Yes,104.37,2293.12,2,0,0,0
CUS-103561,38,One year,No,Bank transfer,Yes,Yes,No,0,No,Yes,53.52,2189.79,3,2,0,0
CUS-105892,23,Two year,Fiber optic,Electronic check,Yes,No,No,0,Yes,No,96.09,2596.04,1,0,0,0
CUS-104474,17,Month-to-month,No,Mailed check,Yes,Yes,No,0,No,Yes,54.89,625.37,2,1,0,0
CUS-106432,22,Two year,Fiber optic,Electronic check,Yes,No,No internet service,0,Yes,No,84.96,1672.18,3,2,0,0
CUS-104514,15,Two year,Fiber optic,Bank transfer,No,No internet service,No,0,Yes,No,103.5,1545.88,5,2,0,0
CUS-105794,44,Month-to-month,Fiber optic,Electronic check,Yes,Yes,No,0,No,Yes,88.83,3691.32,0,1,0,0
CUS-100391,25,Month-to-month,Fiber optic,Electronic check,No,No,No,1,Yes,No,119.8,2844.83,3,3,0,1
CUS-106736,31,Two year,Fiber optic,Credit card,No,No internet service,Yes,0,No,Yes,64.79,1948.4,0,2,0,0
CUS-105618,5,Two year,No,Electronic check,Yes,No internet service,No,0,No,No,58.71,222.43,1,3,0,1
CUS-105258,57,Month-to-month,Fiber optic,Electronic check,No,No internet service,Yes,1,No,Yes,85.33,5160.27,1,2,0,1
CUS-101495,16,Month-to-month,DSL,Bank transfer,Yes,Yes,No,0,Yes,No,69.59,1084.09,1,1,0,1
CUS-102695,10,One year,DSL,Electronic check,Yes,No,No,0,No,No,68.84,646.18,2,3,0,0
CUS-102027,17,Two year,Fiber optic,Mailed check,Yes,No internet service,No internet service,0,Yes,No,95.16,1849.23,3,1,0,0
CUS-105248,46,Month-to-month,No,Mailed check,Yes,Yes,No internet service,0,Yes,No,54.99,2336.58,4,2,0,0
CUS-105463,11,One year,Fiber optic,Mailed check,Yes,No internet service,Yes,0,Yes,No,82.15,1113.02,0,1,0,0
CUS-102568,15,Two year,No,Electronic check,No,No internet service,No,0,Yes,No,42.63,660.3,3,2,0,0
CUS-100064,18,Month-to-month,Fiber optic,Electronic check,Yes,No internet service,No,0,Yes,Yes,96.57,1330.01,1,3,0,1
CUS-103884,32,Month-to-month,Fiber optic,Electronic check,No,No,No,1,No,Yes,99.22,2631.44,3,2,0,1
CUS-102062,59,Month-to-month,Fiber optic,Electronic check,Yes,No,No,0,Yes,No,87.99,5364.69,3,6,0,0
CUS-105276,59,One year,Fiber optic,Bank transfer,Yes,No,No,1,No,No,107.53,6073.67,5,5,0,0
CUS-100492,34,Month-to-month,No,Electronic check,Yes,No,No,1,No,No,49.48,1645.6,1,2,1,0
CUS-100379,25,Month-to-month,No,Electronic check,Yes,No,No,1,No,Yes,77.04,2034.13,2,2,1,1
CUS-106331,21,Month-to-month,Fiber optic,Bank transfer,No,No,Yes,1,No,No,111.06,2505.74,3,1,0,1
CUS-104859,38,Two year,No,Mailed check,Yes,No internet service,No,0,No,No,58.81,2183.03,1,1,0,0
CUS-106360,16,Two year,DSL,Mailed check,No,No,No,0,Yes,No,43.73,749.53,0,5,0,0
CUS-103993,27,Month-to-month,Fiber optic,Electronic check,No,Yes,Yes,0,Yes,No,113.46,3088.43,3,0,0,0
CUS-104887,7,Month-to-month,DSL,Electronic check,No,No,No,0,Yes,Yes,39.36,342.66,3,1,1,1
CUS-101076,20,One year,Fiber optic,Credit card,Yes,No,Yes,0,No,No,95.07,1482.09,2,5,0,0
CUS-100878,22,Month-to-month,Fiber optic,Bank transfer,No,No,Yes,0,No,Yes,91.63,2024.73,4,1,0,1
CUS-100337,5,Month-to-month,No,Electronic check,Yes,No,No,0,No,Yes,57.75,28.88,3,3,0,0
CUS-106863,13,Month-to-month,No,Electronic check,Yes,No,Yes,0,Yes,No,50.35,332.12,1,1,0,0
CUS-106439,24,One year,No,Credit card,Yes,Yes,Yes,1,No,No,56.8,1516.67,0,1,0,0
CUS-101016,9,Month-to-month,DSL,Mailed check,Yes,No internet service,No,0,Yes,No,63.06,527.31,2,2,0,1
CUS-101275,33,Month-to-month,Fiber optic,Electronic check,Yes,Yes,No,0,Yes,No,104.18,3275.82,4,0,0,1
CUS-103798,4,Month-to-month,Fiber optic,Bank transfer,Yes,No,No internet service,0,Yes,No,119.83,77.67,5,1,0,1
CUS-104551,11,Month-to-month,Fiber optic,Electronic check,No,No,No,0,Yes,Yes,77.48,628.39,2,2,0,0
CUS-103342,28,Month-to-month,Fiber optic,Bank transfer,Yes,No internet service,No,0,No,Yes,77.02,2177.04,4,1,0,1
CUS-104911,21,Month-to-month,DSL,Credit card,Yes,Yes,No internet service,0,Yes,Yes,80.22,1800.19,5,3,0,0
CUS-106413,20,Two year,Fiber optic,Mailed check,Yes,Yes,No,1,No,No,79.63,1715.99,4,3,1,1
CUS-100995,9,Month-to-month,Fiber optic,Electronic check,No,No internet service,No,0,No,No,108.71,1147.18,4,2,0,0
CUS-101981,49,Month-to-month,DSL,Mailed check,Yes,Yes,No internet service,0,No,Yes,74.39,3435.82,2,2,0,0
CUS-104297,30,Month-to-month,DSL,Bank transfer,Yes,No,Yes,0,No,No,56.99,1347.8,1,0,0,1
CUS-100161,48,Month-to-month,Fiber optic,Credit card,No,No,No,0,No,No,96.47,4758.41,3,4,0,1
CUS-105675,28,One year,Fiber optic,Credit card,No,No,Yes,1,No,No,88.79,2461.04,2,1,0,1
CUS-106873,14,Two year,No,Bank transfer,Yes,No internet service,No internet service,0,Yes,No,76.23,1238.9,3,2,0,0
CUS-106545,48,Two year,DSL,Credit card,Yes,Yes,No,1,Yes,No,77.58,3387.08,2,2,0,0
CUS-104798,69,Month-to-month,No,Electronic check,No,No internet service,No,0,No,No,29.95,1985.52,1,0,0,0
CUS-101500,7,One year,Fiber optic,Credit card,No,Yes,Yes,0,No,No,106.26,744.85,3,4,0,0
CUS-103843,69,Month-to-month,No,Credit card,Yes,No,Yes,0,No,No,43.63,3245.92,3,0,0,0
CUS-105225,6,Two year,DSL,Electronic check,Yes,No internet service,Yes,0,No,No,49.06,190.14,0,0,0,0
CUS-102613,21,Month-to-month,DSL,Electronic check,Yes,No,No internet service,0,Yes,No,35.59,670.89,0,1,0,0
CUS-103461,60,Month-to-month,DSL,Bank transfer,Yes,No,No,0,Yes,Yes,37.17,2289.99,0,2,1,0
CUS-101021,15,One year,No,Credit card,Yes,No,No,0,No,No,50.93,925.47,5,3,0,0
CUS-103073,24,One year,DSL,Bank transfer,No,No,No internet service,1,Yes,No,58.45,1320.73,3,2,0,0
CUS-103943,5,Month-to-month,No,Mailed check,Yes,Yes,Yes,0,No,No,65.18,448.44,2,1,0,1
CUS-101585,21,Two year,DSL,Credit card,Yes,No,No,0,No,Yes,79.2,2120.37,2,3,0,0
CUS-101955,56,Month-to-month,No,Electronic check,Yes,Yes,No,1,No,No,58.96,3213.69,2,0,0,0
CUS-103152,49,Month-to-month,No,Bank transfer,Yes,Yes,Yes,0,No,No,69.13,3360.19,5,0,0,0
CUS-106349,15,Month-to-month,DSL,Electronic check,No,Yes,No,1,No,Yes,65.28,819.85,5,3,0,0
CUS-100034,8,Month-to-month,DSL,Bank transfer,Yes,No,No,1,Yes,Yes,40.95,346.97,5,1,1,0
CUS-104014,40,Two year,DSL,Electronic check,Yes,No internet service,No,0,No,No,68.7,2702.33,5,2,0,0
CUS-100775,27,Two year,Fiber optic,Bank transfer,No,No,Yes,1,Yes,Yes,77.95,2385.41,2,1,0,0
CUS-102556,16,Month-to-month,Fiber optic,Bank transfer,No,No internet service,No,0,Yes,Yes,94.98,1729.88,0,0,0,0
CUS-101478,21,One year,DSL,Mailed check,Yes,Yes,Yes,1,No,No,45.99,892.15,0,0,0,0
CUS-105486,64,Two year,DSL,Credit card,Yes,No,No internet service,0,Yes,No,44.71,2829.15,2,0,0,0
CUS-106235,9,Two year,No,Credit card,Yes,No,No,0,No,No,52.83,540.34,0,2,0,0
CUS-101363,18,One year,Fiber optic,Electronic check,Yes,Yes,No,0,Yes,No,73.26,1251.9,4,2,1,1
CUS-102612,27,One year,DSL,Bank transfer,Yes,No internet service,Yes,0,Yes,No,51.97,1068.09,1,4,0,0
CUS-102824,31,Month-to-month,DSL,Credit card,Yes,Yes,No,0,Yes,Yes,57.4,1579.24,4,1,0,0
CUS-102041,52,Month-to-month,Fiber optic,Credit card,Yes,Yes,No,0,Yes,No,72.18,4104.13,0,4,0,1
CUS-100241,25,Two year,DSL,Mailed check,No,No internet service,No,0,No,No,64.2,1754.84,2,1,0,0
CUS-102061,16,Two year,No,Credit card,No,Yes,No,0,No,No,63.99,1070.38,3,3,0,0
CUS-102363,42,Month-to-month,No,Electronic check,Yes,Yes,No,0,No,No,71.77,3086.96,4,2,0,1
CUS-100600,10,Month-to-month,Fiber optic,Credit card,No,No,Yes,1,Yes,No,96.41,1168.16,2,1,0,1
CUS-102435,37,Month-to-month,Fiber optic,Electronic check,No,No,No internet service,0,No,No,73.32,3076.16,1,3,0,0
CUS-105393,14,Month-to-month,No,Credit card,Yes,No internet service,Yes,0,Yes,No,79.88,873.51,3,4,0,0
CUS-106310,31,Month-to-month,No,Credit card,Yes,No internet service,Yes,0,No,No,84.96,2416.29,4,4,0,0
CUS-102888,10,Month-to-month,Fiber optic,Bank transfer,No,Yes,Yes,0,Yes,Yes,106.5,1203.51,3,5,0,1
CUS-106164,15,Month-to-month,No,Bank transfer,Yes,No internet service,No,0,No,No,45.65,845.05,2,2,0,1
CUS-100646,17,Month-to-month,Fiber optic,Electronic check,Yes,Yes,Yes,0,Yes,No,124.65,1858.43,4,2,0,0
CUS-103890,68,Month-to-month,DSL,Bank transfer,Yes,No,No,0,No,Yes,28.74,2000.02,1,0,0,0
CUS-103556,44,Month-to-month,Fiber optic,Mailed check,No,No internet service,No internet service,0,Yes,Yes,100.47,4739.31,4,2,0,0
CUS-103202,56,One year,Fiber optic,Mailed check,Yes,No,Yes,0,No,Yes,88.95,5068.91,4,1,0,0
CUS-101528,16,Month-to-month,Fiber optic,Electronic check,No,No internet service,No internet service,1,Yes,No,161.13,3473.96,4,1,0,1
CUS-101267,64,Month-to-month,Fiber optic,Credit card,No,No,No internet service,1,Yes,No,129.55,7929.77,3,4,0,1
CUS-101899,29,One year,Fiber optic,Electronic check,Yes,Yes,No,0,No,No,94.84,2413.94,1,2,0,0
CUS-104658,21,Month-to-month,Fiber optic,Credit card,Yes,No internet service,Yes,0,Yes,Yes,116.23,2650.54,3,4,0,0
CUS-103005,20,Two year,Fiber optic,Electronic check,No,No,No,0,No,No,107.23,2068.82,3,1,0,0
CUS-102734,72,Two year,Fiber optic,Electronic check,No,Yes,No,0,Yes,Yes,91.49,6799.25,3,3,0,0
CUS-100189,72,One year,Fiber optic,Bank transfer,No,No,No,0,Yes,No,82.46,6144.0,1,0,1,0
CUS-101806,70,Month-to-month,Fiber optic,Bank transfer,No,Yes,No,0,No,No,102.51,6828.56,4,4,0,1
CUS-100975,23,Month-to-month,DSL,Credit card,No,Yes,No,0,Yes,Yes,59.08,1562.66,3,2,0,0
CUS-102747,6,Month-to-month,No,Electronic check,Yes,No,No,1,No,No,60.66,189.65,3,0,0,0
CUS-102047,21,Month-to-month,No,Mailed check,No,No,Yes,0,No,Yes,56.99,1422.16,1,1,0,0
CUS-102558,15,One year,Fiber optic,Credit card,No,Yes,Yes,0,Yes,No,94.56,1466.04,4,1,0,0
CUS-101082,23,Month-to-month,Fiber optic,Mailed check,No,No internet service,No,0,No,No,107.47,2315.08,1,3,1,0
CUS-100474,31,Month-to-month,Fiber optic,Mailed check,No,Yes,No,0,Yes,Yes,78.69,2129.74,2,2,0,0
CUS-102904,47,One year,Fiber optic,Bank transfer,No,No,No,0,Yes,Yes,111.4,5114.62,3,3,0,0
CUS-104843,46,Month-to-month,DSL,Credit card,Yes,No,No,0,No,No,21.85,1058.31,0,0,0,0
CUS-106396,28,Two year,Fiber optic,Bank transfer,Yes,No internet service,Yes,0,No,Yes,86.77,2067.96,2,3,0,0
CUS-104117,10,Month-to-month,Fiber optic,Mailed check,No,No,No internet service,0,No,No,65.85,1002.81,3,1,0,1
CUS-103385,6,Month-to-month,No,Mailed check,Yes,Yes,No,0,Yes,No,79.18,724.86,4,3,1,1
CUS-104555,29,Month-to-month,No,Electronic check,No,No,Yes,0,No,No,60.71,1496.89,1,0,0,0
CUS-101184,12,Month-to-month,DSL,Credit card,Yes,No,No,0,No,Yes,35.93,515.21,0,1,0,0
CUS-106420,16,One year,DSL,Electronic check,No,No,No,0,Yes,No,41.74,706.72,0,1,0,0
CUS-105051,14,Two year,Fiber optic,Mailed check,Yes,No internet service,No,0,Yes,Yes,122.26,1568.57,3,4,0,0
CUS-105311,18,Two year,DSL,Credit card,No,Yes,No,0,No,No,52.89,1090.89,2,1,0,1
CUS-102433,29,Two year,DSL,Credit card,Yes,Yes,No internet service,0,Yes,No,66.83,1669.72,4,3,0,0
CUS-106949,25,Month-to-month,Fiber optic,Electronic check,Yes,No,No,0,Yes,Yes,114.93,3339.42,4,1,1,1
CUS-105611,62,Month-to-month,No,Electronic check,Yes,No internet service,No internet service,0,Yes,Yes,52.82,3177.55,1,0,0,0
CUS-102391,24,Month-to-month,Fiber optic,Credit card,Yes,Yes,No,0,No,No,74.65,1781.53,5,0,0,1
CUS-100769,33,Two year,DSL,Electronic check,No,No,Yes,0,Yes,No,52.35,1836.87,4,1,0,0
CUS-101685,11,Two year,Fiber optic,Bank transfer,No,No,No,0,No,No,96.36,1019.43,5,2,0,0
CUS-100130,22,Month-to-month,DSL,Electronic check,Yes,No,No,0,No,No,59.53,1427.82,2,1,0,0
CUS-102919,42,Month-to-month,Fiber optic,Credit card,Yes,No,No,0,No,No,71.79,2597.64,1,0,0,1
CUS-103171,10,Month-to-month,DSL,Electronic check,Yes,Yes,Yes,0,Yes,No,55.8,802.79,5,0,0,0
CUS-103444,5,Month-to-month,No,Electronic check,Yes,No,No,0,Yes,Yes,91.22,632.28,2,3,0,1
CUS-106231,12,Month-to-month,DSL,Electronic check,No,Yes,No,0,No,No,92.97,1083.79,5,2,0,1
CUS-105578,72,One year,No,Bank transfer,Yes,Yes,No,0,No,Yes,97.36,6530.18,4,2,0,1
CUS-104426,57,Two year,DSL,Mailed check,No,No,Yes,0,Yes,No,53.39,3149.52,2,5,0,0
CUS-105334,12,Month-to-month,Fiber optic,Electronic check,Yes,No internet service,No,0,Yes,Yes,92.85,1022.48,0,1,0,1
CUS-100466,21,Two year,Fiber optic,Credit card,Yes,No internet service,No internet service,0,No,No,46.71,1176.11,2,0,0,0
CUS-106265,60,Month-to-month,No,Credit card,No,Yes,No,0,No,No,76.25,4316.76,4,1,0,0
CUS-105734,33,Month-to-month,No,Electronic check,No,No,No,0,No,No,67.38,2650.42,3,1,0,0
CUS-103092,61,Month-to-month,Fiber optic,Electronic check,Yes,Yes,No internet service,0,No,Yes,115.02,6689.18,4,5,0,0
CUS-103772,24,Two year,DSL,Electronic check,Yes,Yes,Yes,0,Yes,No,39.28,898.25,0,0,0,0
CUS-105191,13,Month-to-month,DSL,Electronic check,Yes,No,No,1,No,No,52.99,686.3,5,0,0,0
CUS-105226,26,Month-to-month,No,Bank transfer,No,No internet service,No,0,Yes,No,33.79,963.33,0,1,1,0
CUS-105390,33,One year,DSL,Bank transfer,Yes,No,No,1,Yes,Yes,51.32,1713.38,1,0,0,0
CUS-100860,25,Month-to-month,Fiber optic,Electronic check,No,No internet service,Yes,0,No,No,92.06,2279.21,1,1,0,0
